683325,81.09438709677413,5,0.7450735553540597,0.7968000000000001,329.0
683326,-247.15909677419452,30,0.6517721559654677,0.7936128,1200.0
683327,41.80954838709685,30,0.7423572000585841,0.7904383488,530.0
683328,31.127354838709707,3,0.6187334949046979,0.7872765954048,145.0
683329,144.9761935483876,30,0.8673645139312076,0.7841274890231809,911.0
683330,132.5591612903224,31,0.9129347420889076,0.7809909790670881,708.0
683331,122.76516129032281,31,0.9904150211627378,0.7778670151508198,657.0
683332,73.97438709677422,13,0.856268431760214,0.7747555470902165,336.0
683333,111.89509677419395,22,0.948716378939556,0.7716565249018555,520.0
683334,73.7964516129034,5,0.9166877282027346,0.7685698988022481,226.0
683335,59.968258064516185,15,0.8231059305386276,0.7654956192070391,289.0
683336,49.79909677419368,31,0.8395784680472498,0.762433636730211,466.0
683337,251.93509677419328,22,1.0888994968108456,0.7593839021832902,841.0
683338,393.82754838710406,22,1.1406428571428826,0.756346366574557,1200.0
683339,354.08864516129916,25,1.0660283430026811,0.7533209811082587,1200.0
683340,39.45167741935484,5,0.7052022888701035,0.7503076971838257,165.0
683341,135.1904516129033,31,1.0587845280025008,0.7473064663950905,557.0
683342,346.521677419364,28,1.1017712424466328,0.7443172405295101,1200.0
683343,337.02670967741125,28,1.1264184531965449,0.7413399715673921,1200.0
683344,209.7316774193558,25,1.0350462359217667,0.7383746116811225,723.0
683345,0.0,1,0.0,0.8,56.0
683346,220.66929032258108,26,1.0754514069310592,0.7324794287814603,765.0
683347,0.0,1,0.0,0.8,96.0
683348,254.31496774193485,23,1.0765547871728063,0.7266313130220692,820.0
683349,209.6164516129033,29,1.0726174749221384,0.723724787769981,757.0
683350,370.22967741934895,30,1.129594858936207,0.720829888618901,1200.0
683351,161.47722580645151,14,1.0002188867838193,0.7179465690644253,539.0
683352,373.06316129033155,23,1.1474310954681683,0.7150747827881676,1200.0
683353,231.85677419354784,31,1.0921853555048977,0.712214483657015,887.0
683354,65.02529032258055,8,0.8621221102548875,0.7093656257223869,241.0
683355,273.41858064515753,30,1.0888095238095064,0.7065281632194974,1200.0
683356,376.89296774193815,29,1.1456231915386037,0.7037020505666194,1200.0
683357,189.8312903225807,28,1.0866232573193613,0.7008872423643528,660.0
683358,189.08993548386954,27,1.089449406142105,0.6980836933948955,707.0
683359,217.1664516129033,29,1.1113354546314549,0.6952913586213159,765.0
683360,93.94470967741927,15,0.9825706666829216,0.6925101931868306,335.0
683361,153.34658064516185,29,1.0221837812619357,0.6897401524140833,647.0
683362,0.0,1,0.0,0.8,80.0
683363,54.30322580645179,5,0.8472164401763608,0.6842332670372092,190.0
683364,160.57509677419284,26,1.0809523808957437,0.6814963339690605,600.0
683365,166.1423870967742,25,0.9510853885528167,0.6787703486331842,614.0
683366,110.41354838709677,31,1.0634842467063381,0.6760552672386515,451.0
683367,160.26296774193483,28,1.0658253637915047,0.6733510461696968,583.0
683368,343.7346451612883,25,1.117603376055069,0.6706576419850181,1200.0
683369,322.2767096774152,29,1.130977178941679,0.667975011417078,1200.0
683370,321.626064516123,24,1.109809857600236,0.6653031113714096,1200.0
683371,205.30045161290266,27,1.0783397683397795,0.6626418989259241,740.0
683372,131.42709677419322,31,1.0613552909422757,0.6599913313302204,538.0
683373,0.0,1,0.0,0.8,172.0
683374,213.32354838709657,31,1.1189863210478987,0.6547219605408798,700.0
683375,289.1425161290328,30,1.132276964900705,0.6521030726987163,947.0
683376,191.72258064516092,28,1.0904908938263778,0.6494946604079215,634.0
683377,160.41451612903217,27,1.0666190476190514,0.6468966817662898,600.0
683378,129.80638709677393,28,1.0446736351088863,0.6443090950392246,527.0
683379,175.7270322580651,29,1.0813742423497392,0.6417318586590677,696.0
683380,208.01051612903277,29,1.0976459837616166,0.6391649312244314,692.0
683381,58.293161290322516,8,0.831155422994799,0.6366082714995337,262.0
683382,331.7111612903315,26,1.1459761905780117,0.6340618384135356,1200.0
683383,122.20309677419391,26,1.063278586922833,0.6315255910598814,461.0
683384,250.48464516128905,23,1.1177663033084881,0.6289994886956419,747.0
683385,81.71600000000018,28,0.9096060788046317,0.6264834907408594,392.0
683386,0.0,1,0.0,0.8,106.0
683387,330.1185806451605,30,1.1294564067827073,0.6214816465507843,1062.0
683388,151.2990967741932,30,1.0532352194874552,0.6189957199645812,563.0
683389,205.47799999999944,29,1.139420258918814,0.6165197370847229,653.0
683390,141.5949677419348,29,1.0620535714285684,0.6140536581363839,512.0
683391,118.43735483871016,25,1.0585382252525215,0.6115974435038384,430.0
683392,97.20858064516116,11,0.9443638630514815,0.609151053729823,314.0
683393,257.2004516129031,31,1.1094037813930318,0.6067144495149037,852.0
683394,0.0,1,0.0,0.8,1200.0
683395,300.1870967741918,26,1.1200867444444225,0.6018704413499768,1054.0
683396,91.82387096774202,3,0.9833520781652961,0.5994629595845768,254.0
683397,209.4269032258065,27,1.0968574292131068,0.5970651077462386,741.0
683398,105.29554838709723,7,0.9252468286515154,0.5946768473152536,316.0
683399,41.18129032258058,3,0.6245041855130596,0.5922981399259926,180.0
683400,183.6043870967739,26,1.1108170038731977,0.5899289473662885,626.0
683401,353.1535483871089,29,1.1391428571465991,0.5875692315768234,1200.0
683402,158.05729032258049,9,0.9772893409921914,0.5852189546505161,468.0
683403,184.88051612903277,27,1.1073518564084754,0.5828780788319141,581.0
683404,245.54012903225663,22,1.1131566751405697,0.5805465665165864,735.0
683405,335.89574193547975,29,1.1592417968343263,0.57822438025052,1200.0
683406,43.77032258064515,5,0.7518796893371603,0.575911482729518,171.0
683407,177.0072258064512,30,1.0913369780025195,0.5736078367986,630.0
683408,334.50580645161443,29,1.1026402416581749,0.5713134054514055,1050.0
683409,147.09335483871027,29,1.0805119439340563,0.5690281518295999,587.0
683410,338.3183225806426,27,1.1195925705540872,0.5667520392222815,983.0
683411,364.8078709677338,25,1.1554761926463664,0.5644850310653923,1200.0
683412,112.93819354838716,5,0.9053288240412452,0.5622270909411308,328.0
683413,172.4594838709681,30,1.0034647563271348,0.5599781825773662,683.0
683414,0.0,1,0.0,0.8,84.0
683415,156.2181290322585,27,1.0809194265942637,0.5555073167676685,578.0
683416,82.67019354838718,9,0.9076404208506895,0.5532852875005979,267.0
683417,197.41367741935508,24,1.1056632275033411,0.5510721463505955,609.0
683418,458.71135483870756,10,1.14214285355466,0.5488678577651931,1200.0
683419,136.4309677419358,19,1.0233434936925137,0.5466723863341323,473.0
683420,49.51199999999996,7,0.8202758648879362,0.5444856967887958,186.0
683421,348.7735483870952,31,1.1288833398731997,0.5423077540016407,1145.0
683422,0.0,1,0.0,0.8,61.0
683423,272.8513548387097,25,1.095125944702947,0.5379779688936915,788.0
683424,0.0,1,0.0,0.8,1200.0
683425,406.3976129032218,13,1.122332653607159,0.5336827527900443,1200.0
683426,323.18264516129483,29,1.148642883698018,0.531548021778884,1200.0
683427,381.79580645161724,20,1.1453095238095485,0.5294218296917685,1200.0
683428,370.9403870967787,24,1.1351428385862168,0.5273041423730015,1200.0
683429,189.74380645161403,23,1.0734186955454148,0.5251949258035095,626.0
683430,144.63993548387077,11,0.9400612940892265,0.5230941461002954,511.0
683431,340.7688387096798,30,1.130751190476211,0.5210017695158943,1200.0
683432,343.032258064524,28,1.137476078611957,0.5189177624378306,1200.0
683433,175.82477419354865,30,1.0453249900593162,0.5168420913880793,671.0
683434,180.1270322580649,27,1.0874092009685263,0.514774723022527,590.0
683435,209.86690322580597,16,1.0836494597495694,0.5127156241304369,595.0
683436,152.2365161290323,30,1.0374940697200539,0.5106647616339152,602.0
683437,301.3769032258085,29,1.0891762350110588,0.5086221025873795,1200.0
683438,361.7124516129096,26,1.1296428849345297,0.50658761417703,1200.0
683439,366.3096129032341,20,1.145309523809548,0.5045612637203218,1200.0
683440,206.47070967741914,25,1.1106401017380338,0.5025430186654406,674.0
683441,358.0726451612978,26,1.1444761904762148,0.5005328465907788,1200.0
683442,135.63509677419339,14,1.0121947423036957,0.49853071520441566,413.0
683443,323.2255483870925,29,1.141003101048207,0.49653659234359804,1000.0
683444,343.68929032257637,29,1.1604761904762169,0.4945504459742236,1200.0
683445,59.26645161290306,6,0.5890388924362122,0.49257224419032675,297.0
683446,60.504774193548236,3,0.7910801393728211,0.4906019552135654,205.0
683447,229.69445161290332,24,1.102849282766762,0.48863954739271115,727.0
683448,76.00038709677436,3,0.7945479869484029,0.4866849892031403,244.0
683449,80.4698064516127,11,0.9175129909881431,0.4847382492463277,301.0
683450,108.59993548387101,13,1.0064818763326167,0.4827992962493425,335.0
683451,57.56632258064497,2,0.74485714285714,0.4808680990643451,200.0
683452,335.4154193548382,25,1.0951729793413156,0.4789446266680877,1001.0
683453,194.3559354838715,29,1.0996648548469863,0.47702884816141533,682.0
683454,-7.3620000000000125,5,0.6701088621875264,0.47512073276876965,160.0
683455,361.39883870967196,29,1.1609854974264975,0.4732202498376946,1200.0
683456,318.3964516128944,30,1.1286989519079462,0.47132736883834386,1200.0
683457,173.49999999999972,28,1.0729839674563322,0.46944205936299044,597.0
683458,414.209161290317,16,1.1301428571428809,0.4675642911255385,1200.0
683459,150.70845161290276,31,1.1022335970218766,0.46569403396103626,614.0
683460,218.23412903225832,31,1.102010541167805,0.4638312578251922,752.0
683461,308.7227096774142,31,1.1314761903044595,0.4619759327938914,1200.0
683462,28.956774193548366,2,0.5227111842105266,0.4601280290627158,114.0
683463,404.5766451612799,11,1.1092965248108722,0.4582875169464649,1200.0
683464,187.24503225806538,25,1.049515983031609,0.45645436687867913,622.0
683465,228.8474193548382,27,1.10983509283823,0.4546285494111644,719.0
683466,376.57432258065563,29,1.1541431294910034,0.4528100352135197,1200.0
683467,349.2949032258071,23,1.1303095238095486,0.45099879507266566,1200.0
683468,407.6688387096839,15,1.1333095238095474,0.449194799892375,1200.0
683469,355.27974193548374,25,1.1534975575667936,0.44739802069280543,1200.0
683470,156.83787096774222,27,1.0824710424710422,0.44560842861003425,555.0
683471,217.3761290322591,28,1.106695848921022,0.4438259948955941,743.0
683472,164.48567741935435,26,1.1051367237413765,0.4420506909160118,559.0
683473,180.80361290322548,23,1.0779351740696304,0.44028248815234766,595.0
683474,314.81858064516325,28,1.157355137900023,0.4385213581997383,1200.0
683475,139.1302580645165,22,1.088139635723936,0.43676727276693933,483.0
683476,274.7610967741929,26,1.0862220328969736,0.4350202036758716,844.0
683477,165.21438709677392,12,1.0662573582929464,0.43328012286116807,449.0
683478,39.42206451612907,19,0.8081634511413016,0.43154700236972343,217.0
683479,239.95580645161377,29,1.0999654927503373,0.42982081436024455,828.0
683480,127.51980645161322,27,1.0296034771167026,0.4281015311028036,526.0
683481,253.1467096774195,24,1.1062687621402223,0.4263891249783924,809.0
683482,342.0805161290435,29,1.1524761904762204,0.4246835684784787,1200.0
683483,86.96193548387113,11,0.9088062622309162,0.42298483420456484,292.0
683484,182.5024516129033,23,1.0593431958906636,0.42129289486774657,596.0
683485,409.0298064516241,16,1.1414761904762145,0.41960772328827556,1200.0
683486,146.27516129032185,29,1.114399281079766,0.41792929239512255,524.0
683487,115.16399999999993,19,0.99456445993031,0.416257575225542,410.0
683488,359.1921935483871,26,1.1527654378427263,0.41459254492463987,1200.0
683489,51.269290322580616,4,0.6911674875000012,0.4129341747449413,190.0
683490,23.46045161290318,27,0.7522518118932863,0.4112824380459615,285.0
683491,231.5877419354844,22,1.088057542454813,0.40963730829377765,706.0
683492,102.84838709677388,10,0.9782925783174311,0.40799875906060257,333.0
683493,352.65425806451697,29,1.1186428783927689,0.4063667640243601,1200.0
683494,55.84929032258049,30,0.8868685882560718,0.4047412969682627,375.0
683495,173.56916129032248,29,1.0872536643377018,0.4031223317803896,651.0
683496,184.70574193548418,28,1.1155380601783735,0.40150984245326815,616.0
683497,232.03496774193712,29,1.115628496829581,0.39990380308345497,766.0
683498,340.92425806451723,26,1.1448095238095484,0.3983041878711212,1200.0
683499,81.73896774193582,10,0.9441909594495911,0.3967109711196367,278.0
683500,94.34522580645124,9,0.969930289759588,0.39512412723515816,327.0
683501,84.76625806451659,26,1.0072434607645833,0.3935436307262175,355.0
683502,201.6083225806458,30,1.1068162467211378,0.3919694562033127,648.0
683503,326.96780645161135,28,1.120053795576821,0.39040157837849937,956.0
683504,160.85277419354824,30,1.0730841819837624,0.3888399720649854,588.0
683505,135.74103225806502,28,1.0567132116004285,0.3872846121767255,532.0
683506,365.99225806451693,29,1.1601314284727051,0.38573547372801853,1200.0
683507,116.06632258064495,31,1.0497533561787384,0.3841925318331065,478.0
683508,140.46741935483877,24,1.0830069124423929,0.38265576170577403,496.0
683509,367.5183225806422,24,1.1274761904762147,0.3811251386589509,1200.0
683510,133.95064516129068,25,1.005237125400054,0.37960063810431516,491.0
683511,151.10109677419385,21,1.026971869829008,0.3780822355518979,518.0
683512,222.21703225806402,29,1.109005804197228,0.3765699066096903,763.0
683513,0.0,1,0.0,0.8,1200.0
683514,202.8501290322584,30,1.0586746993054086,0.3735633724753185,671.0
683515,224.79774193548448,28,1.1288666408837429,0.3720691189854173,754.0
683516,393.19245161290974,21,1.1203095238095298,0.3705808425094756,1200.0
683517,137.99451612903218,19,1.0487659927513902,0.36909851913943764,483.0
683518,372.01419354839425,29,1.1611428571428473,0.36762212506287995,1200.0
683519,274.50896774193404,27,1.0969747378842676,0.3661516365626284,877.0
683520,368.1014193548375,28,1.1476628251920706,0.36468703001637787,1082.0
683521,307.6880645161299,27,1.1469943837030407,0.3632282818963124,974.0
683522,109.74193548387125,15,1.0142857142857087,0.3617753687687271,348.0
683523,338.87670967741326,25,1.1056428575106911,0.3603282672936522,1200.0
683524,155.04309677419343,10,1.0451996040910523,0.3588869542244776,433.0
683525,40.2970322580645,4,0.7258599937500014,0.3574514064075797,140.0
683526,302.613806451611,31,1.1311428571428825,0.3560216007819494,1200.0
683527,185.94477419354814,28,1.125513464171619,0.3545975143788216,626.0
683528,409.28987096773204,14,1.1446450992386412,0.35317912432130627,1200.0
683529,37.0047741935484,4,0.691584041350505,0.351766407824021,146.0
683530,120.85122580645104,31,1.093991648458553,0.35035934219272497,504.0
683531,349.53554838708976,29,1.1503094139582044,0.34895790482395406,1200.0
683532,139.16825806451575,31,1.0472004186913166,0.34756207320465826,546.0
683533,211.92070967741932,25,1.03402229562346,0.3461718249118396,692.0
683534,140.49806451612892,16,1.0207332490518182,0.34478713761219226,452.0
683535,316.7665806451622,28,1.1147216974277183,0.34340798906174347,983.0
683536,340.7014193548408,27,1.1419880499728623,0.3420343571054965,1052.0
683537,196.30103225806505,16,1.079616274353446,0.3406662196770745,603.0
683538,54.970064516129064,6,0.8651163470506399,0.33930355479836627,186.0
683539,315.8560000000056,29,1.1518095238095498,0.3379463405791727,1200.0
683540,0.0,1,0.0,0.8,85.0
683541,326.35303225806746,26,1.0988687685870573,0.33524817699598863,954.0
683542,140.42354838709642,21,1.058900754808028,0.3339071842880047,471.0
683543,378.90045161289873,22,1.1503095244628185,0.33257155555085266,1200.0
683544,200.24561290322598,31,1.1121825676108963,0.3312412693286493,720.0
683545,0.0,1,0.0,0.8,1200.0
683546,0.0,1,0.0,0.8,79.0
683547,182.25290322580645,25,1.0460317460320827,0.327282252478192,612.0
683548,211.16341935483825,26,1.0776557059963165,0.3259731234682792,707.0
683549,122.56554838709675,25,0.9831673824374776,0.32466923097440614,497.0
683550,343.0236774193539,27,1.1213095238095478,0.3233705540505085,1200.0
683551,202.4618709677415,26,1.0881234153685397,0.32207707183430645,676.0
683552,152.70290322580615,28,1.0596186591959609,0.3207887635469692,571.0
683553,379.3549677419321,18,1.1451429237815596,0.31950560849278137,1200.0
683554,170.04877419354773,27,1.0935278889150446,0.3182275860588102,607.0
683555,130.5055483870966,16,1.0402141184342533,0.316954675714575,427.0
683556,168.7992258064516,10,1.0420725356345704,0.31568685701171667,451.0
683557,334.51825806450927,31,1.1583014707323172,0.3144241095836698,1200.0
683558,362.93703225806604,20,1.1304972787206207,0.3131664131453351,1068.0
683559,348.34832258063693,25,1.1466428260957051,0.3119137474927538,1200.0
683560,-130.78496774193658,31,0.7342652135255673,0.31066609250278276,1200.0
683561,158.0059354838709,31,1.0903850931677084,0.3094234281327717,575.0
683562,130.24038709677433,9,0.9624001331259413,0.30818573442024055,385.0
683563,334.76625806452097,30,1.1187514932138112,0.3069529914825596,1200.0
683564,196.4034838709681,23,1.074672186147762,0.30572517951662936,621.0
683565,181.09477419354917,30,1.0443644544441977,0.30450227879856284,635.0
683566,209.25941935483792,31,1.0828329437270308,0.3032842696833686,751.0
683567,177.77374193548428,30,1.110643681613734,0.3020711326046351,627.0
683568,0.0,1,0.0,0.8,1200.0
683569,150.22283870967766,30,1.0890391081392956,0.29965939668191965,550.0
683570,213.70496774193614,26,1.1084112298518112,0.298460759095192,695.0
683571,243.4729032258069,29,1.123787750283568,0.2972669160588112,816.0
683572,217.31154838709597,29,1.1176718659048086,0.296077848394576,734.0
683573,42.462064516129026,4,0.784767384463889,0.2948935370009977,147.0
683574,404.9601290322485,24,1.1471428571428814,0.29371396285299367,1200.0
683575,125.23148387096818,26,1.0872180451141062,0.2925391070015817,456.0
683576,71.82503225806465,6,0.907969587751543,0.2913689505735754,230.0
683577,219.21825806451596,24,1.0760261707945724,0.2902034747712811,694.0
683578,322.8261935483884,29,1.152813784969829,0.289042660872196,1200.0
683579,117.6861935483874,8,0.9939169830443845,0.2878864902287072,348.0
683580,105.30038709677359,8,0.9620070831410747,0.2867349442677924,322.0
683581,199.6225161290313,25,1.0784532760467884,0.2855880044907212,665.0
683582,209.19967741935474,29,1.1126026272564828,0.28444565247275827,696.0
683583,326.07877419354963,31,1.1168654646324756,0.28330786986286727,1030.0
683584,409.13393548386665,14,1.1433345746505028,0.2821746383834158,1200.0
683585,181.64716129032243,22,1.0220996508851197,0.28104593982988213,623.0
683586,359.7136774193511,26,1.1128095238098046,0.27992175607056263,1200.0
683587,168.4973548387094,30,1.0662053578464419,0.27880206904628035,640.0
683588,42.31729032258073,4,0.6341367759439431,0.27768686077009525,191.0
683589,240.83096774193504,27,1.1061385395156877,0.2765761133270148,761.0
683590,155.77354838709698,21,1.097209816716915,0.2754698088737068,512.0
683591,113.22135483871014,28,1.0609175377467999,0.27436792963821194,492.0
683592,235.6398709677411,29,1.1059389564732167,0.2732704579196591,764.0
683593,424.777290322589,23,1.151809481750622,0.2721773760879805,1200.0
683594,352.98374193549023,22,1.120531816140399,0.2710886665836285,1200.0
683595,95.7321290322582,6,0.9074913475087067,0.27000431191729407,287.0
683596,123.83548387096779,19,1.0478693186082018,0.2689242946696248,443.0
683597,116.1036774193548,31,1.0648847926267246,0.26784859749094636,465.0
683598,174.1897419354837,26,1.0872361315660308,0.2667772031009826,582.0
683599,127.56890322580666,26,1.098597021252417,0.2657100942885786,448.0
683600,240.4650967741925,29,1.1101408821188687,0.26464725391142435,766.0
683601,274.44445161290434,28,1.120230315340328,0.2635886648957786,918.0
683602,312.34883870967707,30,1.0548191174986734,0.2625343102361955,1200.0
683603,328.08458064516907,28,1.1758167334563607,0.26148417299525073,1200.0
683604,333.6344516128934,30,1.1735081250703197,0.26043823630326973,1200.0
683605,221.36412903225838,28,1.107831762146498,0.2593964833580566,788.0
683606,154.9758064516132,30,1.094800419768318,0.2583588974246244,544.0
683607,147.63761290322543,25,1.09815466228332,0.2573254618349259,478.0
683608,164.26348387096743,22,1.0511037807663037,0.2562961599875862,563.0
683609,324.95354838709443,28,1.1394761904762165,0.2552709753476358,1200.0
683610,379.93993548386493,22,1.1499761904762156,0.2542498914462453,1200.0
683611,360.6465806451626,25,1.1398095188178887,0.25323289188046033,1200.0
683612,149.4953548387095,6,0.8996690897557053,0.2522199603129385,452.0
683613,0.0,1,0.0,0.8,1200.0
683614,183.98316129032304,29,1.0914834360201018,0.25020623614980003,673.0
683615,478.4258064516198,4,1.1531191325911967,0.2492054112052008,1200.0
683616,312.5848387096725,31,1.1576428571428836,0.24820858956037997,1200.0
683617,253.55232258064524,31,1.0854816396908689,0.24721575520213845,870.0
683618,330.01948387096337,29,1.1491429107243538,0.2462268921813299,1200.0
683619,157.3747096774193,26,1.0870129870129899,0.24524198461260457,572.0
683620,355.67851612902564,26,1.1409762171303515,0.24426101667415417,1200.0
683621,315.9810322580672,31,1.1464761895681026,0.24328397260745757,1200.0
683622,169.9145806451606,29,1.1069540103798083,0.2423108367170277,643.0
683623,215.00283870967755,25,1.0651174984471197,0.24134159337015962,663.0
683624,300.5576774193506,31,1.126476190476215,0.240376226996679,1200.0
683625,68.9945806451612,4,0.8359043646217049,0.23941472208869224,215.0
683626,130.84103225806425,24,1.0711757269279343,0.23845706320033747,452.0
683627,237.16077419354752,31,1.1371137873448776,0.2375032349475361,786.0
683628,347.5555483870919,26,1.14131122987651,0.23655322200774598,1200.0
683629,257.47451612903325,29,1.1185197934630768,0.235607009119715,830.0
683630,194.78858064516248,21,1.1069843339924716,0.23466458108323615,602.0
683631,148.23722580645205,31,1.0979739579444516,0.23372592275890322,557.0
683632,167.08374193548346,21,1.0959782876881587,0.2327910190678676,579.0
683633,71.99212903225805,29,0.9840336164593794,0.23185985499159611,340.0
683634,172.6733548387098,30,1.1015045691463883,0.23093241557162975,618.0
683635,108.8596774193552,11,0.9384676595428398,0.2300086859093432,358.0
683636,318.7890322580606,30,1.1315327991622932,0.22908865116570581,1200.0
683637,193.19819354838685,19,1.0662635921979589,0.22817229656104301,570.0
683638,95.52716129032254,9,0.9711564403107715,0.22725960737479883,320.0
683639,383.9508387096829,18,1.153476190476215,0.22635056894529965,1200.0
683640,163.29980645161203,11,1.048513119037354,0.22544516666951844,504.0
683641,270.2981935483885,31,1.1288095251840484,0.22454338600284035,1200.0
683642,395.3921935483942,24,1.1539761904762231,0.22364521245882898,1200.0
683643,50.02606451612889,3,0.8094240590658848,0.2227506316089937,163.0
683644,269.60567741935523,21,1.1274029400677066,0.22185962908255774,758.0
683645,383.06670967742866,21,1.1351435340177605,0.22097219056622747,1200.0
683646,62.11348387096776,6,0.955958188153307,0.22008830180396255,205.0
683647,179.81109677419244,28,1.0997255069388499,0.21920794859674675,644.0
683648,327.79412903225926,31,1.1472666323093224,0.21833111680235973,1108.0
683649,252.0981935483869,17,1.1157938363732391,0.2174577923351503,682.0
683650,256.66516129032317,27,1.112785623260824,0.2165879611658097,819.0
683651,152.59503225806364,31,1.0918987988755475,0.21572160932114645,559.0
683652,311.6994193548489,28,1.1349768081475675,0.21485872288386187,1200.0
683653,374.58470967742244,26,1.1386428561820225,0.2139992879923264,1200.0
683654,205.28890322580608,30,1.1141651371153258,0.2131432908403571,711.0
683655,0.0,2,0.0,0.8,117.0
683656,211.4561290322574,8,1.046905183312262,0.2114415548062877,565.0
683657,321.9652258064516,29,1.1426428571435054,0.21059578858706254,1200.0
683658,258.59987096774285,23,1.1310237446472262,0.20975340543271428,734.0
683659,0.0,1,0.0,0.8,57.0
683660,313.86161290322997,29,1.0889761904762134,0.2080787342437395,1200.0
683661,124.21793548387095,31,1.0879215205395427,0.20724641930676457,466.0
683662,130.6734193548389,29,1.0582259483087,0.20641743362953746,501.0
683663,189.87980645161315,27,1.1066837497330846,0.20559176389501932,669.0
683664,92.29896774193561,9,0.8807881773339578,0.20476939683943926,319.0
683665,221.40935483870933,29,1.1179659668815036,0.20395031925208149,722.0
683666,395.0207741935351,23,1.156142857142827,0.20313451797507318,1200.0
683667,371.87522580645566,24,1.12381541045812,0.2023219799031729,1200.0
683668,22.784516129032255,2,0.27614173228346467,0.2015126919835602,127.0
683669,434.50077419354267,15,1.1227907546246265,0.20070664121562595,1200.0
683670,337.64303225805656,25,1.1484321053409645,0.19990381465076346,1200.0
683671,210.9265161290329,30,1.1134749012621579,0.1991041993921604,740.0
683672,130.45877419354858,29,1.0787929824361002,0.19830778259459175,482.0
683673,196.35180645161284,15,1.03805640968815,0.19751455146421337,593.0
683674,212.211419354839,31,1.0988026138405402,0.1967244932583565,692.0
683675,108.66277419354849,29,1.0388227513276145,0.1959375952853231,432.0
683676,175.9894838709682,27,1.1053532966583386,0.1951538449041818,551.0
683677,229.82116129032195,26,1.1417216378008905,0.19437322952456507,794.0
683678,169.62845161290275,25,1.052728174603176,0.1935957366064668,576.0
683679,310.63974193548137,28,1.1074761904770556,0.19282135366004094,1200.0
683680,478.84645161291235,4,1.1211347343814266,0.19205006824540077,1200.0
683681,174.91645161290225,29,1.1007742544627885,0.1912818679724192,609.0
683682,399.5775483870894,19,1.1371428571428808,0.1905167405005295,1200.0
683683,0.0,1,0.0,0.8,1200.0
683684,431.6065161290384,13,1.1436428727072956,0.18899565484437328,1200.0
683685,270.6065161290331,31,1.1359372889614219,0.18823967222499577,862.0
683686,127.62651612903193,28,1.0717439037764653,0.1874867135360958,468.0
683687,343.31470967741404,30,1.1569760463945467,0.1867367666819514,1200.0
683688,208.97883870967726,21,1.0681399406124663,0.1859898196152236,642.0
683689,138.22941935483925,17,1.0258562172169021,0.1852458603367627,463.0
683690,308.30000000000064,30,1.1079182855163054,0.18450487689541564,959.0
683691,0.0,1,0.0,0.8,71.0
683692,343.645032258058,29,1.1434761904762158,0.18303178995828265,1200.0
683693,37.73612903225809,5,0.7463901517867805,0.18229966279844953,147.0
683694,177.1889677419356,20,1.060849420849421,0.18157046414725572,555.0
683695,160.34567741935487,25,1.115289880049154,0.1808441822906667,541.0
683696,355.8439354838758,27,1.1599645735882163,0.18012080556150403,1200.0
683697,338.9782580645094,29,1.154309523847146,0.179400322339258,1200.0
683698,144.86980645161228,31,1.1047958263567046,0.178682721049901,557.0
683699,0.0,1,0.0,0.8,101.0
683700,330.4396129032328,30,1.118436592014664,0.1772561182050386,1200.0
683701,244.10290322580596,23,1.0664325966236285,0.17654709373221844,781.0
683702,0.0,1,0.0,0.8,1200.0
683703,129.69729032258041,24,1.0493183165382285,0.17513754173586038,482.0
683704,22.640516129032264,3,0.26171641791044786,0.17443699156891695,134.0
683705,336.2107096774228,30,1.140505739382609,0.17373924360264126,1200.0
683706,310.78935483870885,27,1.1140869071286712,0.1730442866282307,1006.0
683707,142.2274193548391,29,1.0860991655208256,0.17235210948171778,520.0
683708,128.76890322580627,15,0.9779665736732439,0.17166270104379092,437.0
683709,33.05316129032253,3,0.5901832964069219,0.17097605023961576,150.0
683710,212.8024516129034,26,1.046399903383517,0.17029214603865728,722.0
683711,272.82483870967803,29,1.135791054334978,0.16961097745450265,824.0
683712,355.28032258064167,30,1.120309523829461,0.16893253354468463,1200.0
683713,394.26090322579614,21,1.1501428571428784,0.16825680341050592,1200.0
683714,0.0,1,0.0,0.8,53.0
683715,78.32780645161321,29,1.0054380729767676,0.16691344109207643,397.0
683716,32.71122580645159,2,0.4970880546623082,0.16624578732770812,171.0
683717,275.69670967742,30,1.1246982430957522,0.1655808041783973,953.0
683718,92.48212903225829,18,0.9957439766261639,0.1649184809616837,335.0
683719,361.2918064516118,31,1.1477187950078571,0.16425880703783696,1200.0
683720,385.3469677419382,25,1.1491428571428823,0.1636017718096856,1200.0
683721,0.0,1,0.0,0.8,81.0
683722,173.27903225806526,25,1.0888422035480905,0.1622955752635571,612.0
683723,315.7040645161199,30,1.1223669296137657,0.16164639296250286,1200.0
683724,88.26832258064537,30,1.0666830959934699,0.16099980739065284,364.0
683725,197.3424516129031,31,1.1218842017149135,0.16035580816109024,676.0
683726,198.00232258064509,31,1.128419336684906,0.15971438492844586,657.0
683727,326.25393548387046,27,1.1421428572553252,0.1590755273887321,1200.0
683728,393.19516129032405,19,1.1339761904762145,0.15843922527917717,1200.0
683729,161.86503225806356,8,1.051820751924098,0.15780546837806045,446.0
683730,132.03509677419393,30,1.0454154317693838,0.1571742465045482,519.0
683731,218.29561290322619,25,1.0945808326618436,0.15654554951853,727.0
683732,183.18929032258032,29,1.075936357119474,0.1559193673204559,637.0
683733,228.80212903225853,31,1.075905757682338,0.15529568985117406,753.0
683734,142.10438709677402,10,0.9799785320403939,0.15467450709176936,441.0
683735,262.9662580645153,27,1.1019006754875318,0.1540558090634023,832.0
683736,191.5216129032261,29,1.0533700720644397,0.15343958582714867,674.0
683737,171.3087096774189,31,1.0994569067296431,0.1528258274838401,605.0
683738,104.43812903225806,29,1.027840531565353,0.15221452417390471,430.0
683739,197.0097419354836,31,1.1135703107533945,0.1516056660772091,639.0
683740,200.63761290322668,26,1.0582912744386432,0.15099924341290027,768.0
683741,107.32890322580631,11,1.0092857075572323,0.15039524643924868,320.0
683742,209.12890322580728,15,1.0284222689075653,0.14979366545349168,612.0
683743,0.0,1,0.0,0.8,1200.0
683744,204.03580645161264,30,1.130783024506886,0.14859771282851097,717.0
683745,218.75045161290257,30,1.112664092664101,0.14800332197719696,740.0
683746,204.628129032258,31,1.134133653461396,0.14741130868928817,714.0
683747,218.6678064516133,31,1.0931203007518826,0.14682166345453102,760.0
683748,61.35787096774189,11,0.9614355831479365,0.14623437680071288,203.0
683749,32.75987096774188,3,0.22000000000000042,0.14564943929351,147.0
683750,26.50025806451616,2,0.2921870503597122,0.14506684153633598,139.0
683751,59.70283870967722,6,0.8675324675324635,0.14448657417019065,198.0
683752,103.22393548387117,15,1.0087608524072549,0.14390862787350986,362.0
683753,196.18800000000016,27,1.0867069286027835,0.14333299336201585,690.0
683754,0.0,1,0.0,0.8,1200.0
683755,153.04748387096802,30,1.0841433481030671,0.1421886227430135,582.0
683756,417.3493548387145,17,1.1493095237320472,0.14161986825204145,1200.0
683757,202.2145161290327,17,1.0768752986144312,0.14105338877903328,598.0
683758,229.978838709678,28,1.1255866341279726,0.14048917522391716,761.0
683759,141.76000000000056,25,1.0308157244027245,0.13992721852302148,516.0
683760,30.641032258064513,3,0.6253967514900008,0.13936750964892938,125.0
683761,73.69212903225801,27,1.034413534865393,0.13881003961033367,313.0
683762,316.7242580645197,31,1.0754522945675478,0.13825479945189234,1200.0
683763,37.77716129032261,2,0.5957004374999991,0.13770178025408478,141.0
683764,325.28025806451694,26,1.0866142945876454,0.13715097313306843,1012.0
683765,259.18361290322554,31,1.1006754920247457,0.13660236924053615,913.0
683766,161.59270967741938,30,1.1185314372413773,0.136055959763574,580.0
683767,38.342580645161355,4,0.6484220231075521,0.1355117359245197,166.0
683768,257.78625806451583,31,1.115628192109094,0.13496968898082162,830.0
683769,162.89806451612856,19,1.077261200338119,0.13442981022489836,507.0
683770,-10.178000000000024,5,0.6628119504978821,0.13389209098399876,202.0
683771,161.23477419354754,16,1.0370016473856611,0.13335652262006276,506.0
683772,396.3878064516166,24,1.1469773841495026,0.13282309652958252,1200.0
683773,192.2464516129031,26,0.9918244406191935,0.13229180414346417,664.0
683774,65.97974193548393,4,0.7988432399406598,0.13176263692689033,233.0
683775,262.18167741935446,31,1.1115630638018843,0.13123558637918276,871.0
683776,331.21780645161914,28,1.061809675141395,0.13071064403366603,1200.0
683777,168.11490322580647,31,1.11233786904432,0.13018780145753137,598.0
683778,228.81503225806333,29,1.130732600838332,0.12966705025170125,780.0
683779,146.4589032258068,25,1.0904299583911223,0.12914838205069443,515.0
683780,229.43819354838658,25,1.1084915363373935,0.12863178852249166,715.0
683781,124.89864516129035,30,1.1251471761074554,0.1281172613684017,476.0
683782,428.6929032257976,15,1.1430703112424936,0.12760479232292807,1200.0
683783,158.29948387096758,9,0.9814614427615961,0.12709437315363636,453.0
683784,119.00393548387157,18,0.9964899964899916,0.12658599566102183,407.0
683785,78.15600000000005,4,0.8872078166717731,0.12607965167837773,245.0
683786,164.08870967741967,29,1.1050471964659117,0.1255753330716642,562.0
683787,143.22187096774238,29,1.0772789115646284,0.12507303173937756,525.0
683788,0.0,1,0.0,0.8,83.0
683789,120.79787096774199,30,1.0898916814580373,0.12407444865397038,500.0
683790,145.9747096774198,30,1.1082504768169201,0.12357815085935449,530.0
683791,184.53148387096803,15,1.0714285714285694,0.12308383825591707,540.0
683792,165.28748387096806,28,1.0831130435663445,0.1225915029028934,570.0
683793,331.1394838709694,27,1.1394761925775216,0.12210113689128184,1200.0
683794,69.9215483870969,4,0.9174603174603148,0.12161273234371671,216.0
683795,134.70554838709708,28,1.0484656084656079,0.12112628141434184,540.0
683796,0.0,1,0.0,0.8,1200.0
683797,334.4594193548351,28,1.1533322410085314,0.12015920918352972,1200.0
683798,415.16632258063805,18,1.157408006413712,0.1196785723467956,1200.0
683799,224.5782580645158,29,1.1372794525837746,0.11919985805740843,753.0
683800,119.30890322580647,13,0.8957528151474988,0.11872305862517879,407.0
683801,109.15922580645177,27,0.9999390801096494,0.11824816639067809,469.0
683802,164.62812903225722,19,1.0743532058490046,0.11777517372511537,508.0
683803,226.094774193548,29,1.0875674481308661,0.11730407303021491,726.0
683804,237.4762580645164,28,1.1159886464968214,0.11683485673809405,755.0
683805,175.1138709677424,30,1.090806669677904,0.11636751731114166,634.0
683806,152.399483870967,18,1.043904753954268,0.11590204724189711,504.0
683807,164.66199999999975,27,1.0743358395991582,0.1154384390529295,570.0
683808,190.16490322580623,28,1.0719924812030106,0.11497668529671778,608.0
683809,0.0,1,0.0,0.8,62.0
683810,0.0,1,0.0,0.8,114.0
683811,51.36180645161287,4,0.8291393078763655,0.11360247659554357,161.0
683812,98.07290322580664,22,0.9809523809523786,0.11314806668916139,390.0
683813,41.14180645161287,4,0.8375840878327189,0.11269547442240474,132.0
683814,204.80948387096743,27,1.112587561156819,0.11224469252471513,673.0
683815,247.27109677419293,30,1.0971629887337533,0.11179571375461626,812.0
683816,210.9840645161296,30,1.113377589259829,0.1113485308995978,693.0
683817,157.1886451612903,25,1.0853858784329187,0.11090313677599939,522.0
683818,163.1383870967745,28,1.0898249413900698,0.1104595242288954,563.0
683819,107.45090322580674,10,0.9405808477236992,0.11001768613197982,364.0
683820,240.56309677419353,30,1.1055022786432545,0.10957761538745191,849.0
683821,343.535548387092,25,1.1509761907073541,0.1091393049259021,1200.0
683822,288.76890322580607,30,1.0962398865821252,0.10870274770619848,970.0
683823,339.50180645160947,27,1.1218095227329927,0.1082679367153737,1200.0
683824,250.47761290322626,21,1.0763619715071187,0.1078348649685122,806.0
683825,316.3086451612964,27,1.1324827643628277,0.10740352550863815,1200.0
683826,301.4183870967738,30,1.0960794479374167,0.1069739114066036,951.0
683827,318.8781290322638,31,1.1359761832658672,0.10654601576097718,1200.0
683828,273.74483870967697,28,1.134613474590316,0.10611983169793326,863.0
683829,364.72825806452215,31,1.1571428581478034,0.10569535237114154,1200.0
683830,61.807483870967815,7,0.8185843435504768,0.10527257096165697,225.0
683831,328.71677419354756,29,1.1372620133928888,0.10485148067781035,1200.0
683832,127.1847741935483,27,1.0789238963189127,0.10443207475509911,471.0
683833,205.50735483870986,31,1.0790126263499882,0.10401434645607871,711.0
683834,188.299935483871,29,1.1244936702690072,0.1035982890702544,604.0
683835,347.23251612902624,28,1.1384761891836808,0.10318389591397337,1200.0
683836,42.1437419354839,5,0.6807528624155024,0.10277116033031748,173.0
683837,36.34245161290324,3,0.7040750546360335,0.10236007568899622,140.0
683838,144.8483225806452,30,1.1161580768015207,0.10195063538624022,544.0
683839,160.80941935483855,18,1.0551843317972287,0.10154283284469526,496.0
683840,136.44690322580655,29,1.0989545029636747,0.10113666151331649,491.0
683841,134.31612903225823,29,1.09228659128052,0.10073211486726322,566.0
683842,72.87129032258073,7,0.9568916014693829,0.10032918640779416,231.0
683843,186.78270967741918,21,1.0879927099793612,0.099927869662163,627.0
683844,352.49993548388045,28,1.1538601614220985,0.09952815818351433,1200.0
683845,33.48193548387095,3,0.3542753164556961,0.09913004555078027,158.0
683846,161.7294193548395,27,1.0501235790798202,0.09873352536857716,562.0
683847,179.26309677419388,17,1.0347857142857102,0.09833859126710284,530.0
683848,46.87277419354835,2,0.7295918367174158,0.09794523690203444,168.0
683849,134.9998709677419,12,0.9756595781518652,0.0975534559544263,527.0
683850,152.82135483870888,26,1.0349381742126402,0.09716324213060859,543.0
683851,90.03361290322596,14,0.964764947512547,0.09677458916208614,313.0
683852,177.05922580645137,25,1.0848228214842943,0.0963874908054378,641.0
683853,192.16232258064485,18,1.0750807453415763,0.09600194084221605,575.0
683854,0.0,1,0.0,0.8,1200.0
683855,301.4982580645147,24,1.1320354579655223,0.09523546134653181,942.0
683856,313.3638064516124,26,1.1060563079772545,0.09485451950114568,978.0
683857,57.6035483870968,8,0.9300539083557923,0.09447510142314108,212.0
683858,346.0021290322563,29,1.1243114687876292,0.09409720101744852,1200.0
683859,115.58948387096778,28,1.0764659551036289,0.09372081221337873,416.0
683860,153.85283870967754,25,1.0472184650181051,0.09334592896452522,545.0
683861,84.6463225806451,6,0.8143237451690412,0.09297254524866712,289.0
683862,45.928903225806394,6,0.7370272660311611,0.09260065506767245,202.0
683863,0.0,1,0.0,0.8,1200.0
683864,323.2976129032315,28,1.1462211770998383,0.09186133143761216,1200.0
683865,198.81916129032277,28,1.0726328903654572,0.09149388611186171,688.0
683866,185.53232258064446,25,1.1091137513963767,0.09112791056741426,625.0
683867,101.99032258064499,25,1.042085934630916,0.0907633989251446,389.0
683868,57.37683870967748,30,0.951221317591956,0.09040034532944402,386.0
683869,373.3961935483902,29,1.1572538125934873,0.09003874394812623,1200.0
683870,0.0,1,0.0,0.8,1200.0
683871,311.9306451612925,31,1.1185593984962479,0.0893198746164444,950.0
683872,235.12767741935517,17,1.0995117581423963,0.08896259511797862,673.0
683873,129.66980645161294,31,1.079551820728291,0.08860674473750671,510.0
683874,256.09141935483905,25,1.1049833659911579,0.08825231775855669,817.0
683875,330.1072903225783,28,1.1410930131434287,0.08789930848752246,1200.0
683876,117.18774193548373,17,1.023398075742579,0.08754771125357236,398.0
683877,369.208645161279,28,1.1218320399794632,0.08719752040855808,1200.0
683878,165.12432258064558,25,1.0212524218264325,0.08684873032692385,629.0
683879,365.23464516129536,29,1.1382490069566722,0.08650133540561615,1200.0
683880,349.3543870967684,30,1.178070199578835,0.08615533006399367,1200.0
683881,226.32503225806528,29,1.1031121109861357,0.08581070874373771,762.0
683882,210.7439354838717,27,1.0812009832075606,0.08546746590876275,677.0
683883,338.10238709678214,28,1.1539761904762174,0.0851255960451277,1200.0
683884,145.42406451612834,28,1.0759093663072485,0.08478509366094719,539.0
683885,90.94670967741953,6,0.8230842005676408,0.0844459532863034,302.0
683886,357.67077419354626,28,1.1533184125852374,0.08410816947315819,1200.0
683887,367.243483870963,15,1.1320808934877202,0.08377173679526556,1200.0
683888,183.8907741935484,30,1.1457829610276156,0.0834366498480845,666.0
683889,173.92561290322595,28,1.1049273109861024,0.08310290324869216,585.0
683890,40.917548387096794,4,0.7885927623853982,0.08277049163569739,146.0
683891,57.819096774193476,2,0.7762637362637355,0.0824394096691546,195.0
683892,245.1981935483861,31,1.1413738362291797,0.08210965203047799,809.0
683893,115.31270967741908,28,1.093985409761017,0.08178121342235606,464.0
683894,27.811999999999966,3,0.45131081081081076,0.08145408856866665,111.0
683895,130.9500645161293,6,0.9387768777614053,0.08112827221439198,388.0
683896,122.68690322580672,23,1.0431788931794255,0.0808037591255344,444.0
683897,445.9425161290453,8,1.1379761904762145,0.08048054408903227,1200.0
683898,113.46683870967719,10,0.9360411499277353,0.08015862191267614,359.0
683899,110.93774193548438,27,1.054393024834668,0.07983798742502543,426.0
683900,84.25793548387087,11,0.9348807926495415,0.07951863547532534,280.0
683901,204.25903225806437,28,1.10642423413441,0.07920056093342404,652.0
683902,186.44812903225775,17,1.0563365963892732,0.07888375868969033,533.0
683903,192.48135483871096,26,1.0844415185435199,0.07856822365493157,651.0
683904,197.29625806451662,29,1.102373759108818,0.07825395076031184,662.0
683905,34.76477419354841,2,0.5183071800496682,0.0779409349572706,151.0
683906,128.31135483870972,15,0.9904285714285653,0.07762917121744152,400.0
683907,167.1732258064515,28,1.062774725274732,0.07731865453257175,624.0
683908,194.7896129032256,31,1.1052068962780695,0.07700937991444146,726.0
683909,130.95219354838704,30,1.077505062339679,0.0767013423947837,505.0
683910,213.17245161290435,22,1.1128371409149267,0.07639453702520456,652.0
683911,493.0029677419453,4,1.1531428571428817,0.07608895887710375,1200.0
683912,304.5636129032279,30,1.1300859260042806,0.07578460304159533,1200.0
683913,101.29806451612914,14,1.0218298555377159,0.07548146462942895,356.0
683914,0.0,1,0.0,0.8,98.0
683915,143.75406451612852,27,1.0217051474721635,0.07487882061582758,537.0
683916,192.9281935483865,31,1.06607151503,0.07457930533336427,720.0
683917,50.62516129032263,3,0.7364023202752195,0.07428098811203081,186.0
683918,56.00245161290333,8,0.8654230144676528,0.07398386415958269,208.0
683919,178.52670967741918,30,1.1111705174645043,0.07368792870294437,642.0
683920,81.3779354838709,6,0.9111899410399118,0.07339317698813258,253.0
683921,37.26116129032258,3,0.6191901910606463,0.07309960428018006,161.0
683922,380.1588387096808,28,1.1500395202979732,0.07280720586305933,1200.0
683923,116.16438709677402,29,1.0610262839059614,0.07251597703960709,472.0
683924,201.35109677419288,18,1.1102040815307708,0.07222591313144866,595.0
683925,177.7244516129036,28,1.100128238024183,0.07193700947892287,557.0
683926,120.63541935483866,11,1.0609362389023342,0.07164926144100718,354.0
683927,177.00548387096705,26,1.0615886776909298,0.07136266439524315,636.0
683928,201.70322580645225,26,1.092780771213028,0.07107721373766217,655.0
683929,238.11587096774147,25,1.108083890287714,0.07079290488271153,706.0
683930,0.0,1,0.0,0.8,1200.0
683931,0.0,1,0.0,0.8,152.0
683932,189.37025806451615,30,1.1212516571347062,0.06994678355280745,645.0
683933,127.46645161290301,14,0.973793078191365,0.06966699641859622,430.0
683934,68.37974193548398,4,0.8994019919451072,0.06938832843292184,215.0
683935,208.8154838709679,25,1.0980604796663258,0.06911077511919014,685.0
683936,136.64722580645193,26,1.0896392496394485,0.06883433201871339,495.0
683937,336.59270967742685,28,1.1552725517535998,0.06855899469063853,1200.0
683938,181.64845161290316,31,1.1113541433346696,0.06828475871187598,614.0
683939,80.8107741935483,24,0.9811607161462106,0.06801161967702847,320.0
683940,158.74019354838697,25,1.074761904761903,0.06773957319832036,540.0
683941,186.99296774193584,30,1.1012494397755985,0.06746861490552707,636.0
683942,140.0999354838706,15,1.0057526366251133,0.06719874044590497,447.0
683943,129.693870967742,18,1.0228015441233345,0.06692994548412134,411.0
683944,0.0,1,0.0,0.8,54.0
683945,0.0,1,0.0,0.8,91.0
683946,153.05838709677352,29,1.152259359443364,0.06612999449217861,528.0
683947,242.42051612903296,25,1.1210634712602419,0.0658654745142099,763.0
683948,89.91122580645185,25,1.0332577475446256,0.06560201261615306,378.0
683949,67.17522580645168,5,0.7791030598131815,0.06533960456568845,260.0
683950,119.17600000000033,22,1.0524976137448232,0.06507824614742569,449.0
683951,129.27625806451653,26,1.07111665626949,0.064817933162836,458.0
683952,228.8063870967741,31,1.1311443934151317,0.06455866143018466,744.0
683953,238.7450322580647,28,1.1054157215741764,0.0643004267844639,789.0
683954,341.6410322580585,27,1.138476190479825,0.06404322507732606,1200.0
683955,209.23509677419256,31,1.1157234462644123,0.06378705217701675,741.0
683956,173.6981935483869,30,1.1066102815429344,0.06353190396830868,585.0
683957,343.2269032258122,27,1.1539762651373517,0.06327777635243545,1200.0
683958,316.69974193548717,31,1.146476190477075,0.0630246652470257,1200.0
683959,224.6208387096777,25,1.1075685690685244,0.06277256658603761,757.0
683960,208.4318064516124,23,1.0939990971443991,0.06252147631969344,638.0
683961,230.66393548386918,27,1.0961325328518687,0.06227139041441468,840.0
683962,189.42980645161313,31,1.0731791657669885,0.06202230485275702,661.0
683963,157.14200000000054,25,1.0671400170406162,0.06177421563334599,503.0
683964,208.09903225806437,27,1.093594665589021,0.06152711877081261,707.0
683965,196.00109677419348,27,1.0793037564945236,0.061281010295729355,673.0
683966,212.70161290322648,26,1.0827806479151927,0.06103588625454644,676.0
683967,141.78916129032274,18,1.0831281527301653,0.06079174270952825,464.0
683968,351.36270967742513,30,1.1518106700781365,0.06054857573869014,1200.0
683969,182.3741290322574,24,1.0678193414810402,0.060306381435735384,609.0
683970,348.95277419354767,30,1.1871000373508438,0.06006515590999243,1060.0
683971,107.64425806451626,16,1.0076770846721348,0.059824895286352466,361.0
683972,115.67767741935484,16,1.0348490945673985,0.05958559570520705,355.0
683973,36.50774193548391,3,0.6659992973084047,0.05934725332238623,148.0
683974,83.17406451612922,10,0.9526620955912585,0.059109864309096684,271.0
683975,157.09445161290358,29,1.095332390381903,0.05887342485186029,606.0
683976,39.41883870967744,4,0.6339891164378022,0.05863793115245285,173.0
683977,149.1918709677414,24,1.0670008354218836,0.058403379427843044,513.0
683978,22.815483870967732,2,0.2338000000000001,0.05816976591013167,150.0
683979,325.35283870968556,29,1.1376449515726192,0.05793708684649114,1200.0
683980,228.3221935483879,24,1.1307984000829117,0.057705338499105176,692.0
683981,0.0,1,0.0,0.8,58.0
683982,246.03774193548384,25,1.0680783314071645,0.05724461907652833,803.0
683983,386.72025806452433,21,1.1331428571428817,0.05701564060022221,1200.0
683984,363.4201290322544,27,1.1591428571428943,0.05678757803782132,1200.0
683985,213.16516129032178,31,1.0608989496692995,0.05656042772567004,759.0
683986,140.5581935483872,17,1.0466773675762369,0.056334186014767355,445.0
683987,0.0,1,0.0,0.8,1200.0
683988,337.61658064516337,20,1.115502655707029,0.05588441387362545,978.0
683989,351.19993548387714,26,1.145976190089764,0.055660876218130956,1200.0
683990,41.82283870967735,3,0.6961409726763015,0.05543823271325843,164.0
683991,134.1551612903222,21,1.0537475976937807,0.055216479782405396,446.0
683992,115.82774193548396,6,0.9549076678106553,0.054995613863275776,342.0
683993,149.17567741935434,27,1.0842881730483933,0.05477563140782267,581.0
683994,359.3918709677373,30,1.1534828021856665,0.05455652888219137,1200.0
683995,177.5141935483868,25,1.07322929150137,0.054338302766662606,595.0
683996,174.52967741935493,29,1.0967675448119858,0.05412094955559596,610.0
683997,78.28587096774196,9,0.8973506489350254,0.05390446575737358,275.0
683998,79.26451612903212,9,0.9360033607801981,0.05368884789434408,263.0
683999,334.2640000000074,29,1.141809523809549,0.053474092502766704,1200.0
684000,142.1309032258067,27,1.083692980060094,0.053260196132755636,523.0
684001,126.87903225806481,31,1.1199999652336832,0.05304715534822462,505.0
684002,136.48316129032295,29,1.0642717348380482,0.05283496672683172,513.0
684003,388.56961290322795,19,1.1453569840085978,0.05262362685992439,1200.0
684004,276.3816774193544,26,1.122755740767347,0.052413132352484695,904.0
684005,163.07948387096695,25,1.0882472135420789,0.05220347982307475,564.0
684006,219.09083870967788,22,1.119666286574361,0.05199466590378246,685.0
684007,0.0,1,0.0,0.8,59.0
684008,199.2583870967739,25,1.0765976009525335,0.05157954049120666,655.0
684009,331.3873548387048,27,1.1524761904762164,0.05137322232924183,1200.0
684010,337.6705161290238,31,1.1465378381680749,0.05116772943992486,1200.0
684011,199.49458064516176,29,1.1227692307249004,0.050963058522165164,650.0
684012,0.0,2,0.0,0.8,122.0
684013,139.85180645161313,30,1.1241227512635512,0.0505561694629242,522.0
684014,177.3616774193552,12,1.0722205925491282,0.05035394478507249,487.0
684015,174.4057419354829,30,1.123660499705085,0.0501525290059322,661.0
684016,261.72993548387217,26,1.1350519155030587,0.05,798.0
684017,175.5468387096777,15,1.0637688841770458,0.05,539.0
684018,105.49077419354866,31,1.030681202545979,0.05,436.0
684019,143.14896774193585,18,1.0574405190528013,0.05,480.0
684020,49.930967741935554,3,0.7353190476005268,0.05,180.0
684021,89.90696774193569,5,0.9579062143100214,0.05,262.0
684022,0.0,1,0.0,0.8,1200.0
684023,219.14793548387166,29,1.1510080008752914,0.05,694.0
684024,225.4155483870959,25,1.065934065934078,0.05,767.0
684025,56.998838709677464,3,0.680379381647645,0.05,226.0
684026,161.7947741935482,27,1.1060920457568524,0.05,537.0
684027,276.60645161290114,31,1.0799021304053742,0.05,906.0
684028,90.91045161290283,7,0.9690016547159362,0.05,259.0
684029,230.16664516129043,28,1.0710609365024493,0.05,751.0
684030,107.67896774193574,13,1.0128950177079257,0.05,339.0
684031,110.03980645161292,23,0.9993462687079826,0.05,416.0
684032,47.88141935483868,24,0.9036413763908966,0.05,291.0
684033,131.29354838709682,12,0.9811603243904579,0.05,458.0
684034,157.78464516129074,30,1.079846226395187,0.05,586.0
684035,133.7878709677415,8,0.9627587772406494,0.05,409.0
684036,203.34458064516193,24,1.100265367972428,0.05,646.0
684037,214.6203870967743,30,1.1329889188183169,0.05,767.0
684038,335.2253548387175,26,1.1553036899541034,0.05,1200.0
684039,278.03283870967687,30,1.1373411923578103,0.05,818.0
684040,182.85896774193515,30,1.1414451665638865,0.05,669.0
684041,138.90167741935474,31,1.0765360997309619,0.05,503.0
684042,0.0,1,0.0,0.8,1200.0
684043,34.22141935483873,3,0.3836197183098588,0.05,142.0
684044,182.25025806451677,27,1.0436725702737102,0.05,633.0
684045,273.38922580645215,30,1.1607591658559433,0.05,969.0
684046,375.4753548387089,24,1.1060029284204698,0.05,1200.0
684047,174.18496774193548,29,1.1757543211237107,0.05,564.0
684048,135.3241935483874,30,1.0801612794227151,0.05,487.0
684049,217.8303870967739,28,1.1209407360317944,0.05,693.0
684050,103.86129032258064,3,0.940721992985015,0.05,283.0
684051,173.96245161290346,31,1.0980422395289369,0.05,626.0
684052,158.58083870967687,27,1.0594576458976444,0.05,602.0
684053,84.06961290322576,18,0.9822689075701762,0.05,340.0
684054,148.83141935483846,26,1.0617775354416552,0.05,524.0
684055,41.991483870967755,2,0.7482911892237749,0.05,135.0
684056,75.86787096774174,5,0.8711219999471802,0.05,233.0
684057,0.0,1,0.0,0.8,98.0
684058,414.94251612902565,14,1.1219761904762122,0.05,1200.0
684059,236.1531612903225,30,1.14774773375256,0.05,777.0
684060,232.35490322580657,28,1.1060309084055944,0.05,758.0
684061,163.6529032258071,28,1.0972208678694675,0.05,586.0
684062,262.4921290322582,28,1.113549654181343,0.05,854.0
684063,0.0,1,0.0,0.8,1200.0
684064,168.18703225806533,29,1.1065530783352118,0.05,595.0
684065,256.3896129032264,22,1.0939119602649523,0.05,777.0
684066,184.19954838709677,31,1.1204849893817002,0.05,726.0
684067,239.70393548387185,31,1.1927987325459062,0.05,833.0
684068,164.00961290322616,28,1.0969004893621779,0.05,613.0
684069,197.20574193548413,25,1.0912599822537112,0.05,644.0
684070,370.34322580645556,28,1.1859266535364048,0.05,1200.0
684071,321.8670967741922,31,1.150939432197392,0.05,1064.0
684072,315.8134193548397,31,1.2761666660899218,0.05,1200.0
684073,282.91987096774017,28,1.1275562741082885,0.05,925.0
684074,168.09670967742002,30,1.1391320722669345,0.05,591.0
684075,199.72548387096788,30,1.0575093096873884,0.05,702.0
684076,174.21922580645207,28,1.1505051642563062,0.05,594.0
684077,120.29503225806428,27,1.0417335397169294,0.05,445.0
684078,88.37600000000039,6,0.8393649315174907,0.05,299.0
684079,117.60845161290338,27,1.0726380064744412,0.05,427.0
684080,216.35709677419283,21,1.0794587400177516,0.05,644.0
684081,210.42348387096845,23,1.1026103033091368,0.05,602.0
684082,243.91890322580673,26,1.1181457431457575,0.05,792.0
684083,153.79174193548286,30,1.1196922968245784,0.05,613.0
684084,86.01967741935476,7,0.9750813452403371,0.05,258.0
684085,261.76883870967765,25,1.1057406796436984,0.05,866.0
684086,201.06554838709584,23,1.0669427191166376,0.05,621.0
684087,360.9784516128983,26,1.1618095232030987,0.05,1200.0
684088,197.19148387096732,23,1.0523656407900823,0.05,622.0
684089,81.66870967741946,23,0.9969836614997869,0.05,341.0
684090,137.91612903225845,30,1.0873548917676659,0.05,532.0
684091,271.42419354838665,27,1.0989400228893786,0.05,851.0
684092,207.75167741935374,23,1.0850434062970578,0.05,724.0
684093,101.67799999999976,30,1.0685800875680236,0.05,401.0
684094,47.25664516129029,5,0.7476186940605852,0.05,180.0
684095,394.3855483871029,23,1.1474761636725503,0.05,1200.0
684096,190.5466451612898,28,1.139382781602893,0.05,677.0
684097,232.7490967741941,25,1.0293202558758192,0.05,737.0
684098,0.0,1,0.0,0.8,161.0
684099,237.93967741935543,28,1.144670372468332,0.05,754.0
684100,207.54941935483748,25,1.0985046440416828,0.05,688.0
684101,360.2532903225802,28,1.1546745108020533,0.05,1117.0
684102,37.057161290322576,3,0.5362364285714291,0.05,147.0
684103,114.12000000000026,28,1.0873432413033326,0.05,421.0
684104,455.8147741935417,12,1.159976190476216,0.05,1200.0
684105,187.67103225806505,29,1.1033426809206777,0.05,638.0
684106,83.26193548387124,13,0.9440362811791334,0.05,315.0
684107,336.5284516129029,29,1.1433095749339484,0.05,1200.0
684108,336.2985161290281,31,1.1639761907661912,0.05,1200.0
684109,90.79832258064519,6,1.005513863872724,0.05,259.0
684110,41.11896774193543,2,0.38076274752475303,0.05,202.0
684111,179.60277419354838,29,1.1043177490782756,0.05,657.0
684112,303.4259354838698,29,1.1599562363171687,0.05,914.0
684113,242.7718064516141,28,1.1430677793760653,0.05,787.0
684114,411.2341290322567,12,1.135642857142881,0.05,1200.0
684115,0.0,1,0.0,0.8,58.0
684116,89.9701935483873,5,1.0140629277294049,0.05,245.0
684117,26.334967741935504,3,0.5235346460176996,0.05,113.0
684118,275.8582580645159,25,1.1157268148219763,0.05,793.0
684119,252.12174193548367,30,1.1632074775534786,0.05,802.0
684120,199.01380645161248,19,1.1080184331797285,0.05,620.0
684121,130.49206451612906,29,1.0572714832498735,0.05,457.0
684122,408.46090322581085,16,1.1258095238095507,0.05,1200.0
684123,0.0,1,0.0,0.8,90.0
684124,159.32167741935476,27,1.067770511140213,0.05,545.0
684125,345.0074838709612,27,1.154809526845693,0.05,1200.0
684126,164.47574193548337,28,1.1200473557676023,0.05,616.0
684127,338.87412903225714,26,1.1366428571438507,0.05,1200.0
684128,80.79574193548386,7,0.928629265469622,0.05,247.0
684129,168.88703225806418,24,0.9876033973116785,0.05,558.0
684130,181.78696774193537,31,1.1380152671616193,0.05,655.0
684131,145.14748387096776,27,1.082587601078166,0.05,530.0
684132,338.2152903225774,27,1.124976260239544,0.05,1200.0
684133,39.37716129032257,3,0.7069389133656003,0.05,153.0
684134,355.1218709677355,21,1.0989761904762136,0.05,1200.0
684135,180.50206451612868,28,1.1030965573593852,0.05,583.0
684136,390.45522580644746,31,1.1248155139727105,0.05,1200.0
684137,298.96348387096833,29,1.1649433298100698,0.05,930.0
684138,108.97141935483864,10,0.8764625704347896,0.05,371.0
684139,31.449935483870927,3,0.6258671086956529,0.05,115.0
684140,298.5294193548394,28,1.0762290006131379,0.05,932.0
684141,360.42251612904,26,1.1316356515768693,0.05,1200.0
684142,196.99058064516035,28,1.0869164496246673,0.05,713.0
684143,226.62845161290255,31,1.145130052827213,0.05,767.0
684144,38.81819354838715,3,0.6969055680761511,0.05,150.0
684145,285.94645161290384,30,1.1814497072598225,0.05,971.0
684146,330.7111612903209,29,1.1494161829065175,0.05,1028.0
684147,0.0,1,0.0,0.8,182.0
684148,491.4809032257949,7,1.1541428570711039,0.05,1200.0
684149,151.07154838709667,29,1.1171641791044733,0.05,536.0
684150,353.90296774192916,23,1.1378095192640894,0.05,1200.0
684151,153.56174193548335,31,1.0484055586927752,0.05,618.0
684152,173.29645161290406,28,1.155776178147949,0.05,588.0
684153,81.88245161290325,16,0.9600406770102602,0.05,281.0
684154,133.84716129032245,28,1.0853897568003041,0.05,485.0
684155,174.2894193548394,29,1.0951367792014153,0.05,615.0
684156,352.03567741935734,26,1.1593095238095494,0.05,1200.0
684157,278.2109677419378,29,1.1750793095440535,0.05,859.0
684158,214.55722580645133,29,1.1522593106123236,0.05,738.0
684159,359.3944516129046,27,1.1564761882112728,0.05,1200.0
684160,0.0,1,0.0,0.8,138.0
684161,210.4922580645174,27,1.0983531214145956,0.05,746.0
684162,353.99838709677545,31,1.1358393045853235,0.05,1200.0
684163,207.54896774193446,29,1.174550753283462,0.05,739.0
684164,99.43393548387097,26,0.9944837340876901,0.05,404.0
684165,142.52064516129056,25,1.0430752454025,0.05,524.0
684166,113.65980645161282,27,1.0836544850498282,0.05,430.0
684167,135.64251612903251,30,1.1461847133912177,0.05,498.0
684168,0.0,1,0.0,0.8,86.0
684169,346.7265161290323,30,1.146803428278678,0.05,1200.0
684170,391.1515483870937,25,1.1513428571429094,0.05,1200.0
684171,149.7505806451608,12,1.0031311012456883,0.05,438.0
684172,459.20593548386034,5,1.1081419146664961,0.05,1200.0
684173,63.76064516129043,6,0.9328498912255234,0.05,197.0
684174,238.87045161290217,28,1.117655317655333,0.05,814.0
684175,0.0,1,0.0,0.8,1200.0
684176,0.0,1,0.0,0.8,1200.0
684177,123.894,10,0.9587380241853449,0.05,403.0
684178,218.83516129032162,28,1.0848691304390978,0.05,715.0
684179,156.66670967741965,26,1.0818978855079933,0.05,554.0
684180,70.09980645161288,7,0.9014734221940801,0.05,252.0
684181,345.44754838709395,27,1.1336428571433286,0.05,1200.0
684182,43.52838709677424,26,0.935403726708071,0.05,276.0
684183,198.06819354838674,31,1.175546265530551,0.05,668.0
684184,195.1442580645169,28,1.0763374858541386,0.05,678.0
684185,230.86806451612927,29,1.123192239575474,0.05,752.0
684186,197.1571612903219,11,1.0421866941722517,0.05,554.0
684187,349.0337419354769,29,1.2129999999987713,0.05,1200.0
684188,302.47077419355037,22,1.1346436561202717,0.05,894.0
684189,140.46548387096718,26,1.0991290236777278,0.05,492.0
684190,253.97780645161313,25,1.10569169357235,0.05,733.0
684191,163.57083870967747,25,1.0287572249349743,0.05,590.0
684192,122.89354838709679,29,1.094315789473677,0.05,475.0
684193,393.1944516129129,18,1.1431800323983032,0.05,1200.0
684194,387.56038709677176,26,1.139289742347069,0.05,1200.0
684195,149.70709677419416,19,1.0337778186583904,0.05,461.0
684196,345.3872258064467,25,1.1351428573416789,0.05,1200.0
684197,447.6213548387172,15,1.156309524061844,0.05,1200.0
684198,35.3363870967742,4,0.526244600369623,0.05,189.0
684199,95.02967741935504,31,1.0410714285717027,0.05,384.0
684200,136.58322580645142,29,1.0858980744423503,0.05,497.0
684201,0.0,2,0.0,0.8,112.0
684202,178.75974193548427,17,1.0586188719032124,0.05,542.0
684203,178.84870967741918,25,1.0962259782357093,0.05,617.0
684204,156.01800000000054,30,1.1117325560387783,0.05,549.0
684205,172.68187096774153,31,1.0762452591084848,0.05,614.0
684206,186.47490322580617,28,1.1194893706695141,0.05,613.0
684207,363.2035483870997,26,1.1539761912379878,0.05,1200.0
684208,352.5845806451611,26,1.1469761904762166,0.05,1200.0
684209,45.47225806451609,2,0.7854341736245608,0.05,153.0
684210,37.60903225806458,3,0.6271493135510648,0.05,161.0
684211,152.27987096774146,29,1.0549449681140193,0.05,559.0
684212,167.82845161290302,31,1.1222505373015808,0.05,592.0
684213,48.50399999999998,7,0.7758928199737909,0.05,192.0
684214,177.4979354838697,28,1.0608646411204654,0.05,684.0
684215,255.75864516128937,30,1.1708453974830693,0.05,837.0
684216,171.69045161290248,30,1.1624101159943412,0.05,639.0
684217,241.3769677419346,30,1.1642881604248818,0.05,776.0
684218,98.85045161290311,9,0.9794246708922429,0.05,293.0
684219,24.16025806451611,2,0.47463981991525483,0.05,118.0
684220,335.3334193548352,30,1.1574085048500058,0.05,1200.0
684221,281.90858064516027,31,1.1780590715454249,0.05,948.0
684222,114.47129032258056,25,1.0406519694448984,0.05,447.0
684223,368.59683870968615,18,1.1219761904762242,0.05,1200.0
684224,0.0,1,0.0,0.8,54.0
684225,57.51870967741945,4,0.8800664451572564,0.05,172.0
684226,176.37638709677412,31,1.1764940510835442,0.05,655.0
684227,368.933483870963,28,1.1593651585917801,0.05,1200.0
684228,80.23187096774211,4,0.9450907428813331,0.05,230.0
684229,196.80954838709695,31,1.1243165467609146,0.05,695.0
684230,336.6155483870936,30,1.1517106733564266,0.05,1200.0
684231,197.79670967741933,30,1.1208080475889053,0.05,657.0
684232,273.7531612903215,27,1.0722533817222197,0.05,866.0
684233,167.31258064516135,27,1.1071674030436962,0.05,582.0
684234,370.33019354838723,31,1.173223902280097,0.05,1098.0
684235,379.8689032257989,28,1.2071641571134744,0.05,1200.0
684236,356.3151612903258,30,1.1585346140482478,0.05,1200.0
684237,127.17458064516124,22,1.0570800627943437,0.05,455.0
684238,0.0,1,0.0,0.8,101.0
684239,107.65341935483804,7,0.9743408339206072,0.05,313.0
684240,87.61361290322573,10,0.8844746234926595,0.05,336.0
684241,199.87574193548414,13,1.0865598313125622,0.05,542.0
684242,372.79961290322314,27,1.1304855536662526,0.05,1200.0
684243,355.48077419355326,27,1.1418476899774075,0.05,1200.0
684244,339.85877419354387,28,1.1483869836030722,0.05,1200.0
684245,212.40516129032352,29,1.101128978049993,0.05,658.0
684246,0.0,1,0.0,0.8,1200.0
684247,222.14148387096796,25,1.095611090225577,0.05,760.0
684248,86.62348387096809,3,0.757836135159402,0.05,309.0
684249,175.34780645161334,31,1.1690189907602855,0.05,631.0
684250,0.0,1,0.0,0.8,1200.0
684251,28.20664516129032,5,0.7324519046754857,0.05,152.0
684252,268.81103225806453,21,1.1136855664554672,0.05,784.0
684253,221.9331612903228,12,1.0092630134966905,0.05,635.0
684254,338.27961290322565,29,1.1663001077855677,0.05,1200.0
684255,61.800645161290426,4,0.7416056869545737,0.05,230.0
684256,228.28748387096894,28,1.1262751267392668,0.05,703.0
684257,132.6901290322578,29,1.1033386390704707,0.05,496.0
684258,347.50922580644595,25,1.1169761904762143,0.05,1200.0
684259,86.33509677419353,10,1.013477088948782,0.05,265.0
684260,146.44741935483782,27,1.071597301780533,0.05,508.0
684261,272.93129032258094,30,1.1451824379605617,0.05,855.0
684262,309.4638709677421,31,1.1190044671277304,0.05,979.0
684263,64.24645161290327,9,0.917678257789156,0.05,219.0
684264,201.9813548387099,13,1.0295647538973725,0.05,601.0
684265,204.6296774193555,30,1.1290321054689874,0.05,713.0
684266,194.9784516129035,31,1.1588144550300072,0.05,636.0
684267,189.98767741935507,31,1.1381541727946212,0.05,645.0
684268,178.18961290322693,30,1.219303329298956,0.05,642.0
684269,146.8450322580643,19,1.0398603454752144,0.05,491.0
684270,389.31825806451144,24,1.1606428571428826,0.05,1200.0
684271,103.66619354838711,27,1.0067761167941423,0.05,409.0
684272,68.37290322580641,5,0.8548259138034318,0.05,222.0
684273,211.1931612903224,23,1.0505236610827982,0.05,665.0
684274,191.29587096774156,26,1.0785369220151868,0.05,621.0
684275,226.62174193548438,23,1.1084970022741467,0.05,691.0
684276,68.87948387096765,8,0.9347708894878678,0.05,212.0
684277,0.0,1,0.0,0.8,1200.0
684278,310.2038709677434,20,1.1355957727274926,0.05,880.0
684279,109.56967741935463,8,0.9266674854507329,0.05,396.0
684280,111.86838709677396,31,1.0430707882020163,0.05,454.0
684281,181.86193548387084,19,1.032759910246758,0.05,573.0
684282,319.3581935483966,29,1.1599616401192065,0.05,1200.0
684283,368.82548387097285,24,1.309527558094533,0.05,1200.0
684284,218.6951612903231,31,1.196476967508926,0.05,723.0
684285,230.1923870967743,31,1.1298475744277743,0.05,774.0
684286,147.11154838709763,30,1.0212083821418003,0.05,555.0
684287,171.0016774193554,27,1.0473878427810446,0.05,641.0
684288,157.86277419354892,27,1.0789140748556076,0.05,542.0
684289,32.884645161290294,2,0.2914799999999998,0.05,175.0
684290,121.9379354838714,7,0.9549160968288574,0.05,359.0
684291,41.84503225806446,5,0.6436826096243027,0.05,185.0
684292,300.0634838709663,25,1.1190370597471848,0.05,902.0
684293,33.566322580645114,3,0.2364444444444449,0.05,135.0
684294,143.79825806451592,28,1.0873760446861307,0.05,514.0
684295,219.47206451612962,27,1.1145133889845418,0.05,720.0
684296,134.09954838709706,31,1.098499049331388,0.05,552.0
684297,0.0,1,0.0,0.8,1200.0
684298,390.17780645161713,27,1.2163804988852647,0.05,1200.0
684299,115.91064516129035,27,1.0499384236453155,0.05,464.0
684300,279.18683870967834,30,1.16837518891232,0.05,948.0
684301,349.8364516128955,26,1.1333095238094817,0.05,1200.0
684302,203.0889677419359,30,1.1441846567741765,0.05,689.0
684303,359.1057419354894,30,1.229061844534464,0.05,1200.0
684304,217.96574193548392,25,1.1027688603531396,0.05,712.0
684305,163.39174193548448,26,1.0786111847336342,0.05,539.0
684306,310.5300645161307,29,1.1454761904817916,0.05,1200.0
684307,167.61625806451573,27,1.1015668386972437,0.05,620.0
684308,156.42967741935487,28,1.090542908693602,0.05,557.0
684309,368.9109677419387,28,1.1397449259092582,0.05,1200.0
684310,244.2692903225793,31,1.1694703765903602,0.05,848.0
684311,374.774645161287,27,1.2244485309274256,0.05,1200.0
684312,149.42464516128993,31,1.1698946200352485,0.05,562.0
684313,196.7560645161298,19,1.0826350326909489,0.05,566.0
684314,86.4949677419354,30,1.1006063540464008,0.05,367.0
684315,182.78006451612904,29,1.1358207321043379,0.05,647.0
684316,278.8512903225819,23,1.1114367144627513,0.05,807.0
684317,187.922838709677,31,1.173386923620441,0.05,654.0
684318,183.34793548386986,28,1.131669498368088,0.05,577.0
684319,185.30574193548372,25,1.0988052733586229,0.05,617.0
684320,365.3176129032236,24,1.2408846218954697,0.05,1200.0
684321,256.20458064515884,29,1.1733300913527354,0.05,855.0
684322,344.0674193548334,29,1.2846666087260263,0.05,1200.0
684323,162.76077419354843,25,1.0768547774346338,0.05,553.0
684324,168.67819354838605,26,1.117177091015488,0.05,555.0
684325,335.597483870977,28,1.2591078083708658,0.05,1200.0
