683325,-410.9000000000084,30,5.309578229777417,0.0,0.8,1200.0
683326,-131.78333333333364,30,14.345661004489571,0.0,0.8,606.0
683327,-133.99,30,9.85118643670625,0.0,0.8,469.0
683328,-119.4366666666669,28,12.590380214965545,0.0,0.8,482.0
683329,-141.91000000000034,30,11.194997921872265,0.0,0.8,541.0
683330,-152.48333333333298,29,9.368967358938479,0.0,0.8,534.0
683331,-120.99333333333348,30,11.023423829760945,0.0,0.8,448.0
683332,-129.03333333333342,30,11.17892408125337,0.0,0.8,489.0
683333,-137.03666666666695,30,11.36301508761092,0.0,0.8,522.0
683334,-423.1166666666757,30,4.652911563110755,0.0,0.8,1200.0
683335,-408.1733333333285,29,5.504190474727623,0.0,0.8,1200.0
683336,-130.37666666666695,30,10.539653185246129,0.0,0.8,479.0
683337,-146.2733333333338,30,9.729114321811458,0.0,0.8,515.0
683338,-201.4099999999992,30,9.459672273733414,0.0,0.8,710.0
683339,-119.88666666666653,26,15.76694423326735,0.0,0.8,598.0
683340,-69.65333333333348,22,16.11794562737423,0.0,0.8,336.0
683341,-149.20000000000022,28,13.250501221781422,0.0,0.8,625.0
683342,-393.93666666666223,29,6.268357141394288,0.0,0.8,1200.0
683343,-106.93000000000009,29,9.961722108693547,0.0,0.8,365.0
683344,-0.9433333333333321,1,28.524590163934427,0.0,0.8,61.0
683345,-131.24000000000007,26,12.079051851155416,0.0,0.8,514.0
683346,-106.92333333333342,27,14.086024787841472,0.0,0.8,476.0
683347,-1.1533333333333333,1,28.585714285714285,0.0,0.8,70.0
683348,-385.73999999999523,28,6.888522330528198,0.0,0.8,1200.0
683349,-143.47999999999988,28,11.066831133749979,0.0,0.8,551.0
683350,-398.30666666667446,30,5.960878829427696,0.0,0.8,1200.0
683351,-353.04666666667146,30,8.619578229777405,0.0,0.8,1200.0
683352,-1.680000000000003,1,28.485945374517275,0.0,0.8,120.0
683353,-132.4933333333335,30,9.594610485447104,0.0,0.8,465.0
683354,-166.38000000000162,10,20.419323128781496,0.0,0.8,1200.0
683355,-347.99999999999807,29,8.970023808060954,0.0,0.8,1200.0
683356,-151.5499999999994,29,11.076571425518512,0.0,0.8,575.0
683357,-424.0633333333271,29,4.506690474727624,0.0,0.8,1200.0
683358,-428.9933333333274,29,4.556690474727622,0.0,0.8,1200.0
683359,-146.7766666666674,30,12.809055305332317,0.0,0.8,615.0
683360,-152.4233333333337,30,14.27883055451415,0.0,0.8,695.0
683361,-418.4100000000111,29,5.44585714139429,0.0,0.8,1200.0
683362,-105.90333333333346,28,12.421577960383955,0.0,0.8,419.0
683363,-121.8800000000002,30,13.13054908265551,0.0,0.8,517.0
683364,-428.2133333333274,29,4.3466904747276205,0.0,0.8,1200.0
683365,-119.45000000000024,28,10.617386812904344,0.0,0.8,435.0
683366,-130.18333333333376,30,12.249987896705342,0.0,0.8,506.0
683367,-99.15333333333345,27,11.302889361983246,0.0,0.8,380.0
683368,-104.5866666666667,29,15.142341822992268,0.0,0.8,499.0
683369,-122.15000000000015,30,9.819794452823153,0.0,0.8,419.0
683370,-177.13666666666717,30,10.206751376938524,0.0,0.8,636.0
683371,-136.913333333333,29,11.579616331342276,0.0,0.8,537.0
683372,-426.51000000000306,30,4.941244896444083,0.0,0.8,1200.0
683373,-134.96666666666707,28,11.612074504010227,0.0,0.8,527.0
683374,-111.90000000000025,30,10.779842688559949,0.0,0.8,419.0
683375,-98.88666666666677,29,9.83477501652135,0.0,0.8,352.0
683376,-123.12666666666705,30,9.538923987313199,0.0,0.8,433.0
683377,-86.94999999999987,26,11.728181251220567,0.0,0.8,333.0
683378,-100.64333333333329,27,10.672277464166235,0.0,0.8,349.0
683379,-450.09666666667715,30,2.88273951653329,0.0,0.8,1200.0
683380,-157.87333333333342,30,5.695842217043363,0.0,0.8,460.0
683381,-118.20000000000019,30,11.225820968913677,0.0,0.8,439.0
683382,-120.61000000000021,30,10.334524552325528,0.0,0.8,432.0
683383,-156.7766666666662,29,8.446913372503563,0.0,0.8,522.0
683384,-377.46999999999724,27,7.886798473606139,0.0,0.8,1200.0
683385,-461.11333333334437,30,2.31196173875551,0.0,0.8,1200.0
683386,-441.54333333334364,30,3.312789159802868,0.0,0.8,1200.0
683387,-113.62333333333358,30,11.15791058138354,0.0,0.8,424.0
683388,-146.0300000000004,30,7.954486933734792,0.0,0.8,460.0
683389,-121.99000000000034,28,9.903462125389101,0.0,0.8,416.0
683390,-100.14666666666695,28,10.436361984662337,0.0,0.8,372.0
683391,-103.38333333333364,30,10.547391787540093,0.0,0.8,389.0
683392,-126.07666666666645,29,10.613582679150882,0.0,0.8,463.0
683393,-418.45333333334213,30,5.031897067146389,0.0,0.8,1200.0
683394,-445.00999999999294,29,3.4135839792847316,0.0,0.8,1200.0
683395,-445.50666666667695,30,3.4755728498666283,0.0,0.8,1200.0
683396,-3.523333333333341,2,27.28469387755097,0.0,0.8,98.0
683397,-460.30333333333755,30,2.9946839609777336,0.0,0.8,1200.0
683398,-71.91000000000024,22,14.047419742306044,0.0,0.8,314.0
683399,-103.95333333333359,30,9.18843242201536,0.0,0.8,344.0
683400,-116.3533333333331,26,13.267651467740784,0.0,0.8,509.0
683401,-407.1199999999974,28,6.178908450878142,0.0,0.8,1200.0
683402,-411.18999999999414,29,5.298629539261276,0.0,0.8,1200.0
683403,-121.82333333333355,30,8.964472964358846,0.0,0.8,416.0
683404,-416.98666666666924,30,5.535517294311059,0.0,0.8,1200.0
683405,-120.81000000000027,30,8.011840157889043,0.0,0.8,379.0
683406,-88.05333333333347,28,10.927972879207086,0.0,0.8,333.0
683407,-133.10666666666637,29,9.204672886905731,0.0,0.8,447.0
683408,-426.67333333332766,29,4.319085696451402,0.0,0.8,1200.0
683409,-448.8199999999953,28,3.732797339767032,0.0,0.8,1200.0
683410,-118.12333333333378,30,10.551576651009064,0.0,0.8,436.0
683411,-454.0233333333441,30,2.7764061831999554,0.0,0.8,1200.0
683412,-119.44666666666645,26,8.58116633927198,0.0,0.8,386.0
683413,-459.290000000011,30,2.3832395165332927,0.0,0.8,1200.0
683414,-87.43333333333335,22,15.092485148275575,0.0,0.8,436.0
683415,-151.27666666666696,30,7.742265457999892,0.0,0.8,480.0
683416,-174.59333333333345,30,7.981621363356563,0.0,0.8,572.0
683417,-141.15333333333325,28,9.197576623263673,0.0,0.8,489.0
683418,-125.73000000000017,29,11.408550302702746,0.0,0.8,486.0
683419,-111.96333333333355,30,9.027937676067769,0.0,0.8,373.0
683420,-407.14999999999515,28,5.5672973397670305,0.0,0.8,1200.0
683421,-114.22000000000028,30,8.753300657592941,0.0,0.8,385.0
683422,-463.7833333333449,30,2.1060172943110693,0.0,0.8,1200.0
683423,-112.41999999999977,27,9.712138184508545,0.0,0.8,392.0
683424,-101.48333333333353,30,9.051580367279005,0.0,0.8,342.0
683425,-457.9666666666778,30,2.506192742405806,0.0,0.8,1200.0
683426,-134.62000000000035,30,7.126389399531727,0.0,0.8,407.0
683427,-455.9433333333262,29,2.7727377337346026,0.0,0.8,1200.0
683428,-417.30333333333743,27,4.858752273738154,0.0,0.8,1200.0
683429,-441.9299999999932,29,3.3451135273365438,0.0,0.8,1200.0
683430,-113.62000000000023,30,7.576155996935521,0.0,0.8,345.0
683431,-106.17666666666696,30,6.759705245320894,0.0,0.8,315.0
683432,-440.719999999993,29,3.5705247113342966,0.0,0.8,1200.0
683433,-99.66333333333337,29,6.771633601177313,0.0,0.8,297.0
683434,-467.56000000001137,30,1.8244781824522913,0.0,0.8,1200.0
683435,-92.2766666666669,30,7.244906496224115,0.0,0.8,280.0
683436,-102.60000000000012,29,8.212329693637203,0.0,0.8,317.0
683437,-114.6533333333334,29,8.475396844634531,0.0,0.8,378.0
683438,-124.80333333333363,30,8.699389377904515,0.0,0.8,425.0
683439,-397.6500000000023,26,6.329197852021664,0.0,0.8,1200.0
683440,-163.02999999999975,28,5.982998376621007,0.0,0.8,486.0
683441,-138.81000000000037,30,6.930453160190277,0.0,0.8,442.0
683442,-145.32666666666609,29,7.314991895436093,0.0,0.8,459.0
683443,-169.81666666666715,30,4.170969295512383,0.0,0.8,451.0
683444,-98.82666666666698,29,7.176071225288183,0.0,0.8,288.0
683445,-115.81666666666672,29,7.0072405877648425,0.0,0.8,334.0
683446,-112.4600000000003,29,8.05813111589998,0.0,0.8,370.0
683447,-409.52333333333655,26,5.520642296466135,0.0,0.8,1200.0
683448,-121.17666666666668,29,7.9659670629168895,0.0,0.8,369.0
683449,-115.37333333333346,29,7.5857143069150235,0.0,0.8,343.0
683450,-467.2966666666719,30,2.5075892935634037,0.0,0.8,1200.0
683451,-146.69666666666714,30,5.721179423897891,0.0,0.8,430.0
683452,-100.14000000000031,30,7.82581895629327,0.0,0.8,314.0
683453,-171.96333333333317,30,5.065515402488547,0.0,0.8,486.0
683454,-460.21333333334474,30,2.349311515785629,0.0,0.8,1200.0
683455,-109.00333333333374,30,9.263405546833573,0.0,0.8,376.0
683456,-484.5033333333386,30,1.4763761524237262,0.0,0.8,1200.0
683457,-73.1833333333333,27,8.633901066153474,0.0,0.8,242.0
683458,-115.12333333333363,30,6.935152894723706,0.0,0.8,352.0
683459,-120.92666666666678,30,7.987184717336996,0.0,0.8,387.0
683460,-121.7966666666669,30,8.541314824982159,0.0,0.8,406.0
683461,-143.5666666666668,30,6.757259701579646,0.0,0.8,428.0
683462,-116.6899999999999,29,6.86281920552315,0.0,0.8,353.0
683463,-134.63666666666697,30,8.346715665443964,0.0,0.8,445.0
683464,-146.60000000000028,30,4.099923464566464,0.0,0.8,393.0
683465,-128.33666666666656,29,8.218855246313835,0.0,0.8,428.0
683466,-423.7966666666614,28,4.523579412413964,0.0,0.8,1200.0
683467,-415.07666666667154,26,5.677031185355022,0.0,0.8,1200.0
683468,-456.12000000001365,29,2.8817291535128082,0.0,0.8,1200.0
683469,-473.1633333333455,30,1.8530892935634045,0.0,0.8,1200.0
683470,-438.0899999999931,29,3.5969237607358324,0.0,0.8,1200.0
683471,-450.29666666667754,30,2.7374226268967377,0.0,0.8,1200.0
683472,-86.82000000000028,30,7.362893942191489,0.0,0.8,272.0
683473,-112.39333333333357,30,5.797848298994055,0.0,0.8,322.0
683474,-459.346666666659,29,2.1255415980262735,0.0,0.8,1200.0
683475,-122.62333333333366,30,5.949772643680754,0.0,0.8,344.0
683476,-136.1833333333336,30,3.671166542283795,0.0,0.8,353.0
683477,-105.65333333333345,28,6.73989540008878,0.0,0.8,325.0
683478,-473.66000000001185,30,1.4009903800773604,0.0,0.8,1200.0
683479,-93.75666666666665,29,6.355193978222971,0.0,0.8,274.0
683480,-93.8766666666669,28,5.843648370068993,0.0,0.8,273.0
683481,-88.21666666666685,30,6.568390616513322,0.0,0.8,264.0
683482,-477.81666666665336,28,2.812930004190751,0.0,0.8,1200.0
683483,-94.23333333333356,30,5.854489509413378,0.0,0.8,280.0
683484,-146.13000000000054,30,6.1567013518949105,0.0,0.8,436.0
683485,-95.87333333333356,30,5.848015745911122,0.0,0.8,283.0
683486,-108.98999999999991,29,5.790074677526106,0.0,0.8,310.0
683487,-467.70333333332474,29,2.0067970694720234,0.0,0.8,1200.0
683488,-93.65000000000032,29,6.205120237160897,0.0,0.8,275.0
683489,-144.4533333333326,29,4.796663899690689,0.0,0.8,416.0
683490,-100.62333333333358,30,5.024663291308117,0.0,0.8,282.0
683491,-475.0400000000121,30,1.2658114410853405,0.0,0.8,1200.0
683492,-91.08000000000014,27,6.961533308823862,0.0,0.8,271.0
683493,-110.37333333333363,30,5.033189033524694,0.0,0.8,311.0
683494,-132.51,29,6.468196432689338,0.0,0.8,380.0
683495,-100.92666666666679,30,4.9238023348499995,0.0,0.8,281.0
683496,-99.96333333333358,30,5.2274085395570244,0.0,0.8,272.0
683497,-473.0466666666787,30,1.4172375200034448,0.0,0.8,1200.0
683498,-448.04333333332744,28,3.2711593144222246,0.0,0.8,1200.0
683499,-132.6833333333337,30,5.088440901053207,0.0,0.8,373.0
683500,-118.86333333333369,30,5.444346287091605,0.0,0.8,344.0
683501,-156.8800000000006,30,4.023777708609951,0.0,0.8,437.0
683502,-88.82000000000025,30,4.965097328186096,0.0,0.8,241.0
683503,-122.48666666666715,30,3.9480730132381865,0.0,0.8,325.0
683504,-480.27333333334553,30,1.1136570467440379,0.0,0.8,1200.0
683505,-468.56999999999204,29,2.142991513916463,0.0,0.8,1200.0
683506,-484.6333333333459,30,0.946768157855152,0.0,0.8,1200.0
683507,-114.89666666666685,30,4.840089204052816,0.0,0.8,319.0
683508,-467.64666666668097,29,2.659151092573936,0.0,0.8,1200.0
683509,-111.6166666666669,29,5.4885693011820225,0.0,0.8,310.0
683510,-136.27333333333317,29,4.760411288356152,0.0,0.8,376.0
683511,-80.81000000000022,30,6.813453401235647,0.0,0.8,237.0
683512,-100.49000000000031,30,4.485599710709796,0.0,0.8,267.0
683513,-95.07333333333358,30,5.860204158368571,0.0,0.8,270.0
683514,-86.3733333333335,29,6.146927404217733,0.0,0.8,245.0
683515,-480.82666666667944,30,1.2051570467440365,0.0,0.8,1200.0
683516,-95.71666666666681,30,5.694203079470686,0.0,0.8,278.0
683517,-460.429999999992,29,2.265262203685006,0.0,0.8,1200.0
683518,-97.01000000000026,28,6.2164626416702085,0.0,0.8,290.0
683519,-471.6666666666813,29,2.4218248472498,0.0,0.8,1200.0
683520,-93.90000000000015,28,6.13883093273886,0.0,0.8,279.0
683521,-93.35333333333358,30,5.340091452051933,0.0,0.8,263.0
683522,-122.85333333333361,30,7.493476509332072,0.0,0.8,385.0
683523,-137.59333333333282,29,5.274421306985464,0.0,0.8,388.0
683524,-166.46000000000024,30,10.577858812676883,0.0,0.8,610.0
683525,-190.59666666666644,30,9.885005750345547,0.0,0.8,674.0
683526,-380.4000000000067,30,7.278744896444076,0.0,0.8,1200.0
683527,-28.020000000000106,1,28.975833333333334,0.0,0.8,1200.0
683528,-148.19000000000074,30,9.406614208299008,0.0,0.8,498.0
683529,-10.976666666666661,5,26.5481917406466,0.0,0.8,215.0
683530,-143.82333333333335,30,13.236079293692999,0.0,0.8,629.0
683531,-211.88000000000017,30,8.159612063750588,0.0,0.8,686.0
683532,-101.6833333333334,28,12.612709155481966,0.0,0.8,422.0
683533,-95.06000000000017,28,14.228620247878933,0.0,0.8,418.0
683534,-152.8700000000001,30,12.754982912032096,0.0,0.8,651.0
683535,-152.59333333333382,28,13.185835836384628,0.0,0.8,638.0
683536,-242.46999999999892,15,16.210428570697143,0.0,0.8,1200.0
683537,-84.25333333333305,24,13.687392125742534,0.0,0.8,367.0
683538,-70.1133333333333,21,17.386297643412526,0.0,0.8,394.0
683539,-440.6966666666627,28,4.484636053011157,0.0,0.8,1200.0
683540,-116.91666666666683,30,8.881802274630905,0.0,0.8,385.0
683541,-1.013333333333332,1,28.546875,0.0,0.8,64.0
683542,-108.98999999999978,24,16.60675093317364,0.0,0.8,578.0
683543,-142.2133333333338,30,10.822785202553451,0.0,0.8,522.0
683544,-109.9700000000001,30,11.71069970412595,0.0,0.8,420.0
683545,-141.38,28,10.877445663291017,0.0,0.8,514.0
683546,-116.31,29,11.850711189768711,0.0,0.8,462.0
683547,-165.70000000000007,29,10.23508409242999,0.0,0.8,591.0
683548,-108.61666666666665,30,8.836469934413248,0.0,0.8,370.0
683549,-442.81000000001023,30,3.3670782297774147,0.0,0.8,1200.0
683550,-119.77333333333365,30,12.30689061301203,0.0,0.8,480.0
683551,-128.12666666666695,29,10.38385622531588,0.0,0.8,469.0
683552,-405.4933333333298,27,6.653068791623104,0.0,0.8,1200.0
683553,-428.14333333332735,29,4.25419047472762,0.0,0.8,1200.0
683554,-112.02666666666697,27,12.523603468939053,0.0,0.8,449.0
683555,-144.38333333333412,27,10.623760375577252,0.0,0.8,526.0
683556,-172.63333333333335,30,8.226509157033275,0.0,0.8,566.0
683557,-129.0933333333331,29,13.018744990043269,0.0,0.8,535.0
683558,-162.35999999999927,29,12.520210430096407,0.0,0.8,672.0
683559,-410.56666666666365,28,5.754636053011159,0.0,0.8,1200.0
683560,-150.33333333333348,30,10.32805553110205,0.0,0.8,538.0
683561,-128.7700000000003,30,12.170482590168167,0.0,0.8,512.0
683562,-105.40666666666674,28,13.889140092205901,0.0,0.8,473.0
683563,-3.4100000000000126,2,28.334225040944283,0.0,0.8,148.0
683564,-347.9300000000001,24,9.183918366145308,0.0,0.8,1200.0
683565,-130.51999999999967,25,11.476964340011984,0.0,0.8,499.0
683566,-129.63333333333355,30,9.844407458654294,0.0,0.8,466.0
683567,-1.3400000000000014,1,28.628205128205128,0.0,0.8,78.0
683568,-83.66000000000047,17,16.693344748149368,0.0,0.8,429.0
683569,-369.7200000000013,26,7.872193876244898,0.0,0.8,1200.0
683570,-120.68000000000019,30,9.269518517946091,0.0,0.8,408.0
683571,-142.1733333333333,28,13.482159689712953,0.0,0.8,610.0
683572,-158.57999999999967,29,12.766072485347353,0.0,0.8,674.0
683573,-108.53666666666628,24,15.605196229566097,0.0,0.8,520.0
683574,-122.09000000000026,28,14.941492523248339,0.0,0.8,583.0
683575,-128.74000000000004,29,8.416968173479114,0.0,0.8,419.0
683576,-5.963333333333343,4,25.936489698282422,0.0,0.8,118.0
683577,-441.29999999999325,29,3.5383517614834923,0.0,0.8,1200.0
683578,-130.23333333333355,27,10.609871718521482,0.0,0.8,482.0
683579,-111.01000000000018,28,12.282535108343323,0.0,0.8,454.0
683580,-430.7933333333427,30,3.8669617387555135,0.0,0.8,1200.0
683581,-106.20666666666688,29,12.316069651234868,0.0,0.8,413.0
683582,-137.58666666666673,30,8.860086158928729,0.0,0.8,473.0
683583,-104.84333333333355,30,13.086302821286445,0.0,0.8,456.0
683584,-241.00333333333788,14,16.57842432462544,0.0,0.8,1200.0
683585,-105.32666666666705,30,10.651003678341839,0.0,0.8,386.0
683586,-382.843333333332,24,7.091843254660471,0.0,0.8,1200.0
683587,-429.0966666666605,29,4.097955784585401,0.0,0.8,1200.0
683588,-427.57666666665637,27,5.26962471893026,0.0,0.8,1200.0
683589,-98.05666666666666,26,12.203315031455377,0.0,0.8,390.0
683590,-421.46000000000925,30,4.565017294311066,0.0,0.8,1200.0
683591,-116.49666666666674,29,8.259949473955345,0.0,0.8,354.0
683592,-439.966666666656,27,4.962076251383904,0.0,0.8,1200.0
683593,-375.4300000000014,26,7.211767524876829,0.0,0.8,1200.0
683594,-450.87000000001046,30,2.897350627644401,0.0,0.8,1200.0
683595,-136.0400000000004,25,13.498567415776416,0.0,0.8,609.0
683596,-165.69000000000048,30,13.691645638778148,0.0,0.8,735.0
683597,-452.5000000000109,30,2.669850627644398,0.0,0.8,1200.0
683598,-96.87333333333335,29,9.534002350743561,0.0,0.8,332.0
683599,-114.5133333333334,29,14.206457233928576,0.0,0.8,508.0
683600,-111.95333333333342,30,10.006401219314814,0.0,0.8,399.0
683601,-101.63000000000007,29,8.923986609157437,0.0,0.8,340.0
683602,-103.41333333333351,29,9.767186722994117,0.0,0.8,363.0
683603,-414.78333333333796,29,6.075407317039047,0.0,0.8,1200.0
683604,-141.23000000000033,30,6.981375200246801,0.0,0.8,432.0
683605,-143.3633333333337,30,7.39856781930513,0.0,0.8,451.0
683606,-136.88666666666686,30,8.965771698857434,0.0,0.8,461.0
683607,-431.90000000000947,30,3.8242950720888462,0.0,0.8,1200.0
683608,-77.49000000000017,29,9.872674495482201,0.0,0.8,270.0
683609,-103.15666666666682,29,9.0146650733339,0.0,0.8,347.0
683610,-418.3299999999943,28,5.051130673100371,0.0,0.8,1200.0
683611,-108.84666666666662,28,10.587388808827228,0.0,0.8,390.0
683612,-150.6399999999995,29,13.508379535326542,0.0,0.8,659.0
683613,-408.29333333334205,30,5.466183960977731,0.0,0.8,1200.0
683614,-111.37999999999998,30,9.440679044722087,0.0,0.8,384.0
683615,-441.9166666666728,29,4.333462872594605,0.0,0.8,1200.0
683616,-143.27333333333334,30,9.222400994901054,0.0,0.8,489.0
683617,-282.0599999999993,30,5.739061148401541,0.0,0.8,830.0
683618,-162.40000000000026,28,10.116905407814489,0.0,0.8,587.0
683619,-117.0866666666668,29,9.059296490582774,0.0,0.8,395.0
683620,-400.25000000000597,25,6.47784920883067,0.0,0.8,1200.0
683621,-115.03333333333376,30,11.135653226908982,0.0,0.8,440.0
683622,-453.6500000000113,30,3.0232396646322246,0.0,0.8,1200.0
683623,-125.30666666666716,30,10.298172888078698,0.0,0.8,455.0
683624,-115.92000000000046,30,5.941311716340699,0.0,0.8,326.0
683625,-163.60666666666728,30,5.389830097456025,0.0,0.8,468.0
683626,-463.9166666666781,30,2.13086707134118,0.0,0.8,1200.0
683627,-138.4633333333335,30,6.338614416732037,0.0,0.8,399.0
683628,-94.17333333333355,30,6.370491981407178,0.0,0.8,272.0
683629,-470.9033333333452,30,1.632533738007847,0.0,0.8,1200.0
683630,-123.056666666667,30,9.601565193584769,0.0,0.8,434.0
683631,-115.90000000000022,30,6.279845474491482,0.0,0.8,342.0
683632,-462.5433333333457,30,2.4120122399576025,0.0,0.8,1200.0
683633,-106.43333333333342,30,7.727570055713978,0.0,0.8,340.0
683634,-106.46666666666692,30,4.767276940343688,0.0,0.8,288.0
683635,-114.34333333333335,29,10.349292506997562,0.0,0.8,412.0
683636,-141.8900000000001,30,10.410578383745587,0.0,0.8,508.0
683637,-452.00666666665904,29,2.819479316291386,0.0,0.8,1200.0
683638,-104.95000000000019,30,6.99949360510927,0.0,0.8,315.0
683639,-455.6733333333442,30,2.7177559602300705,0.0,0.8,1200.0
683640,-80.33666666666649,26,10.56912388978298,0.0,0.8,290.0
683641,-118.9733333333337,30,7.996186681665119,0.0,0.8,374.0
683642,-158.69666666666672,30,6.645984601658654,0.0,0.8,488.0
683643,-131.18000000000015,30,9.39308640177115,0.0,0.8,457.0
683644,-90.21333333333348,30,8.484507421641675,0.0,0.8,290.0
683645,-441.99666666665985,29,3.264479316291387,0.0,0.8,1200.0
683646,-153.70333333333255,29,7.767086209690819,0.0,0.8,497.0
683647,-465.5033333333446,30,1.9380337380078474,0.0,0.8,1200.0
683648,-123.01000000000036,30,6.002294447116478,0.0,0.8,359.0
683649,-155.51666666666713,30,7.429222526166511,0.0,0.8,501.0
683650,-95.3533333333335,30,7.6326751499752605,0.0,0.8,293.0
683651,-123.0633333333335,30,7.159466539062611,0.0,0.8,374.0
683652,-114.78000000000033,30,7.811038385952098,0.0,0.8,360.0
683653,-154.88999999999996,30,4.950851677554259,0.0,0.8,432.0
683654,-111.2300000000003,30,7.453194402505905,0.0,0.8,353.0
683655,-108.44333333333343,29,8.113338490362183,0.0,0.8,358.0
683656,-153.28666666666717,30,4.611824463315867,0.0,0.8,415.0
683657,-126.04333333333317,29,7.258129259910881,0.0,0.8,399.0
683658,-129.06000000000037,30,5.85153485475506,0.0,0.8,363.0
683659,-111.49666666666668,25,10.08837753500817,0.0,0.8,400.0
683660,-128.30333333333348,30,7.930104082999417,0.0,0.8,421.0
683661,-169.2766666666667,30,5.772551681920511,0.0,0.8,477.0
683662,-464.21666666667824,30,2.0932004046745196,0.0,0.8,1200.0
683663,-97.26333333333335,28,8.311835928075551,0.0,0.8,315.0
683664,-187.36666666666645,30,8.807124328571287,0.0,0.8,642.0
683665,-103.86000000000018,30,7.068415492764384,0.0,0.8,312.0
683666,-109.56666666666659,26,9.136035791595475,0.0,0.8,377.0
683667,-79.97999999999993,26,9.176345520128828,0.0,0.8,268.0
683668,-125.64666666666692,28,7.575122275256689,0.0,0.8,391.0
683669,-115.73333333333352,30,7.358307050486425,0.0,0.8,362.0
683670,-108.60000000000022,29,9.082746984646933,0.0,0.8,355.0
683671,-92.79666666666678,27,8.235642719858529,0.0,0.8,290.0
683672,-131.64333333333366,30,7.167974363729406,0.0,0.8,413.0
683673,-181.5300000000003,30,6.436446903296531,0.0,0.8,559.0
683674,-124.32000000000028,30,4.608472174360575,0.0,0.8,337.0
683675,-115.84666666666709,30,6.705212401934526,0.0,0.8,351.0
683676,-101.24333333333374,28,5.5981551645880225,0.0,0.8,288.0
683677,-100.22000000000021,30,4.634157829341438,0.0,0.8,269.0
683678,-97.49333333333354,29,6.0964517676902,0.0,0.8,276.0
683679,-143.48999999999984,30,4.647494011988696,0.0,0.8,397.0
683680,-401.31666666665495,25,5.53596769723546,0.0,0.8,1200.0
683681,-490.340000000013,30,0.9111570467440389,0.0,0.8,1200.0
683682,-123.2533333333335,30,4.370711809232362,0.0,0.8,335.0
683683,-107.96000000000018,29,5.184410500110286,0.0,0.8,300.0
683684,-481.15000000000975,28,2.9286522264129924,0.0,0.8,1200.0
683685,-80.62000000000019,30,4.6601317411705985,0.0,0.8,216.0
683686,-108.99000000000026,29,4.880596464485137,0.0,0.8,307.0
683687,-474.88333333334555,30,1.398768157855149,0.0,0.8,1200.0
683688,-113.73666666666685,30,4.807856763463317,0.0,0.8,304.0
683689,-476.61333333334534,30,1.2591014911884841,0.0,0.8,1200.0
683690,-466.84999999999144,29,1.838706648129333,0.0,0.8,1200.0
683691,-450.7899999999927,29,2.7641581805831343,0.0,0.8,1200.0
683692,-479.5000000000122,30,1.2411478210191547,0.0,0.8,1200.0
683693,-497.8933333333388,30,0.8942681578551515,0.0,0.8,1200.0
683694,-90.04000000000028,30,4.434912423141667,0.0,0.8,246.0
683695,-435.71000000000555,26,4.736432271868974,0.0,0.8,1200.0
683696,-102.55333333333354,30,5.277852655530985,0.0,0.8,291.0
683697,-489.4700000000135,30,0.8633237134107073,0.0,0.8,1200.0
683698,-117.83000000000035,30,5.077014920330784,0.0,0.8,321.0
683699,-86.35000000000011,28,6.199151127262895,0.0,0.8,246.0
683700,-488.12333333333873,30,1.295379268966261,0.0,0.8,1200.0
683701,-474.4433333333451,30,1.4534348245218205,0.0,0.8,1200.0
683702,-99.20000000000012,30,4.5016732454393935,0.0,0.8,272.0
683703,-412.94000000000295,26,4.94675142918375,0.0,0.8,1200.0
683704,-150.26333333333338,30,3.022777878846326,0.0,0.8,386.0
683705,-489.97000000000537,30,1.077212602299597,0.0,0.8,1200.0
683706,-470.083333333345,30,1.9461014911884835,0.0,0.8,1200.0
683707,-108.41000000000035,28,5.344571445278502,0.0,0.8,301.0
683708,-456.996666666659,29,2.5267137361386824,0.0,0.8,1200.0
683709,-84.9833333333335,28,7.294434532871557,0.0,0.8,270.0
683710,-110.67333333333355,30,4.098542756013396,0.0,0.8,296.0
683711,-99.9166666666666,29,5.606123730078297,0.0,0.8,280.0
683712,-171.57999999999953,29,5.334290321522903,0.0,0.8,477.0
683713,-97.7766666666669,30,5.19020014753898,0.0,0.8,282.0
683714,-101.8266666666669,30,5.998826948161618,0.0,0.8,294.0
683715,-482.5733333333459,30,1.0342126022995968,0.0,0.8,1200.0
683716,-166.8533333333334,30,3.8223558675857827,0.0,0.8,442.0
683717,-478.0700000000128,30,1.4082525902272163,0.0,0.8,1200.0
683718,-419.41666666667027,26,4.854821160757877,0.0,0.8,1200.0
683719,-456.4966666666591,29,2.39313511175846,0.0,0.8,1200.0
683720,-133.03666666666672,28,6.702004926360799,0.0,0.8,407.0
683721,-487.5333333333464,30,0.9689143834554189,0.0,0.8,1200.0
683722,-131.55666666666696,30,4.357684727904182,0.0,0.8,339.0
683723,-84.1333333333335,30,4.271254156925429,0.0,0.8,230.0
683724,-126.76333333333342,29,11.990942896242146,0.0,0.8,493.0
683725,-454.6366666666733,29,3.8783571413942854,0.0,0.8,1200.0
683726,-140.60666666666688,30,12.148170683150719,0.0,0.8,550.0
683727,-101.92666666666672,23,15.778703091360104,0.0,0.8,496.0
683728,-429.14000000001,30,4.213131484838723,0.0,0.8,1200.0
683729,-404.7333333333413,30,5.7289276847067985,0.0,0.8,1200.0
683730,-159.9699999999999,29,9.01321159712998,0.0,0.8,532.0
683731,-432.56000000000563,29,5.158647449267672,0.0,0.8,1200.0
683732,-139.85333333333293,29,12.783411732535788,0.0,0.8,577.0
683733,-107.83999999999997,30,12.933727343488771,0.0,0.8,456.0
683734,-159.43333333333317,29,12.401278656902992,0.0,0.8,648.0
683735,-0.8733333333333322,1,28.5,0.0,0.8,58.0
683736,-319.18666666666826,27,10.972534589475442,0.0,0.8,1200.0
683737,-123.43666666666702,30,14.391489829535077,0.0,0.8,553.0
683738,-105.37000000000023,30,10.801797605525648,0.0,0.8,386.0
683739,-422.47000000000895,30,4.394657894755063,0.0,0.8,1200.0
683740,-109.37000000000032,28,11.889698963452238,0.0,0.8,421.0
683741,-184.7133333333332,30,9.378135024737263,0.0,0.8,636.0
683742,-135.87333333333353,30,11.126734282900006,0.0,0.8,501.0
683743,-102.06333333333377,30,10.538550621853714,0.0,0.8,363.0
683744,-137.1199999999999,30,11.799045048552646,0.0,0.8,530.0
683745,-138.95666666666637,29,10.395313378800676,0.0,0.8,506.0
683746,-140.2666666666671,28,13.09109398573705,0.0,0.8,588.0
683747,-156.51333333333346,30,10.243791273238005,0.0,0.8,574.0
683748,-115.81000000000047,30,13.628801549765376,0.0,0.8,515.0
683749,-0.779999999999999,1,28.462962962962962,0.0,0.8,54.0
683750,-125.53333333333356,30,11.110739517705166,0.0,0.8,465.0
683751,-125.1233333333336,29,11.87457104352333,0.0,0.8,489.0
683752,-134.25000000000057,30,11.918527857177725,0.0,0.8,534.0
683753,-430.93666666667616,30,4.114578229777417,0.0,0.8,1200.0
683754,-176.64333333333343,30,11.048210498120028,0.0,0.8,674.0
683755,-115.17000000000007,29,14.5955591192381,0.0,0.8,534.0
683756,-150.40666666666692,30,12.102617201531855,0.0,0.8,609.0
683757,-128.4566666666671,30,11.546265343526969,0.0,0.8,497.0
683758,-121.20666666666683,28,16.239684717329137,0.0,0.8,624.0
683759,-147.44666666666717,28,12.958808808768167,0.0,0.8,627.0
683760,-114.49000000000026,30,14.77415218537714,0.0,0.8,538.0
683761,-108.10000000000002,29,12.995488717787508,0.0,0.8,437.0
683762,-154.7366666666664,29,12.390250505012867,0.0,0.8,633.0
683763,-110.65666666666687,28,12.06191902940184,0.0,0.8,429.0
683764,-127.21000000000053,30,12.425702620443621,0.0,0.8,525.0
683765,-144.55666666666704,30,8.854284854785949,0.0,0.8,477.0
683766,-442.4333333333435,30,3.5754115631107486,0.0,0.8,1200.0
683767,-121.27666666666667,30,8.721779075976876,0.0,0.8,403.0
683768,-437.3833333333457,29,4.196690474727622,0.0,0.8,1200.0
683769,-125.28000000000024,30,12.707856772689444,0.0,0.8,519.0
683770,-169.99666666666664,30,11.007475415612657,0.0,0.8,640.0
683771,-428.65666666667613,30,4.49632393966653,0.0,0.8,1200.0
683772,-377.49999999999255,24,8.023918366145306,0.0,0.8,1200.0
683773,-103.11666666666707,30,11.501388548076324,0.0,0.8,389.0
683774,-447.0633333333431,30,2.8705728498666296,0.0,0.8,1200.0
683775,-421.2999999999948,28,4.570234696202276,0.0,0.8,1200.0
683776,-116.17333333333383,28,10.507454592809317,0.0,0.8,419.0
683777,-132.13333333333395,30,9.687884305808183,0.0,0.8,466.0
683778,-432.55333333333675,30,4.410813432003615,0.0,0.8,1200.0
683779,-177.54333333333324,30,7.635303022565805,0.0,0.8,569.0
683780,-434.27000000000993,30,3.872395110345806,0.0,0.8,1200.0
683781,-333.1566666666711,22,10.084859698357144,0.0,0.8,1200.0
683782,-147.4433333333337,30,8.76885811470536,0.0,0.8,481.0
683783,-442.7800000000103,30,3.6354617387555135,0.0,0.8,1200.0
683784,-93.06666666666689,29,8.80007226725554,0.0,0.8,306.0
683785,-349.5066666666636,23,9.086080786740274,0.0,0.8,1200.0
683786,-465.0766666666782,30,2.061239516533291,0.0,0.8,1200.0
683787,-111.15333333333352,29,11.082254321472966,0.0,0.8,412.0
683788,-124.21333333333362,30,6.980833125125402,0.0,0.8,385.0
683789,-452.0866666666803,29,3.525629539261272,0.0,0.8,1200.0
683790,-461.69000000000403,30,2.94962840542218,0.0,0.8,1200.0
683791,-100.67000000000046,30,10.789186829275225,0.0,0.8,368.0
683792,-114.91000000000021,28,11.261203389395654,0.0,0.8,435.0
683793,-433.90333333334314,30,3.7865172943110648,0.0,0.8,1200.0
683794,-91.61666666666699,28,11.741451707079879,0.0,0.8,356.0
683795,-381.7566666666634,27,7.600288542805665,0.0,0.8,1200.0
683796,-84.29000000000012,28,9.106375784570309,0.0,0.8,286.0
683797,-373.1333333333394,30,7.383961738755514,0.0,0.8,1200.0
683798,-135.70000000000033,28,10.393987894739197,0.0,0.8,484.0
683799,-423.97999999999496,28,4.510846150601824,0.0,0.8,1200.0
683800,-106.93666666666714,30,10.110084486499888,0.0,0.8,380.0
683801,-89.80333333333337,28,10.172944714154907,0.0,0.8,317.0
683802,-107.36000000000011,29,9.558280055713517,0.0,0.8,367.0
683803,-438.35000000001014,30,3.6002493493336374,0.0,0.8,1200.0
683804,-123.58666666666718,30,7.958638265589103,0.0,0.8,396.0
683805,-394.47333333332847,28,6.275519561989254,0.0,0.8,1200.0
683806,-86.46000000000029,23,12.03697355779569,0.0,0.8,340.0
683807,-441.29999999999325,29,3.654240650372382,0.0,0.8,1200.0
683808,-111.64666666666658,28,9.516553002773092,0.0,0.8,380.0
683809,-147.7733333333335,30,8.303670266611805,0.0,0.8,487.0
683810,-124.57333333333327,29,10.209864836988093,0.0,0.8,451.0
683811,-131.96333333333368,30,9.174070765405288,0.0,0.8,444.0
683812,-119.57000000000008,29,10.025770959328892,0.0,0.8,407.0
683813,-105.16000000000017,30,11.09201902523062,0.0,0.8,390.0
683814,-407.9699999999949,29,5.333129539261274,0.0,0.8,1200.0
683815,-132.4333333333334,29,8.070161456448028,0.0,0.8,426.0
683816,-87.16666666666679,29,8.7283692340671,0.0,0.8,291.0
683817,-392.576666666656,25,6.547800741284307,0.0,0.8,1200.0
683818,-430.64333333334275,30,4.170767881095227,0.0,0.8,1200.0
683819,-391.7533333333283,28,6.378852895322592,0.0,0.8,1200.0
683820,-432.7900000000122,29,4.5650668956965,0.0,0.8,1200.0
683821,-129.69000000000017,29,8.413099367615397,0.0,0.8,435.0
683822,-115.35999999999994,29,9.146265347158414,0.0,0.8,398.0
683823,-100.33666666666689,27,10.39892669655541,0.0,0.8,364.0
683824,-459.5466666666785,30,2.5002004046745383,0.0,0.8,1200.0
683825,-99.33,27,9.593477763603332,0.0,0.8,342.0
683826,-173.61666666666702,30,6.391228322011369,0.0,0.8,535.0
683827,-100.79666666666698,30,6.658048773095684,0.0,0.8,297.0
683828,-123.33000000000057,30,6.5373715420772465,0.0,0.8,374.0
683829,-463.72000000001145,30,2.0546448491189597,0.0,0.8,1200.0
683830,-117.21333333333348,27,8.210108922045466,0.0,0.8,370.0
683831,-466.3166666666585,29,2.32781264962472,0.0,0.8,1200.0
683832,-99.1866666666666,27,10.483871050369617,0.0,0.8,353.0
683833,-435.3800000000101,30,3.945533738007843,0.0,0.8,1200.0
683834,-465.5200000000143,29,2.5757491006315596,0.0,0.8,1200.0
683835,-128.5066666666669,30,6.8339531416050345,0.0,0.8,388.0
683836,-434.2400000000101,30,3.7528372417712412,0.0,0.8,1200.0
683837,-443.08666666666,29,3.3057137486634494,0.0,0.8,1200.0
683838,-113.84666666666676,30,6.032676367100377,0.0,0.8,334.0
683839,-139.3800000000001,30,6.7476910518048125,0.0,0.8,430.0
683840,-113.53666666666683,30,8.788196850514002,0.0,0.8,375.0
683841,-135.0466666666669,30,7.906891652140889,0.0,0.8,417.0
683842,-132.32000000000045,30,4.673871127230135,0.0,0.8,348.0
683843,-378.5766666666697,27,7.00683893303526,0.0,0.8,1200.0
683844,-448.7533333333286,28,3.7570360056860332,0.0,0.8,1200.0
683845,-95.88666666666677,27,8.765883251788026,0.0,0.8,308.0
683846,-123.16000000000021,30,7.2807342555220345,0.0,0.8,382.0
683847,-135.60000000000028,30,8.989455069560531,0.0,0.8,464.0
683848,-120.61666666666679,30,6.410084447671515,0.0,0.8,361.0
683849,-442.5766666666598,29,3.361534871846937,0.0,0.8,1200.0
683850,-103.19999999999995,29,7.086018617509387,0.0,0.8,319.0
683851,-108.39,30,6.488962865954119,0.0,0.8,326.0
683852,-82.96666666666682,29,7.357864947547344,0.0,0.8,253.0
683853,-138.10333333333344,30,6.779002783275567,0.0,0.8,414.0
683854,-129.31000000000026,30,6.153281015932315,0.0,0.8,373.0
683855,-499.5100000000062,30,1.359370242292709,0.0,0.8,1200.0
683856,-157.18000000000015,30,5.995725356419303,0.0,0.8,474.0
683857,-102.05000000000028,30,6.2049905704506125,0.0,0.8,302.0
683858,-93.94333333333331,28,8.97329991250794,0.0,0.8,303.0
683859,-164.75666666666714,30,6.538554061411934,0.0,0.8,493.0
683860,-434.5233333333432,30,3.7895892935634055,0.0,0.8,1200.0
683861,-146.39666666666707,30,8.992280257924898,0.0,0.8,487.0
683862,-431.1733333333276,29,3.9897015385136183,0.0,0.8,1200.0
683863,-113.04333333333375,30,7.112375442663042,0.0,0.8,344.0
683864,-447.9899999999927,29,3.0800348718469412,0.0,0.8,1200.0
683865,-461.97333333332523,29,2.377201538513604,0.0,0.8,1200.0
683866,-107.47333333333354,27,11.102856110612683,0.0,0.8,408.0
683867,-449.3199999999888,27,4.227075635240264,0.0,0.8,1200.0
683868,-456.25666666667803,30,2.564533738007847,0.0,0.8,1200.0
683869,-453.0666666666588,29,2.8512570940691657,0.0,0.8,1200.0
683870,-127.61000000000027,30,6.910063611831496,0.0,0.8,393.0
683871,-113.35666666666692,30,7.208802131093731,0.0,0.8,353.0
683872,-113.82333333333348,26,9.097866753989283,0.0,0.8,371.0
683873,-137.14333333333357,30,8.227383636710108,0.0,0.8,447.0
683874,-97.19666666666666,26,7.938258776230628,0.0,0.8,310.0
683875,-94.24000000000032,30,7.157514842305134,0.0,0.8,289.0
683876,-119.55666666666646,26,6.722559977226051,0.0,0.8,362.0
683877,-95.9666666666669,30,5.114064130185451,0.0,0.8,267.0
683878,-106.05666666666689,30,5.228200657729783,0.0,0.8,288.0
683879,-104.38666666666693,29,5.043626115140001,0.0,0.8,284.0
683880,-479.7500000000121,30,1.065768157855151,0.0,0.8,1200.0
683881,-100.31000000000004,29,5.168558156688228,0.0,0.8,282.0
683882,-472.85333333334825,29,2.244334881256439,0.0,0.8,1200.0
683883,-478.3366666666789,30,1.280879268966264,0.0,0.8,1200.0
683884,-475.3199999999871,28,2.802325981088894,0.0,0.8,1200.0
683885,-97.38666666666687,30,4.620279266763994,0.0,0.8,269.0
683886,-131.17666666666713,30,6.826115496959585,0.0,0.8,408.0
683887,-96.15666666666688,30,4.2077519892400135,0.0,0.8,257.0
683888,-114.50666666666675,30,5.454818332012275,0.0,0.8,327.0
683889,-478.32333333334554,30,1.3237126022995909,0.0,0.8,1200.0
683890,-88.84000000000026,30,5.5130494289398735,0.0,0.8,252.0
683891,-479.5500000000122,30,1.3052126022995956,0.0,0.8,1200.0
683892,-90.06333333333366,30,5.930259303382011,0.0,0.8,264.0
683893,-118.5633333333332,29,4.845834640695686,0.0,0.8,335.0
683894,-102.44000000000032,30,6.745633515452981,0.0,0.8,308.0
683895,-159.486666666667,30,4.599066793861333,0.0,0.8,441.0
683896,-479.50333333334555,30,1.1917681578551498,0.0,0.8,1200.0
683897,-122.34666666666693,30,5.3323219631266285,0.0,0.8,341.0
683898,-81.04666666666692,30,5.952454031872013,0.0,0.8,233.0
683899,-111.83333333333327,29,6.061376919136987,0.0,0.8,317.0
683900,-129.22999999999988,29,4.5397331956834295,0.0,0.8,363.0
683901,-96.29666666666685,29,6.461231748942816,0.0,0.8,284.0
683902,-454.7999999999927,29,2.719302191612661,0.0,0.8,1200.0
683903,-81.69666666666684,29,5.983252777680712,0.0,0.8,232.0
683904,-97.52666666666701,30,4.340018709762776,0.0,0.8,267.0
683905,-104.65333333333373,30,6.133235833137622,0.0,0.8,310.0
683906,-134.18000000000018,30,5.061788197643748,0.0,0.8,385.0
683907,-118.58333333333366,30,4.75260708158389,0.0,0.8,328.0
683908,-105.44000000000027,30,5.7818794861422065,0.0,0.8,306.0
683909,-96.19333333333346,29,5.661103862922089,0.0,0.8,279.0
683910,-82.44000000000025,30,5.700884149825496,0.0,0.8,232.0
683911,-118.10333333333347,30,4.83067208917023,0.0,0.8,330.0
683912,-125.13333333333361,30,5.872317937643992,0.0,0.8,364.0
683913,-131.48000000000022,30,4.500247776170445,0.0,0.8,357.0
683914,-88.66666666666681,28,5.95385182071146,0.0,0.8,253.0
683915,-102.13666666666688,30,6.029869141870488,0.0,0.8,292.0
683916,-465.9766666666613,28,2.8289370922000048,0.0,0.8,1200.0
683917,-451.3166666666607,28,2.944420778465889,0.0,0.8,1200.0
683918,-107.1266666666666,29,5.043674759545812,0.0,0.8,295.0
683919,-502.070000000006,30,1.1942681578551533,0.0,0.8,1200.0
683920,-104.78333333333363,30,4.276589997957942,0.0,0.8,281.0
683921,-472.0766666666784,30,1.5349903800773723,0.0,0.8,1200.0
683922,-140.24666666666698,30,4.188077576630679,0.0,0.8,384.0
683923,-115.39000000000027,30,4.4639794351860305,0.0,0.8,302.0
683924,-165.80666666666687,30,9.940893168589884,0.0,0.8,597.0
683925,-144.2033333333327,29,11.553397051850176,0.0,0.8,553.0
683926,-110.1166666666669,27,13.600081091646725,0.0,0.8,478.0
683927,-159.38666666666686,30,12.085864969073675,0.0,0.8,623.0
683928,-177.07999999999987,29,7.716954510024257,0.0,0.8,565.0
683929,-74.97333333333331,27,12.77347590272728,0.0,0.8,313.0
683930,-154.69000000000003,30,12.831413828308552,0.0,0.8,647.0
683931,-112.17000000000024,30,11.291752725745525,0.0,0.8,413.0
683932,-115.72666666666689,29,11.500747966814314,0.0,0.8,435.0
683933,-79.03666666666676,15,18.23080106718124,0.0,0.8,484.0
683934,-424.8433333333271,29,4.49669047472762,0.0,0.8,1200.0
683935,-115.95000000000044,30,11.704323917198407,0.0,0.8,438.0
683936,-0.779999999999999,1,28.452830188679247,0.0,0.8,53.0
683937,-132.3133333333332,30,11.947512625213657,0.0,0.8,505.0
683938,-96.8566666666668,30,10.945665392013643,0.0,0.8,359.0
683939,-152.1300000000005,27,13.651032481588212,0.0,0.8,676.0
683940,-125.49666666666707,30,14.718047488471733,0.0,0.8,587.0
683941,-144.34666666666678,30,8.490453126552744,0.0,0.8,472.0
683942,-151.6299999999999,30,10.461596206665892,0.0,0.8,560.0
683943,-132.55666666666707,30,9.369922975976325,0.0,0.8,469.0
683944,-403.4066666666619,29,5.643357141394293,0.0,0.8,1200.0
683945,-113.87000000000016,30,15.484864547567438,0.0,0.8,562.0
683946,-135.3699999999996,29,9.126730154829211,0.0,0.8,450.0
683947,-127.50000000000017,30,12.46041288751526,0.0,0.8,518.0
683948,-138.43333333333345,30,9.421430734040129,0.0,0.8,471.0
683949,-150.7233333333335,28,8.521915484675086,0.0,0.8,482.0
683950,-367.7233333333389,30,7.932911563110744,0.0,0.8,1200.0
683951,-127.82666666666698,30,10.253219559769176,0.0,0.8,464.0
683952,-138.28333333333342,30,11.385249768158394,0.0,0.8,536.0
683953,-166.5433333333334,30,11.18601864322276,0.0,0.8,637.0
683954,-164.57333333333372,30,11.69139668083265,0.0,0.8,640.0
683955,-102.09000000000024,30,10.742291989058716,0.0,0.8,390.0
683956,-418.7800000000086,30,4.751244896444081,0.0,0.8,1200.0
683957,-408.8299999999946,29,5.560023808060957,0.0,0.8,1200.0
683958,-131.4800000000001,30,8.657632648783292,0.0,0.8,425.0
683959,-95.303333333333,24,17.705122558271245,0.0,0.8,547.0
683960,-189.18000000000012,30,9.91603844834012,0.0,0.8,673.0
683961,-99.08666666666689,29,11.125761119325524,0.0,0.8,366.0
683962,-130.1933333333336,30,10.34079887977115,0.0,0.8,468.0
683963,-114.34999999999991,29,9.972860980050509,0.0,0.8,397.0
683964,-150.8533333333336,30,7.753081386168642,0.0,0.8,475.0
683965,-108.92000000000041,30,10.993606825849238,0.0,0.8,392.0
683966,-152.27333333333362,30,8.405799350166129,0.0,0.8,499.0
683967,-161.2400000000005,30,11.783757588140945,0.0,0.8,634.0
683968,-343.2366666666671,24,9.459751699478637,0.0,0.8,1200.0
683969,-153.33666666666693,30,13.491993687495407,0.0,0.8,667.0
683970,-103.50000000000007,29,11.840506396066965,0.0,0.8,408.0
683971,-151.2533333333336,30,11.125520618735376,0.0,0.8,578.0
683972,-243.73666666666696,30,10.705534551057053,0.0,0.8,928.0
683973,-200.36666666666642,30,8.246969600804984,0.0,0.8,662.0
683974,-162.07666666666677,29,10.665345976989578,0.0,0.8,589.0
683975,-146.8033333333331,29,10.9875201393172,0.0,0.8,562.0
683976,-445.1633333333265,29,3.49190731703905,0.0,0.8,1200.0
683977,-125.44333333333364,28,12.228855499027258,0.0,0.8,497.0
683978,-144.47333333333313,29,9.013053076789024,0.0,0.8,492.0
683979,-432.9933333333267,29,4.009351761483496,0.0,0.8,1200.0
683980,-423.8100000000049,29,5.3934273548395,0.0,0.8,1200.0
683981,-128.33333333333348,30,10.10019087301299,0.0,0.8,458.0
683982,-100.30333333333296,26,11.468774115093957,0.0,0.8,388.0
683983,-426.38000000000943,30,4.5109061831999595,0.0,0.8,1200.0
683984,-104.60333333333371,30,8.848666915965271,0.0,0.8,347.0
683985,-156.57333333333327,30,8.375008076100029,0.0,0.8,506.0
683986,-160.6733333333334,30,7.381332186771958,0.0,0.8,506.0
683987,-449.08333333334355,30,3.0195728498666234,0.0,0.8,1200.0
683988,-391.2599999999948,28,6.588519561989255,0.0,0.8,1200.0
683989,-144.5833333333336,30,9.080708596602992,0.0,0.8,506.0
683990,-412.4199999999969,28,5.450901362868924,0.0,0.8,1200.0
683991,-102.15333333333344,28,11.022599581278959,0.0,0.8,393.0
683992,-127.09666666666645,29,10.874674016588887,0.0,0.8,469.0
683993,-407.9566666666745,30,5.285683960977739,0.0,0.8,1200.0
683994,-131.28999999999985,29,8.29802674559235,0.0,0.8,428.0
683995,-138.3800000000003,30,8.85657782890348,0.0,0.8,463.0
683996,-105.64000000000023,30,14.25762731535641,0.0,0.8,481.0
683997,-106.00666666666692,30,10.05196645290654,0.0,0.8,375.0
683998,-102.85333333333352,30,9.42007767660042,0.0,0.8,353.0
683999,-116.14000000000017,29,11.689590926516614,0.0,0.8,443.0
684000,-91.2133333333336,28,9.461008941784835,0.0,0.8,314.0
684001,-115.9133333333335,27,10.704596639266068,0.0,0.8,426.0
684002,-462.5800000000042,30,2.735850627644402,0.0,0.8,1200.0
684003,-136.9300000000004,30,9.437651181994198,0.0,0.8,468.0
684004,-114.36666666666696,30,7.650871308041878,0.0,0.8,349.0
684005,-448.00666666667723,30,2.8900945819392168,0.0,0.8,1200.0
684006,-149.80333333333374,30,12.14376023190703,0.0,0.8,603.0
684007,-150.54999999999953,29,12.81126730482475,0.0,0.8,623.0
684008,-137.67333333333374,30,9.991812249327753,0.0,0.8,486.0
684009,-470.5500000000055,30,2.9776839609777332,0.0,0.8,1200.0
684010,-435.1533333333432,30,3.6996839609777363,0.0,0.8,1200.0
684011,-145.45333333333343,30,6.532163058995311,0.0,0.8,438.0
684012,-100.10333333333354,30,7.721184180705151,0.0,0.8,325.0
684013,-106.91666666666687,29,10.46316548026189,0.0,0.8,389.0
684014,-441.2733333333435,30,3.4295728498666254,0.0,0.8,1200.0
684015,-446.78666666665976,29,3.260907317039054,0.0,0.8,1200.0
684016,-101.01666666666706,30,8.588458465604576,0.0,0.8,339.0
684017,-404.2500000000038,27,5.559631806939459,0.0,0.8,1200.0
684018,-108.82333333333371,30,9.514810801019891,0.0,0.8,366.0
684019,-107.64000000000044,30,9.575076745400048,0.0,0.8,379.0
684020,-439.39666666667677,30,3.6107954779580305,0.0,0.8,1200.0
684021,-123.37000000000023,30,7.870874696192723,0.0,0.8,401.0
684022,-103.35333333333372,30,8.842958704850096,0.0,0.8,345.0
684023,-108.04999999999993,27,9.471888704784405,0.0,0.8,359.0
684024,-117.65666666666674,30,6.470805993130515,0.0,0.8,348.0
684025,-456.4266666666591,29,2.6504237607358307,0.0,0.8,1200.0
684026,-478.43333333334107,29,2.520645982958052,0.0,0.8,1200.0
684027,-472.38000000001244,30,2.095978182452302,0.0,0.8,1200.0
684028,-188.0899999999999,30,5.452707679716969,0.0,0.8,532.0
684029,-119.67666666666662,29,6.837758965928029,0.0,0.8,354.0
684030,-112.81666666666696,30,7.773078956007559,0.0,0.8,365.0
684031,-122.54000000000003,29,6.212416463639761,0.0,0.8,347.0
684032,-448.7699999999923,29,2.8229166727266306,0.0,0.8,1200.0
684033,-457.0766666666777,30,2.3508115157856224,0.0,0.8,1200.0
684034,-131.7233333333337,30,6.411296120992687,0.0,0.8,399.0
684035,-143.02333333333345,30,6.4225848938024335,0.0,0.8,418.0
684036,-119.86333333333354,30,7.78525168983442,0.0,0.8,386.0
684037,-433.7366666666712,27,3.9227244609893184,0.0,0.8,1200.0
684038,-171.08333333333306,30,6.001408669872674,0.0,0.8,502.0
684039,-128.55666666666687,30,7.052290788575968,0.0,0.8,396.0
684040,-133.15666666666672,29,6.370063745695345,0.0,0.8,395.0
684041,-115.71666666666711,30,10.673539656057413,0.0,0.8,435.0
684042,-113.64333333333353,30,6.4613348048770325,0.0,0.8,330.0
684043,-120.41333333333341,27,8.858175105285751,0.0,0.8,403.0
684044,-144.14000000000024,30,6.00056398444714,0.0,0.8,425.0
684045,-480.4066666666716,30,1.7160477015970226,0.0,0.8,1200.0
684046,-181.0966666666677,30,5.8088054755397325,0.0,0.8,527.0
684047,-140.21666666666687,30,7.898059026687147,0.0,0.8,460.0
684048,-107.63666666666703,30,6.133676770115659,0.0,0.8,312.0
684049,-112.6466666666666,28,8.10589350136845,0.0,0.8,358.0
684050,-447.8033333333261,29,3.101645982958051,0.0,0.8,1200.0
684051,-123.90999999999994,30,6.713827441405475,0.0,0.8,365.0
684052,-406.60666666667004,26,5.383447852021697,0.0,0.8,1200.0
684053,-176.06333333333362,26,8.646809432528487,0.0,0.8,589.0
684054,-169.61999999999935,28,8.756822157133648,0.0,0.8,578.0
684055,-97.28666666666675,28,10.507630982708372,0.0,0.8,354.0
684056,-439.9533333333213,28,4.780973362121257,0.0,0.8,1200.0
684057,-464.8399999999922,29,2.361645982958053,0.0,0.8,1200.0
684058,-150.12666666666618,29,8.312453486099187,0.0,0.8,503.0
684059,-452.98000000001065,30,2.7449226268967384,0.0,0.8,1200.0
684060,-160.50333333333313,29,7.933545687311789,0.0,0.8,511.0
684061,-135.6800000000004,28,7.7072853630903095,0.0,0.8,444.0
684062,-120.79333333333395,30,8.612053209375123,0.0,0.8,385.0
684063,-146.68333333333283,26,6.9967068105052,0.0,0.8,434.0
684064,-432.10666666666083,29,4.109979316291389,0.0,0.8,1200.0
684065,-152.60000000000036,30,6.220643438135792,0.0,0.8,467.0
684066,-99.12333333333329,29,8.241872347332299,0.0,0.8,325.0
684067,-164.23333333333318,30,7.777518246268581,0.0,0.8,529.0
684068,-106.53666666666705,30,8.353713500784329,0.0,0.8,352.0
684069,-75.17666666666666,28,7.837188729477007,0.0,0.8,236.0
684070,-81.80000000000024,29,7.748340545115874,0.0,0.8,256.0
684071,-139.94666666666674,30,5.8282930819471375,0.0,0.8,402.0
684072,-122.05333333333348,30,4.888876855955678,0.0,0.8,329.0
684073,-102.00333333333339,29,10.943209544686367,0.0,0.8,389.0
684074,-462.5966666666614,28,2.9382148699777826,0.0,0.8,1200.0
684075,-92.42000000000006,29,6.716610644688734,0.0,0.8,275.0
684076,-98.71666666666681,30,6.219433411544725,0.0,0.8,291.0
684077,-89.6900000000001,29,4.653202094625367,0.0,0.8,244.0
684078,-133.76333333333355,30,5.523913649872968,0.0,0.8,383.0
684079,-93.06666666666692,30,5.559213450103894,0.0,0.8,252.0
684080,-120.7200000000005,30,4.202255591956808,0.0,0.8,320.0
684081,-467.37333333332504,29,1.8523383838251037,0.0,0.8,1200.0
684082,-71.96666666666661,27,7.867480968889741,0.0,0.8,226.0
684083,-125.37333333333346,30,4.260607799476446,0.0,0.8,332.0
684084,-127.97333333333373,30,4.383441660355441,0.0,0.8,355.0
684085,-112.96666666666684,30,3.932840553603795,0.0,0.8,294.0
684086,-73.1566666666667,27,7.909595321863905,0.0,0.8,227.0
684087,-470.31666666665853,29,2.0303193758040194,0.0,0.8,1200.0
684088,-73.70999999999992,27,8.052744111449107,0.0,0.8,237.0
684089,-128.77666666666678,30,4.75713721441204,0.0,0.8,358.0
684090,-92.65666666666698,30,5.869411113154054,0.0,0.8,263.0
684091,-476.16666666667885,30,1.3003931578551524,0.0,0.8,1200.0
684092,-477.5266666666785,30,1.2042126022995958,0.0,0.8,1200.0
684093,-98.42666666666678,29,5.14652606571621,0.0,0.8,274.0
684094,-99.2933333333334,29,6.07660195837282,0.0,0.8,276.0
684095,-88.4466666666669,30,5.70479998374628,0.0,0.8,248.0
684096,-103.60333333333334,29,5.116454753637651,0.0,0.8,284.0
684097,-128.0633333333334,30,4.5696641745061735,0.0,0.8,352.0
684098,-123.82666666666702,30,5.909705401009878,0.0,0.8,356.0
684099,-189.05666666666698,30,3.6791519416357548,0.0,0.8,501.0
684100,-100.33333333333337,29,5.6742493453562775,0.0,0.8,280.0
684101,-476.9866666666785,30,1.1731014911884854,0.0,0.8,1200.0
684102,-98.53666666666689,30,5.061007775675884,0.0,0.8,273.0
684103,-119.13333333333364,30,4.275616894752895,0.0,0.8,319.0
684104,-116.03333333333325,29,5.305195892187633,0.0,0.8,330.0
684105,-100.48333333333349,30,6.042508951397665,0.0,0.8,293.0
684106,-165.55999999999997,30,6.623237331397434,0.0,0.8,490.0
684107,-476.03333333334547,30,1.3057681578551532,0.0,0.8,1200.0
684108,-112.04666666666685,30,6.622254097789598,0.0,0.8,335.0
684109,-109.29666666666698,30,4.703298188912869,0.0,0.8,298.0
684110,-119.40000000000035,30,4.053466420677866,0.0,0.8,314.0
684111,-114.61666666666669,30,4.344514960386775,0.0,0.8,309.0
684112,-86.92000000000026,30,5.299254349063522,0.0,0.8,239.0
684113,-104.76666666666664,29,5.685239630348901,0.0,0.8,298.0
684114,-497.906666666673,30,1.2273792689662584,0.0,0.8,1200.0
684115,-470.0900000000112,30,1.9519348245218222,0.0,0.8,1200.0
684116,-110.09666666666676,29,6.528816972578258,0.0,0.8,327.0
684117,-450.04666666666117,28,3.0033188930796655,0.0,0.8,1200.0
684118,-148.12000000000012,30,5.532081420487048,0.0,0.8,438.0
684119,-464.333333333325,29,2.0755470694720226,0.0,0.8,1200.0
684120,-114.95333333333353,30,5.371539336188438,0.0,0.8,329.0
684121,-129.58333333333331,28,6.767870223890152,0.0,0.8,398.0
684122,-102.21000000000011,29,5.302044552690141,0.0,0.8,291.0
684123,-118.98000000000035,29,6.447643808286108,0.0,0.8,358.0
684124,-124.81333333333384,30,10.422888607104081,0.0,0.8,441.0
684125,-100.61666666666704,30,17.175313313048044,0.0,0.8,539.0
684126,-113.49333333333355,30,10.338775505624438,0.0,0.8,397.0
684127,-416.8366666666753,30,4.994578229777416,0.0,0.8,1200.0
684128,-165.6766666666671,30,10.288483715284091,0.0,0.8,591.0
684129,-0.9199999999999988,1,28.516666666666666,0.0,0.8,60.0
684130,-157.40000000000032,30,12.794018186420974,0.0,0.8,653.0
684131,-130.45333333333332,29,11.432596368399102,0.0,0.8,504.0
684132,-2.6233333333333326,1,28.6144590308879,0.0,0.8,160.0
684133,-338.5333333333296,28,9.787969386344486,0.0,0.8,1200.0
684134,-132.78000000000037,30,11.563713481829222,0.0,0.8,510.0
684135,-123.73666666666692,30,13.486805792340679,0.0,0.8,531.0
684136,-4.38,3,27.528482696518186,0.0,0.8,138.0
684137,-128.69666666666674,29,11.705236194568014,0.0,0.8,502.0
684138,-307.94000000000443,22,11.701476189379052,0.0,0.8,1200.0
684139,-136.08000000000038,30,10.532707312337212,0.0,0.8,489.0
684140,-194.04666666666645,30,8.075722924646417,0.0,0.8,614.0
684141,-345.1333333333336,24,9.378085032811972,0.0,0.8,1200.0
684142,-133.29666666666645,29,11.326143418326367,0.0,0.8,506.0
684143,-132.75666666666663,30,11.95926870403958,0.0,0.8,528.0
684144,-98.25000000000018,28,11.012782251017898,0.0,0.8,357.0
684145,-123.74333333333335,29,11.05500784543549,0.0,0.8,455.0
684146,-110.3833333333334,29,10.486490295489244,0.0,0.8,405.0
684147,-417.4666666666693,30,5.369578229777415,0.0,0.8,1200.0
684148,-214.46333333333334,30,13.887603208543347,0.0,0.8,973.0
684149,-81.4533333333335,29,13.032823124027228,0.0,0.8,336.0
684150,-108.89666666666689,28,12.586854197327467,0.0,0.8,444.0
684151,-122.11333333333374,30,12.925649441411204,0.0,0.8,491.0
684152,-1.8300000000000045,1,28.707070707070706,0.0,0.8,99.0
684153,-196.18999999999986,30,10.007973694822793,0.0,0.8,689.0
684154,-106.28666666666682,27,13.132643738706928,0.0,0.8,438.0
684155,-345.18666666666263,28,9.279636053011147,0.0,0.8,1200.0
684156,-151.4166666666667,28,13.303249234036835,0.0,0.8,635.0
684157,-371.30333333333203,28,8.05296938634449,0.0,0.8,1200.0
684158,-114.72666666666696,30,12.181701751090085,0.0,0.8,443.0
684159,-149.08000000000044,30,7.065838393495514,0.0,0.8,459.0
684160,-163.31333333333325,28,15.214457078388516,0.0,0.8,786.0
684161,-122.44333333333346,29,11.058229462356032,0.0,0.8,447.0
684162,-92.80333333333368,30,12.305462673240827,0.0,0.8,365.0
684163,-102.51000000000022,28,14.268525488752777,0.0,0.8,463.0
684164,-11.173333333333304,5,26.222091110137548,0.0,0.8,211.0
684165,-107.84333333333339,28,13.642229195755107,0.0,0.8,468.0
684166,-403.1033333333405,30,5.922911563110753,0.0,0.8,1200.0
684167,-134.3300000000004,30,10.291803398517974,0.0,0.8,491.0
684168,-106.87333333333332,26,12.023099883678368,0.0,0.8,417.0
684169,-453.1866666666704,30,3.1979115631107486,0.0,0.8,1200.0
684170,-106.32333333333315,28,11.60542171331678,0.0,0.8,399.0
684171,-110.21333333333358,30,11.366968825968877,0.0,0.8,421.0
684172,-131.68333333333362,28,15.119257419958549,0.0,0.8,642.0
684173,-114.48666666666662,26,14.008612474032981,0.0,0.8,510.0
684174,-439.019999999994,28,3.862408450878143,0.0,0.8,1200.0
684175,-386.5699999999955,28,6.850652668554773,0.0,0.8,1200.0
684176,-124.9100000000001,29,10.199078531705792,0.0,0.8,451.0
684177,-119.38333333333341,28,9.462471699771816,0.0,0.8,408.0
684178,-93.77666666666683,29,10.725817630068596,0.0,0.8,343.0
684179,-423.1966666666758,30,4.423906183199959,0.0,0.8,1200.0
684180,-125.01000000000032,28,11.596118172873512,0.0,0.8,492.0
684181,-408.95333333332957,27,5.817447340386065,0.0,0.8,1200.0
684182,-456.74333333332146,28,4.276226216583565,0.0,0.8,1200.0
684183,-127.30333333333337,30,9.458085700835378,0.0,0.8,436.0
684184,-402.6100000000037,27,5.70229138559692,0.0,0.8,1200.0
684185,-401.82333333333105,28,5.902128600163505,0.0,0.8,1200.0
684186,-117.48666666666675,27,9.194471719956626,0.0,0.8,395.0
684187,-52.65666666666668,17,16.581167694368776,0.0,0.8,267.0
684188,-451.5600000000038,30,3.471800227045451,0.0,0.8,1200.0
684189,-413.7766666666619,28,5.145964006433698,0.0,0.8,1200.0
684190,-99.3133333333335,29,11.266905967062515,0.0,0.8,371.0
684191,-114.02333333333331,29,10.131258264816198,0.0,0.8,407.0
684192,-87.12999999999988,26,11.681772909541323,0.0,0.8,325.0
684193,-115.55999999999995,29,9.220699104349054,0.0,0.8,394.0
684194,-157.15333333333376,30,8.76026657797972,0.0,0.8,528.0
684195,-348.8566666666668,26,8.656647390635595,0.0,0.8,1200.0
684196,-107.05666666666696,30,9.448034375130145,0.0,0.8,371.0
684197,-122.91666666666706,30,7.7782252618611185,0.0,0.8,394.0
684198,-111.51333333333358,29,12.772191880447636,0.0,0.8,467.0
684199,-124.86000000000018,30,10.337572132696927,0.0,0.8,461.0
684200,-121.38000000000034,30,8.268420288707357,0.0,0.8,392.0
684201,-32.11666666666672,12,20.586692871301494,0.0,0.8,244.0
684202,-127.8133333333339,28,11.710454824216958,0.0,0.8,506.0
684203,-445.493333333326,29,3.228685094816829,0.0,0.8,1200.0
684204,-418.1933333333273,29,4.693907317039053,0.0,0.8,1200.0
684205,-115.46333333333351,30,9.581195529042295,0.0,0.8,389.0
684206,-118.39000000000028,30,6.693632304173937,0.0,0.8,337.0
684207,-436.7733333333431,30,3.964350627644403,0.0,0.8,1200.0
684208,-437.69333333332673,29,3.790710820802442,0.0,0.8,1200.0
684209,-109.00666666666677,23,12.424012628775436,0.0,0.8,417.0
684210,-106.52000000000022,29,10.055208509732214,0.0,0.8,377.0
684211,-142.66666666666634,29,11.44318485151774,0.0,0.8,547.0
684212,-427.2766666666607,29,4.189702699152399,0.0,0.8,1200.0
684213,-114.62333333333363,29,9.870632715028988,0.0,0.8,409.0
684214,-101.37666666666678,28,9.948184347129322,0.0,0.8,353.0
684215,-108.31000000000006,30,7.878653235112256,0.0,0.8,341.0
684216,-104.88000000000021,30,9.362856592559709,0.0,0.8,362.0
684217,-112.75000000000027,29,10.919417731222682,0.0,0.8,420.0
684218,-453.2166666666705,30,3.06212840542218,0.0,0.8,1200.0
684219,-141.0333333333332,29,10.726011848411217,0.0,0.8,516.0
684220,-440.88333333334333,30,3.3535511268621976,0.0,0.8,1200.0
684221,-202.04666666666705,30,7.239232143596501,0.0,0.8,617.0
684222,-120.02000000000032,30,7.10801863620312,0.0,0.8,359.0
684223,-127.10666666666702,29,9.33950623558589,0.0,0.8,445.0
684224,-110.90333333333376,30,6.682586109567438,0.0,0.8,325.0
684225,-125.2800000000001,30,6.746808669154138,0.0,0.8,379.0
684226,-91.6833333333336,30,7.422450250700916,0.0,0.8,275.0
684227,-107.71333333333347,30,5.7805427021950795,0.0,0.8,308.0
684228,-457.4100000000114,30,2.471144849118959,0.0,0.8,1200.0
684229,-108.99333333333365,30,7.086047056758026,0.0,0.8,322.0
684230,-112.65666666666675,29,6.902083861420563,0.0,0.8,340.0
684231,-125.3899999999999,29,5.2899023887797,0.0,0.8,338.0
684232,-77.54333333333349,29,7.315071686026936,0.0,0.8,235.0
684233,-426.75999999999453,28,4.45191780656572,0.0,0.8,1200.0
684234,-105.67333333333363,30,6.9488173868730865,0.0,0.8,304.0
684235,-133.07999999999998,29,6.45115291278013,0.0,0.8,401.0
684236,-104.35333333333368,30,5.881770359215707,0.0,0.8,294.0
684237,-469.5700000000116,30,1.5805892935634036,0.0,0.8,1200.0
684238,-93.12333333333356,28,8.949763794715668,0.0,0.8,311.0
684239,-414.16000000000776,25,6.2201302681275354,0.0,0.8,1200.0
684240,-69.89666666666659,24,10.744482411405453,0.0,0.8,248.0
684241,-450.113333333326,29,2.8847015385136077,0.0,0.8,1200.0
684242,-430.81999999999454,28,4.401536005686031,0.0,0.8,1200.0
684243,-458.55000000001127,30,2.3839394177437803,0.0,0.8,1200.0
684244,-105.47333333333354,30,6.061281961179092,0.0,0.8,302.0
684245,-110.08333333333347,29,6.83305609964544,0.0,0.8,330.0
684246,-438.40666666666243,28,3.9199017462919006,0.0,0.8,1200.0
684247,-151.71666666666675,30,6.250395043051707,0.0,0.8,440.0
684248,-451.37333333332583,29,2.9710904274024967,0.0,0.8,1200.0
684249,-112.52666666666701,30,6.2097957374776325,0.0,0.8,324.0
684250,-75.82000000000016,29,7.790743159756891,0.0,0.8,230.0
684251,-115.23333333333343,29,6.853068153284053,0.0,0.8,345.0
684252,-101.05333333333378,30,7.557549953578766,0.0,0.8,310.0
684253,-92.06000000000029,30,6.4025903013776055,0.0,0.8,273.0
684254,-438.8899999999949,28,3.5877026723527026,0.0,0.8,1200.0
684255,-455.326666666659,29,2.762479316291386,0.0,0.8,1200.0
684256,-157.1266666666671,30,6.564319119654954,0.0,0.8,486.0
684257,-90.69999999999976,26,9.039780747366525,0.0,0.8,301.0
684258,-136.05333333333394,27,8.417896255280608,0.0,0.8,452.0
684259,-144.01333333333287,29,7.995250056363622,0.0,0.8,475.0
684260,-111.36333333333366,30,7.301845447647667,0.0,0.8,329.0
684261,-458.67000000001076,30,2.539444746702183,0.0,0.8,1200.0
684262,-466.656666666678,30,1.794399684129801,0.0,0.8,1200.0
684263,-128.2700000000004,28,6.516528668337968,0.0,0.8,371.0
684264,-123.27000000000035,30,7.6307136823467525,0.0,0.8,379.0
684265,-450.2799999999922,29,2.5828314041855522,0.0,0.8,1200.0
684266,-461.0766666666783,30,2.662061515785626,0.0,0.8,1200.0
684267,-477.02333333334565,30,1.532811515785627,0.0,0.8,1200.0
684268,-469.3266666666783,30,1.7922559602300714,0.0,0.8,1200.0
684269,-468.5266666666782,30,1.9177004046745147,0.0,0.8,1200.0
684270,-136.9066666666672,27,9.905646139763169,0.0,0.8,492.0
684271,-418.0066666666709,27,4.61541894040482,0.0,0.8,1200.0
684272,-469.39666666667836,30,1.6870181703799154,0.0,0.8,1200.0
684273,-122.10666666666692,30,7.533436877091453,0.0,0.8,391.0
684274,-79.14333333333337,27,6.692620024718185,0.0,0.8,228.0
684275,-68.69333333333323,26,7.598981220539647,0.0,0.8,219.0
684276,-446.7999999999955,27,3.5882018277981653,0.0,0.8,1200.0
684277,-82.01666666666671,28,6.0602975895372095,0.0,0.8,233.0
684278,-461.9333333333258,29,2.2587137361386844,0.0,0.8,1200.0
684279,-479.3400000000124,30,1.1968081457827724,0.0,0.8,1200.0
684280,-112.36333333333367,30,5.951422258623483,0.0,0.8,320.0
684281,-102.05666666666673,29,5.4383737653600726,0.0,0.8,290.0
684282,-101.556666666667,29,5.988941994854706,0.0,0.8,292.0
684283,-160.87333333333328,30,5.7369074309139885,0.0,0.8,464.0
684284,-100.87666666666696,30,5.3304245738095,0.0,0.8,279.0
684285,-94.60000000000022,30,5.441117889240573,0.0,0.8,264.0
684286,-103.8333333333335,29,5.0451397437109655,0.0,0.8,273.0
684287,-446.383333333328,28,2.952763337524101,0.0,0.8,1200.0
684288,-102.89000000000009,30,6.037267127165722,0.0,0.8,296.0
684289,-113.50333333333387,30,4.714432334703658,0.0,0.8,311.0
684290,-98.49000000000005,29,5.844249345356291,0.0,0.8,280.0
684291,-494.29666666667225,30,0.9087681578551526,0.0,0.8,1200.0
684292,-118.11333333333353,30,3.8690430735165466,0.0,0.8,316.0
684293,-450.1633333333279,28,2.9480411153018773,0.0,0.8,1200.0
684294,-126.63666666666674,30,4.143986430006583,0.0,0.8,335.0
684295,-95.03666666666697,30,5.321009233431759,0.0,0.8,266.0
684296,-100.20666666666706,30,6.247220740044003,0.0,0.8,292.0
684297,-487.9600000000054,30,1.3879348245218115,0.0,0.8,1200.0
684298,-461.41333333332784,28,2.961469524970269,0.0,0.8,1200.0
684299,-113.47000000000013,30,4.384236288237586,0.0,0.8,301.0
684300,-106.40000000000038,30,3.9495868744179603,0.0,0.8,270.0
684301,-127.56333333333372,30,5.330209984911156,0.0,0.8,360.0
684302,-121.50666666666675,30,5.016048117230548,0.0,0.8,342.0
684303,-476.1900000000121,30,1.2867681578551522,0.0,0.8,1200.0
684304,-471.49333333334516,30,1.6163792689662564,0.0,0.8,1200.0
684305,-82.20000000000022,30,5.244585648467164,0.0,0.8,233.0
684306,-110.26333333333368,30,5.164495362826649,0.0,0.8,297.0
684307,-104.376666666667,30,4.614172090897612,0.0,0.8,277.0
684308,-477.110000000012,30,1.1896014911884853,0.0,0.8,1200.0
684309,-467.893333333325,29,2.1468804028053547,0.0,0.8,1200.0
684310,-117.05333333333368,30,4.8754908948085784,0.0,0.8,316.0
684311,-428.89333333333843,26,4.638577310522695,0.0,0.8,1200.0
684312,-479.0966666666794,30,1.4226014911884841,0.0,0.8,1200.0
684313,-491.5566666666721,30,1.2737747191008248,0.0,0.8,1200.0
684314,-128.87333333333333,30,4.299764416464777,0.0,0.8,348.0
684315,-85.86000000000014,29,5.3412802342965335,0.0,0.8,242.0
684316,-112.53666666666706,30,4.9852204271491205,0.0,0.8,303.0
684317,-106.94000000000023,30,5.7723304476738475,0.0,0.8,304.0
684318,-118.67666666666668,28,6.422280272837692,0.0,0.8,344.0
684319,-114.58666666666682,30,3.664782096801115,0.0,0.8,295.0
684320,-135.90333333333336,30,3.8612642298875453,0.0,0.8,360.0
684321,-89.28666666666699,30,5.806353398275058,0.0,0.8,264.0
684322,-458.97999999999246,29,2.1604288703516463,0.0,0.8,1200.0
684323,-94.48666666666674,29,6.066848400588104,0.0,0.8,264.0
684324,-133.28000000000011,30,14.692360187878082,0.0,0.8,616.0
684325,-174.81333333333288,29,9.276088937214658,0.0,0.8,604.0
