683325,17.523333333333323,1,28.670454545454547,1.9350649350649347,0.8,88.0
683326,13.709999999999981,1,28.579710144927535,1.9171842650103617,0.8,69.0
683327,12.869999999999985,1,28.553846153846155,1.9120879120879726,0.8,65.0
683328,14.523333333333314,1,28.602739726027398,1.9217221135029365,0.8,73.0
683329,11.829999999999986,1,28.516666666666666,1.9047619047624715,0.8,60.0
683330,11.039999999999987,1,28.482142857142858,1.8979591836768726,0.8,56.0
683331,14.92999999999998,1,28.613333333333333,1.9238095238095236,0.8,75.0
683332,13.886666666666647,1,28.585714285714285,1.9183673469387814,0.8,70.0
683333,14.839999999999982,1,28.538527416718544,1.9217221135029365,0.8,73.0
683334,19.17666666666667,1,28.697916666666668,1.94047619047619,0.8,96.0
683335,13.479999999999983,1,28.573529411764707,1.9159663865546372,0.8,68.0
683336,12.489999999999986,1,28.53968253968254,1.909297052154343,0.8,63.0
683337,13.219999999999985,1,28.50299830168786,1.9120879120879726,0.8,65.0
683338,11.676666666666653,1,28.508474576271187,1.9031476997587562,0.8,59.0
683339,16.529999999999983,1,28.650602409638555,1.9311531841652319,0.8,83.0
683340,11.626666666666653,1,28.508474576271187,1.9031476997587562,0.8,59.0
683341,13.50666666666665,1,28.573529411764707,1.9159663865546372,0.8,68.0
683342,19.200000000000003,1,28.697916666666668,1.94047619047619,0.8,96.0
683343,13.073333333333316,1,28.560606060606062,1.913419913419952,0.8,66.0
683344,12.286666666666653,1,28.532258064516128,1.90783410138272,0.8,62.0
683345,16.14999999999998,1,28.641975308641975,1.9294532627865957,0.8,81.0
683346,15.10999999999998,1,28.61842105263158,1.9248120300751874,0.8,76.0
683347,14.116666666666648,1,28.591549295774648,1.9195171026156976,0.8,71.0
683348,14.08999999999998,1,28.591549295774648,1.9195171026156976,0.8,71.0
683349,11.676666666666653,1,28.508474576271187,1.9031476997587562,0.8,59.0
683350,59.04999999999999,2,28.283527301514894,1.9694423223834985,0.8,187.0
683351,18.793333333333333,1,28.69148936170213,1.9392097264437687,0.8,94.0
683352,10.916666666666655,1,28.472727272727273,1.8961038961092271,0.8,55.0
683353,14.523333333333314,1,28.602739726027398,1.9217221135029365,0.8,73.0
683354,11.579999999999986,1,28.5,1.9014778325137034,0.8,58.0
683355,18.99666666666667,1,28.694736842105264,1.93984962406015,0.8,95.0
683356,13.099999999999984,1,28.560606060606062,1.913419913419952,0.8,66.0
683357,17.166666666666654,1,28.662790697674417,1.933554817275747,0.8,86.0
683358,14.726666666666647,1,28.60810810810811,1.9227799227799232,0.8,74.0
683359,46.84333333333328,2,28.197572862014464,1.9636032757051862,0.8,157.0
683360,16.709999999999983,1,28.654761904761905,1.9319727891156457,0.8,84.0
683361,204.85666666666654,8,25.029780734322607,1.988193624557261,0.8,484.0
683362,106.8800000000002,5,26.436313686465446,1.9771428571428569,0.8,250.0
683363,15.286666666666646,1,28.623376623376622,1.9257884972170682,0.8,77.0
683364,208.32333333333298,8,25.098823982669785,1.9880703847300922,0.8,479.0
683365,12.489999999999986,1,28.53968253968254,1.909297052154343,0.8,63.0
683366,17.166666666666654,1,28.662790697674417,1.933554817275747,0.8,86.0
683367,13.939999999999982,1,28.585714285714285,1.9183673469387814,0.8,70.0
683368,18.743333333333332,1,28.69148936170213,1.9392097264437687,0.8,94.0
683369,10.659999999999988,1,28.462962962962962,1.8941798941882477,0.8,54.0
683370,18.18333333333333,1,28.681318681318682,1.9372056514913654,0.8,91.0
683371,12.89666666666665,1,28.553846153846155,1.9120879120879726,0.8,65.0
683372,11.879999999999987,1,28.516666666666666,1.9047619047624715,0.8,60.0
683373,11.446666666666653,1,28.5,1.9014778325137034,0.8,58.0
683374,17.849999999999998,2,27.21374999999996,1.9285714285714282,0.8,80.0
683375,22.98,2,27.180412801736566,1.942279942279942,0.8,99.0
683376,24.830000000000027,2,27.305714285714235,1.9455782312925167,0.8,105.0
683377,18.763333333333332,2,27.23647058823525,1.932773109243697,0.8,85.0
683378,65.29666666666665,3,26.915860125291193,1.9718508092892326,0.8,203.0
683379,13.769999999999996,2,27.10161290322578,1.90783410138272,0.8,62.0
683380,15.77333333333333,2,27.16478873239433,1.9195171026156976,0.8,71.0
683381,245.02999999999923,7,25.15333755676059,1.9908130454754247,0.8,622.0
683382,20.166666666666664,2,27.24125672222428,1.9372056514913654,0.8,91.0
683383,18.119999999999997,2,27.223170731707274,1.9303135888501737,0.8,82.0
683384,17.38333333333333,2,27.208860759493632,1.9276672694394208,0.8,79.0
683385,57.84999999999995,3,26.89184274482157,1.9722607489597779,0.8,206.0
683386,15.086666666666664,2,27.145588235294085,1.9159663865546372,0.8,68.0
683387,18.196666666666662,2,27.22771084337345,1.9311531841652319,0.8,83.0
683388,18.406666666666663,2,27.232142857142815,1.9319727891156457,0.8,84.0
683389,17.916666666666664,2,27.218518518518476,1.9294532627865957,0.8,81.0
683390,18.64333333333333,2,27.23647058823525,1.932773109243697,0.8,85.0
683391,20.93,2,27.274736842105213,1.93984962406015,0.8,95.0
683392,156.78666666666587,5,25.514782437694993,1.9851190476190474,0.8,384.0
683393,86.20666666666646,5,25.792986394445823,1.9755799755799752,0.8,234.0
683394,14.909999999999997,2,27.13880597014922,1.9147121535181482,0.8,67.0
683395,14.159999999999995,2,27.11718749999997,1.9107142857143804,0.8,64.0
683396,20.410000000000004,2,27.27127659574463,1.9392097264437687,0.8,94.0
683397,259.816666666668,2,27.57424999999939,1.9952380952380953,0.8,1200.0
683398,18.54,2,27.232142857142815,1.9319727891156457,0.8,84.0
683399,19.01333333333333,2,27.24069767441856,1.933554817275747,0.8,86.0
683400,18.543333333333333,2,27.232142857142815,1.9319727891156457,0.8,84.0
683401,439.0599999999984,4,25.75511600905659,1.9952380952380953,0.8,1200.0
683402,23.06666666666667,2,27.308490566037683,1.9460916442048515,0.8,106.0
683403,15.336666666666662,2,27.145588235294085,1.9159663865546372,0.8,68.0
683404,22.236666666666668,2,27.294059405940544,1.943422913719943,0.8,101.0
683405,16.98333333333333,2,27.19870129870126,1.9257884972170682,0.8,77.0
683406,26.310000000000002,2,27.34249999999994,1.952380952380952,0.8,120.0
683407,20.13666666666666,2,27.128372620308156,1.9343185550082098,0.8,87.0
683408,31.799999999999997,2,27.224574451006838,1.9573560767590614,0.8,134.0
683409,13.979999999999995,2,27.109523809523782,1.909297052154343,0.8,63.0
683410,20.35333333333333,2,27.267741935483823,1.9385560675883253,0.8,93.0
683411,21.23333333333333,2,27.281443298969023,1.941089837997054,0.8,97.0
683412,14.869999999999997,2,27.13880597014922,1.9147121535181482,0.8,67.0
683413,15.703333333333328,2,27.16478873239433,1.9195171026156976,0.8,71.0
683414,21.35666666666667,2,27.28469387755097,1.941690962099125,0.8,98.0
683415,13.929999999999996,2,27.10161290322578,1.90783410138272,0.8,62.0
683416,19.813333333333333,2,27.25666666666662,1.936507936507936,0.8,90.0
683417,23.823333333333334,2,27.316513761467835,1.9475753604193968,0.8,109.0
683418,174.3133333333335,7,25.06008526254036,1.9871877001921843,0.8,446.0
683419,82.84666666666678,4,26.28556717090894,1.973907371167645,0.8,219.0
683420,259.6100000000014,2,27.57424999999939,1.9952380952380953,0.8,1200.0
683421,42.81666666666681,3,26.803287484373477,1.9638336347197103,0.8,158.0
683422,192.38333333333367,8,24.065984844424452,1.9861303744798888,0.8,412.0
683423,19.953333333333326,2,27.1310207097497,1.9343185550082098,0.8,87.0
683424,22.890000000000033,4,25.00179211469533,1.9385560675883253,0.8,93.0
683425,26.48000000000002,4,25.045171339563872,1.9465954606141518,0.8,107.0
683426,270.5066666666656,12,20.90626846982087,1.9863620866007499,0.8,419.0
683427,28.26333333333338,4,25.06521739130437,1.9503105590062109,0.8,115.0
683428,205.6299999999999,8,23.03159923272751,1.9884091567661546,0.8,493.0
683429,23.703333333333358,4,25.015463917525768,1.941089837997054,0.8,97.0
683430,21.486666666666693,4,24.982954545454525,1.9350649350649347,0.8,88.0
683431,608.0033333333208,9,20.892618016605557,1.9952380952380953,0.8,1200.0
683432,19.513333333333353,4,24.943037974683516,1.9276672694394208,0.8,79.0
683433,18.826666666666686,4,24.92763157894734,1.9248120300751874,0.8,76.0
683434,19.69666666666669,4,24.832264388721505,1.9257884972170682,0.8,77.0
683435,37.443333333333335,4,25.024856599068222,1.9611273080660832,0.8,147.0
683436,50.28666666666651,4,24.677786183788147,1.9675324675324672,0.8,176.0
683437,28.376666666666683,4,25.072033898305108,1.9515738498789343,0.8,118.0
683438,29.000000000000014,4,24.94185166579643,1.9485199485199483,0.8,111.0
683439,27.93333333333338,4,25.062865497076043,1.9498746867167918,0.8,114.0
683440,159.71000000000038,8,23.37135101015084,1.9857499109369432,0.8,401.0
683441,20.380000000000027,4,24.9573170731707,1.9303135888501737,0.8,82.0
683442,27.2466666666667,4,25.002252607306094,1.9465954606141518,0.8,107.0
683443,22.173333333333353,4,24.990740740740723,1.936507936507936,0.8,90.0
683444,19.756666666666693,4,24.947916666666636,1.9285714285714282,0.8,80.0
683445,24.06666666666669,4,25.02188552188552,1.942279942279942,0.8,99.0
683446,23.010000000000023,4,25.00179211469533,1.9385560675883253,0.8,93.0
683447,24.68000000000002,4,25.03104575163399,1.943977591036414,0.8,102.0
683448,99.19000000000004,8,22.999745603428682,1.9727891156462583,0.8,210.0
683449,211.18333333333325,7,22.950420623239673,1.986741796486576,0.8,431.0
683450,61.42,6,23.802358695404713,1.9725274725274722,0.8,208.0
683451,19.423333333333353,4,24.93803418803416,1.9267399267399263,0.8,78.0
683452,31.73999999999997,4,25.008771929824555,1.93984962406015,0.8,95.0
683453,25.090000000000018,4,24.974599537648213,1.942279942279942,0.8,99.0
683454,24.38000000000003,4,25.00531914893616,1.9392097264437687,0.8,94.0
683455,72.51333333333346,6,24.073582665366402,1.9689440993788816,0.8,184.0
683456,19.84666666666669,4,24.943037974683516,1.9276672694394208,0.8,79.0
683457,127.66666666666639,7,23.953736214035075,1.9844720496894408,0.8,368.0
683458,34.966666666666654,4,25.117715617715664,1.9600399600399596,0.8,143.0
683459,231.83333333333442,9,22.68033500980917,1.9904761904761903,0.8,600.0
683460,30.03333333333335,4,25.08467741935487,1.953917050691244,0.8,124.0
683461,20.63333333333336,4,24.966269841269813,1.9319727891156457,0.8,84.0
683462,22.460000000000033,4,24.99450549450548,1.9372056514913654,0.8,91.0
683463,48.11666666666657,4,24.918317171406347,1.968253968253968,0.8,180.0
683464,56.59333333333329,6,23.927113158315773,1.9675324675324672,0.8,176.0
683465,112.22333333333316,8,22.975059126599994,1.9744897959183672,0.8,224.0
683466,20.210000000000026,4,24.952674897119312,1.9294532627865957,0.8,81.0
683467,293.48333333333886,4,25.170172972189636,1.9952380952380953,0.8,1200.0
683468,20.113333333333355,4,24.952674897119312,1.9294532627865957,0.8,81.0
683469,24.870000000000037,4,25.025,1.9428571428571424,0.8,100.0
683470,23.110000000000028,4,25.00179211469533,1.9385560675883253,0.8,93.0
683471,72.03666666666679,5,24.679460114055,1.9743754003843688,0.8,223.0
683472,48.876666666666765,5,24.581443383410818,1.9655765920826158,0.8,166.0
683473,22.85333333333336,4,24.95293481322009,1.9378881987577636,0.8,92.0
683474,39.62666666666666,8,20.356209150326826,1.943977591036414,0.8,102.0
683475,41.03666666666666,8,20.359832451600766,1.9582898852971842,0.8,137.0
683476,93.1866666666664,9,20.066467254665074,1.975786924939467,0.8,236.0
683477,66.57000000000002,9,19.926688544107645,1.9677158999192894,0.8,177.0
683478,133.0733333333329,11,19.135966208618772,1.9810785241248816,0.8,302.0
683479,28.790000000000077,8,20.336805555555582,1.94047619047619,0.8,96.0
683480,30.303333333333423,8,20.346801346801374,1.942279942279942,0.8,99.0
683481,73.54000000000003,8,20.383775171979835,1.9655765920826158,0.8,166.0
683482,50.919999999999895,8,20.46640573320061,1.9667774086378733,0.8,172.0
683483,31.216666666666605,8,20.340206185567038,1.941089837997054,0.8,97.0
683484,31.3100000000001,8,20.36507936507939,1.9455782312925167,0.8,105.0
683485,34.60333333333332,8,20.325257711554347,1.9460916442048515,0.8,106.0
683486,176.5400000000002,12,18.733192468008788,1.9857499109369432,0.8,401.0
683487,34.63000000000006,8,20.400560224089638,1.9519807923169266,0.8,119.0
683488,408.4733333333297,14,17.143789650634684,1.9907235621521335,0.8,616.0
683489,29.916666666666753,8,20.35000000000003,1.9428571428571424,0.8,100.0
683490,83.02000000000027,10,19.403474397505626,1.970544918998527,0.8,194.0
683491,80.36666666666667,9,20.101638238731148,1.9708454810495624,0.8,196.0
683492,31.94333333333341,8,20.373456790123473,1.9470899470899468,0.8,108.0
683493,66.06999999999992,9,20.028431360504698,1.971428571428571,0.8,200.0
683494,217.49999999999943,13,17.49302442153641,1.981447124304267,0.8,308.0
683495,30.47666666666676,8,20.356209150326826,1.943977591036414,0.8,102.0
683496,422.3066666666663,19,14.375318967582135,1.9878160219311605,0.8,469.0
683497,99.85999999999984,12,18.11226559961724,1.9761904761904758,0.8,240.0
683498,69.10666666666671,9,19.991144832080234,1.9692780337941624,0.8,186.0
683499,35.79333333333334,8,20.381381381381395,1.9485199485199483,0.8,111.0
683500,119.39333333333326,10,19.55017470095058,1.978354978354978,0.8,264.0
683501,28.56333333333341,8,20.32978723404258,1.9392097264437687,0.8,94.0
683502,37.420000000000016,8,20.353135313531382,1.943422913719943,0.8,101.0
683503,31.64666666666675,8,20.351105580317608,1.9460916442048515,0.8,106.0
683504,36.64333333333336,8,20.356209150326826,1.943977591036414,0.8,102.0
683505,75.20999999999974,9,19.89992062608584,1.9669694467382326,0.8,173.0
683506,82.06333333333296,9,20.058511044226943,1.9772339214570287,0.8,251.0
683507,52.57333333333322,8,20.301057994258606,1.9659863945578226,0.8,168.0
683508,89.07666666666682,8,20.366320397561896,1.9785981808453716,0.8,267.0
683509,43.72666666666663,8,20.44977168949769,1.9608610567514673,0.8,146.0
683510,37.113333333333365,8,20.41129032258064,1.953917050691244,0.8,124.0
683511,193.39666666666685,11,18.49357015301189,1.9827362969356925,0.8,331.0
683512,67.69666666666667,9,20.097479446270018,1.9699248120300747,0.8,190.0
683513,28.490000000000062,8,20.336805555555582,1.94047619047619,0.8,96.0
683514,32.206666666666756,8,20.37614678899084,1.9475753604193968,0.8,109.0
683515,42.0133333333333,8,20.383287764263756,1.9515738498789343,0.8,118.0
683516,28.51000000000008,8,20.340206185567038,1.941089837997054,0.8,97.0
683517,38.46666666666666,8,20.426767676767664,1.9567099567099562,0.8,132.0
683518,113.29333333333345,13,17.658892384110317,1.9772339214570287,0.8,251.0
683519,31.583333333333417,8,20.36792452830191,1.9460916442048515,0.8,106.0
683520,35.060000000000066,8,20.253353694963586,1.9485199485199483,0.8,111.0
683521,182.63666666666714,14,16.936986200414545,1.9853479853479852,0.8,390.0
683522,120.15666666666631,11,18.95061796241354,1.979144942648592,0.8,274.0
683523,33.52333333333339,8,20.36358330910988,1.9480519480519478,0.8,110.0
683524,34.166666666666686,1,28.043264683888854,1.9588900308324764,0.8,139.0
683525,48.54999999999997,2,28.333428045575996,1.9723947550034504,0.8,207.0
683526,15.716666666666645,1,28.632911392405063,1.9276672694394208,0.8,79.0
683527,243.1266666666745,1,28.975833333333334,1.9952380952380953,0.8,1200.0
683528,13.35666666666665,1,28.567164179104477,1.9147121535181482,0.8,67.0
683529,20.420000000000012,1,28.715686274509803,1.943977591036414,0.8,102.0
683530,26.113333333333387,1,28.776923076923076,1.9560439560439558,0.8,130.0
683531,11.679999999999986,1,28.508474576271187,1.9031476997587562,0.8,59.0
683532,11.269999999999987,1,28.49122807017544,1.8997493734357571,0.8,57.0
683533,15.53999999999998,1,28.628205128205128,1.9267399267399263,0.8,78.0
683534,19.073333333333345,1,28.534207480817745,1.9357945425361152,0.8,89.0
683535,13.886666666666647,1,28.585714285714285,1.9183673469387814,0.8,70.0
683536,12.89666666666665,1,28.553846153846155,1.9120879120879726,0.8,65.0
683537,14.31999999999998,1,28.59722222222222,1.9206349206349225,0.8,72.0
683538,19.78333333333334,1,28.707070707070706,1.942279942279942,0.8,99.0
683539,14.903333333333313,1,28.613333333333333,1.9238095238095236,0.8,75.0
683540,12.69333333333332,1,28.546875,1.9107142857143804,0.8,64.0
683541,14.116666666666648,1,28.591549295774648,1.9195171026156976,0.8,71.0
683542,14.31999999999998,1,28.59722222222222,1.9206349206349225,0.8,72.0
683543,16.326666666666647,1,28.646341463414632,1.9303135888501737,0.8,82.0
683544,16.353333333333314,1,28.646341463414632,1.9303135888501737,0.8,82.0
683545,15.133333333333312,1,28.61842105263158,1.9248120300751874,0.8,76.0
683546,15.133333333333313,1,28.61842105263158,1.9248120300751874,0.8,76.0
683547,13.329999999999984,1,28.567164179104477,1.9147121535181482,0.8,67.0
683548,12.489999999999986,1,28.53968253968254,1.909297052154343,0.8,63.0
683549,13.483333333333317,1,28.573529411764707,1.9159663865546372,0.8,68.0
683550,46.263333333333314,2,28.298078815305242,1.9711399711399709,0.8,198.0
683551,10.633333333333322,1,28.462962962962962,1.8941798941882477,0.8,54.0
683552,169.29000000000013,4,27.293755625573468,1.9853854585312385,0.8,391.0
683553,14.293333333333313,1,28.59722222222222,1.9206349206349225,0.8,72.0
683554,13.479999999999983,1,28.573529411764707,1.9159663865546372,0.8,68.0
683555,12.869999999999985,1,28.553846153846155,1.9120879120879726,0.8,65.0
683556,12.666666666666652,1,28.546875,1.9107142857143804,0.8,64.0
683557,15.133333333333313,1,28.61842105263158,1.9248120300751874,0.8,76.0
683558,17.14333333333332,1,28.662790697674417,1.933554817275747,0.8,86.0
683559,173.14000000000036,6,26.365742590771685,1.9868637110016418,0.8,435.0
683560,15.106666666666646,1,28.61842105263158,1.9248120300751874,0.8,76.0
683561,14.726666666666647,1,28.60810810810811,1.9227799227799232,0.8,74.0
683562,12.269999999999985,1,28.524590163934427,1.9063231850120719,0.8,61.0
683563,65.8200000000001,2,28.402868543677247,1.9735449735449733,0.8,216.0
683564,15.106666666666646,1,28.61842105263158,1.9248120300751874,0.8,76.0
683565,218.8299999999993,7,24.873268536587872,1.985820630981921,0.8,403.0
683566,13.913333333333314,1,28.585714285714285,1.9183673469387814,0.8,70.0
683567,15.743333333333313,1,28.632911392405063,1.9276672694394208,0.8,79.0
683568,15.513333333333312,1,28.628205128205128,1.9267399267399263,0.8,78.0
683569,11.016666666666655,1,28.482142857142858,1.8979591836768726,0.8,56.0
683570,13.886666666666647,1,28.585714285714285,1.9183673469387814,0.8,70.0
683571,53.75000000000007,3,27.7167872202484,1.9694423223834985,0.8,187.0
683572,17.573333333333323,1,28.670454545454547,1.9350649350649347,0.8,88.0
683573,17.546666666666656,1,28.670454545454547,1.9350649350649347,0.8,88.0
683574,18.75333333333333,2,27.23647058823525,1.932773109243697,0.8,85.0
683575,19.03333333333333,2,27.244827586206853,1.9343185550082098,0.8,87.0
683576,15.09333333333333,2,27.145588235294085,1.9159663865546372,0.8,68.0
683577,117.5466666666665,5,25.988866134209267,1.9834368530020703,0.8,345.0
683578,21.456666666666663,2,27.28469387755097,1.941690962099125,0.8,98.0
683579,17.129999999999995,2,27.203846153846115,1.9267399267399263,0.8,78.0
683580,16.319999999999997,2,27.182432432432396,1.9227799227799232,0.8,74.0
683581,28.040000000000003,2,27.36230769230763,1.9560439560439558,0.8,130.0
683582,15.253333333333329,2,27.152173913043445,1.9171842650103617,0.8,69.0
683583,21.666666666666664,2,27.287878787878736,1.942279942279942,0.8,99.0
683584,30.373333333333335,2,27.289214854590526,1.9567099567099562,0.8,132.0
683585,65.32333333333337,3,26.943723556050426,1.971988795518207,0.8,204.0
683586,16.266666666666662,2,27.182432432432396,1.9227799227799232,0.8,74.0
683587,21.52,2,27.28469387755097,1.941690962099125,0.8,98.0
683588,19.92666666666669,2,27.23647058823525,1.932773109243697,0.8,85.0
683589,19.286666666666665,2,27.244827586206853,1.9343185550082098,0.8,87.0
683590,123.13333333333345,4,26.445592140165743,1.9817434961204927,0.8,313.0
683591,17.75333333333333,2,27.218518518518476,1.9294532627865957,0.8,81.0
683592,19.19333333333333,2,27.244827586206853,1.9343185550082098,0.8,87.0
683593,13.893333333333329,2,27.10161290322578,1.90783410138272,0.8,62.0
683594,18.859999999999996,2,27.23647058823525,1.932773109243697,0.8,85.0
683595,17.04,2,27.19870129870126,1.9257884972170682,0.8,77.0
683596,18.29,2,27.232142857142815,1.9319727891156457,0.8,84.0
683597,69.84666666666669,4,26.391526586057836,1.9708454810495624,0.8,196.0
683598,14.669999999999996,2,27.13181818181815,1.913419913419952,0.8,66.0
683599,85.24666666666663,5,25.51978297021261,1.9792960662525878,0.8,276.0
683600,17.21333333333333,2,27.203846153846115,1.9267399267399263,0.8,78.0
683601,15.823333333333327,2,27.1708333333333,1.9206349206349225,0.8,72.0
683602,13.846666666666662,2,27.10161290322578,1.90783410138272,0.8,62.0
683603,261.1833333333346,2,27.431356569293,1.9952380952380953,0.8,1200.0
683604,19.706666666666663,2,27.207222884717375,1.9357945425361152,0.8,89.0
683605,19.636666666666667,2,27.252808988764,1.9357945425361152,0.8,89.0
683606,25.51333333333334,2,27.214165628823103,1.9485199485199483,0.8,111.0
683607,17.496666666666666,2,27.208860759493632,1.9276672694394208,0.8,79.0
683608,14.099999999999996,2,27.10161290322578,1.90783410138272,0.8,62.0
683609,16.796666666666663,2,27.19342105263154,1.9248120300751874,0.8,76.0
683610,14.359999999999996,2,27.124615384615357,1.9120879120879726,0.8,65.0
683611,17.809999999999995,2,27.218518518518476,1.9294532627865957,0.8,81.0
683612,19.13,2,27.244827586206853,1.9343185550082098,0.8,87.0
683613,55.959999999999894,3,26.998638861331546,1.9722607489597779,0.8,206.0
683614,21.803333333333324,2,27.187999999999963,1.9238095238095236,0.8,75.0
683615,15.749999999999996,2,27.16478873239433,1.9195171026156976,0.8,71.0
683616,69.68666666666672,3,26.841818009442676,1.970238095238095,0.8,192.0
683617,194.03999999999957,7,24.835231675264694,1.9876314162028446,0.8,462.0
683618,19.50333333333333,2,27.252808988764,1.9357945425361152,0.8,89.0
683619,16.37333333333333,2,27.182432432432396,1.9227799227799232,0.8,74.0
683620,23.62,2,27.15853981929801,1.943422913719943,0.8,101.0
683621,17.56333333333333,2,27.21374999999996,1.9285714285714282,0.8,80.0
683622,103.95666666666637,4,26.4566850339642,1.982142857142857,0.8,320.0
683623,133.28666666666672,5,25.930996711951643,1.984126984126984,0.8,360.0
683624,17.730000000000015,4,24.899061032863827,1.9195171026156976,0.8,71.0
683625,24.50333333333337,4,25.02188552188552,1.942279942279942,0.8,99.0
683626,280.2699999999977,10,21.930148156109304,1.9894179894179893,0.8,540.0
683627,90.40999999999988,8,22.768676579857022,1.974259974259974,0.8,222.0
683628,23.036666666666687,4,25.00531914893616,1.9392097264437687,0.8,94.0
683629,24.053333333333363,4,25.01215277777777,1.94047619047619,0.8,96.0
683630,58.80666666666663,5,24.72572140928113,1.9730458221024256,0.8,212.0
683631,18.180000000000017,4,24.910958904109563,1.9217221135029365,0.8,73.0
683632,144.66333333333347,10,21.80856690524477,1.9804973183812773,0.8,293.0
683633,131.77000000000052,6,24.203654174349094,1.9826839826839824,0.8,330.0
683634,18.10000000000002,4,24.905092592592567,1.9206349206349225,0.8,72.0
683635,28.496666666666716,4,25.06521739130437,1.9503105590062109,0.8,115.0
683636,34.80333333333331,4,25.120689655172463,1.9605911330049257,0.8,145.0
683637,55.396666666666796,5,24.66043263822405,1.9689440993788816,0.8,184.0
683638,78.90666666666657,5,24.634337403281446,1.9694423223834985,0.8,187.0
683639,21.660000000000025,4,24.982954545454525,1.9350649350649347,0.8,88.0
683640,22.08333333333336,4,24.986891385767773,1.9357945425361152,0.8,89.0
683641,29.493333333333375,4,25.07851239669424,1.9527744982290434,0.8,121.0
683642,50.34000000000001,5,24.66043263822405,1.9689440993788816,0.8,184.0
683643,24.64666666666669,4,25.025,1.9428571428571424,0.8,100.0
683644,20.793333333333358,4,24.966269841269813,1.9319727891156457,0.8,84.0
683645,21.56333333333336,4,24.9618473895582,1.9311531841652319,0.8,83.0
683646,21.263333333333357,4,24.97480620155036,1.933554817275747,0.8,86.0
683647,101.96333333333315,6,24.03845088968337,1.9820868786386026,0.8,319.0
683648,21.773333333333365,4,24.982954545454525,1.9350649350649347,0.8,88.0
683649,21.510000000000026,4,24.97480620155036,1.933554817275747,0.8,86.0
683650,153.27333333333323,7,23.73193887452048,1.9861303744798888,0.8,412.0
683651,26.070000000000043,4,25.042452830188687,1.9460916442048515,0.8,106.0
683652,41.33000000000003,5,24.581290959481937,1.9605911330049257,0.8,145.0
683653,25.23666666666663,4,24.963572036568916,1.9350649350649347,0.8,88.0
683654,22.526666666666696,4,24.99450549450548,1.9372056514913654,0.8,91.0
683655,34.126666666666694,4,24.839861592922173,1.9550056242969627,0.8,127.0
683656,22.09000000000003,4,24.990740740740723,1.936507936507936,0.8,90.0
683657,21.360000000000024,4,24.952674897119312,1.9294532627865957,0.8,81.0
683658,32.86000000000003,4,25.10323383084581,1.9573560767590614,0.8,134.0
683659,20.14333333333336,4,24.9573170731707,1.9303135888501737,0.8,82.0
683660,22.923333333333357,4,24.914570089017953,1.9378881987577636,0.8,92.0
683661,66.42666666666669,5,24.687681593448552,1.9691119691119687,0.8,185.0
683662,24.760000000000034,4,25.025,1.9428571428571424,0.8,100.0
683663,32.869999999999976,4,25.02188552188552,1.942279942279942,0.8,99.0
683664,22.323333333333363,4,24.99450549450548,1.9372056514913654,0.8,91.0
683665,30.886666666666667,4,25.07302859664972,1.9550056242969627,0.8,127.0
683666,22.290000000000028,4,24.99450549450548,1.9372056514913654,0.8,91.0
683667,23.883333333333344,4,24.978927203065112,1.9343185550082098,0.8,87.0
683668,55.26333333333334,5,24.637535702881596,1.9717114568599714,0.8,202.0
683669,26.953333333333347,4,25.053030303030315,1.9480519480519478,0.8,110.0
683670,44.11666666666653,4,25.08643315608377,1.9675324675324672,0.8,176.0
683671,25.026666666666685,4,25.01215277777777,1.94047619047619,0.8,96.0
683672,21.290000000000028,4,24.97480620155036,1.933554817275747,0.8,86.0
683673,75.99666666666654,5,24.797343169268107,1.9752628324056893,0.8,231.0
683674,78.92666666666648,9,20.039933845716686,1.9691119691119687,0.8,185.0
683675,67.14000000000003,9,19.934364947367257,1.9686028257456825,0.8,182.0
683676,140.51333333333343,15,16.444376357853915,1.9799498746867166,0.8,285.0
683677,81.52666666666657,10,19.396632732937512,1.9675324675324672,0.8,176.0
683678,148.86999999999975,9,19.921183419291886,1.9781061850027364,0.8,261.0
683679,91.33666666666679,10,19.607049854790606,1.9749373433583957,0.8,228.0
683680,32.28666666666675,8,20.36216417347018,1.9470899470899468,0.8,108.0
683681,166.14666666666633,14,17.03038861559317,1.9806295399515736,0.8,295.0
683682,183.61333333333292,15,16.549221735069207,1.9822537710736468,0.8,322.0
683683,28.606666666666747,8,20.33333333333336,1.93984962406015,0.8,95.0
683684,355.6333333333322,8,20.640277777778028,1.9952380952380953,0.8,1200.0
683685,73.47333333333336,9,20.054238360249375,1.9678972712680574,0.8,178.0
683686,104.80333333333336,10,19.371483379698777,1.9782726778924495,0.8,263.0
683687,30.65666666666676,8,20.356209150326826,1.943977591036414,0.8,102.0
683688,37.60000000000003,8,20.41534391534391,1.9546485260770972,0.8,126.0
683689,132.58666666666645,10,19.483166832388253,1.9784366576819405,0.8,265.0
683690,31.310000000000088,8,20.36217948717951,1.9450549450549448,0.8,104.0
683691,26.27333333333339,8,20.302681992337188,1.9343185550082098,0.8,87.0
683692,101.10333333333367,10,19.010189940060567,1.974259974259974,0.8,222.0
683693,29.670000000000087,8,20.346801346801374,1.942279942279942,0.8,99.0
683694,28.37666666666674,8,20.32978723404258,1.9392097264437687,0.8,94.0
683695,272.1200000000002,13,18.593254952071714,1.9880454273759711,0.8,478.0
683696,125.94000000000014,9,20.129845822268326,1.9781897491821154,0.8,262.0
683697,53.10666666666666,9,19.808985693688545,1.9636032757051862,0.8,157.0
683698,356.75333333333225,8,20.640277777778028,1.9952380952380953,0.8,1200.0
683699,85.36666666666636,9,20.14152796003982,1.9763872491145216,0.8,242.0
683700,31.650000000000087,8,20.36792452830191,1.9460916442048515,0.8,106.0
683701,41.30666666666665,8,20.44208037825057,1.9594731509625123,0.8,141.0
683702,39.15000000000001,8,20.292000095404678,1.9557032115171646,0.8,129.0
683703,355.34333333333217,8,20.640277777778028,1.9952380952380953,0.8,1200.0
683704,47.5466666666666,8,20.46624472573836,1.9638336347197103,0.8,158.0
683705,34.853333333333396,8,20.393678160919546,1.9507389162561573,0.8,116.0
683706,179.1733333333338,12,18.431685772491026,1.9829424307036245,0.8,335.0
683707,371.6366666666656,16,16.06218077390127,1.9907834101382487,0.8,620.0
683708,112.31666666666729,9,20.0993883534649,1.975990396158463,0.8,238.0
683709,33.31000000000007,8,20.383928571428584,1.9489795918367343,0.8,112.0
683710,36.68333333333336,8,20.292444992745242,1.952380952380952,0.8,120.0
683711,28.319999999999972,8,20.306818181818205,1.9350649350649347,0.8,88.0
683712,53.60333333333321,8,20.4095268088726,1.9597585513078466,0.8,142.0
683713,87.73333333333345,9,20.093982744563476,1.9723947550034504,0.8,207.0
683714,29.920000000000023,8,20.294117647058844,1.932773109243697,0.8,85.0
683715,31.210000000000093,8,20.35000000000003,1.9428571428571424,0.8,100.0
683716,29.36666666666675,8,20.340206185567038,1.941089837997054,0.8,97.0
683717,92.48999999999997,10,19.612621031011045,1.9754751686082155,0.8,233.0
683718,124.25666666666704,11,18.533245560212567,1.9771428571428569,0.8,250.0
683719,42.92666666666669,8,20.375488796334363,1.9560439560439558,0.8,130.0
683720,52.74333333333322,8,20.48975791433887,1.9680766161213086,0.8,179.0
683721,44.38666666666657,8,20.275343443024173,1.9588900308324764,0.8,139.0
683722,127.16333333333358,10,19.642106815817435,1.9746031746031742,0.8,225.0
683723,31.150000000000087,8,20.356209150326826,1.943977591036414,0.8,102.0
683724,16.126666666666647,1,28.641975308641975,1.9294532627865957,0.8,81.0
683725,11.039999999999987,1,28.482142857142858,1.8979591836768726,0.8,56.0
683726,14.296666666666647,1,28.59722222222222,1.9206349206349225,0.8,72.0
683727,13.703333333333317,1,28.45789046209407,1.9147121535181482,0.8,67.0
683728,14.903333333333313,1,28.613333333333333,1.9238095238095236,0.8,75.0
683729,18.02333333333333,1,28.591385924014958,1.9350649350649347,0.8,88.0
683730,14.473333333333313,1,28.602739726027398,1.9217221135029365,0.8,73.0
683731,13.67666666666665,1,28.496031230324178,1.9147121535181482,0.8,67.0
683732,11.093333333333321,1,28.482142857142858,1.8979591836768726,0.8,56.0
683733,14.169999999999982,1,28.591549295774648,1.9195171026156976,0.8,71.0
683734,13.303333333333317,1,28.567164179104477,1.9147121535181482,0.8,67.0
683735,12.056666666666652,1,28.524590163934427,1.9063231850120719,0.8,61.0
683736,18.97,1,28.694736842105264,1.93984962406015,0.8,95.0
683737,20.886666666666635,1,28.70408163265306,1.941690962099125,0.8,98.0
683738,15.083333333333313,1,28.61842105263158,1.9248120300751874,0.8,76.0
683739,18.766666666666666,1,28.69148936170213,1.9392097264437687,0.8,94.0
683740,266.179999999999,10,23.242771596622752,1.9894764535648513,0.8,543.0
683741,11.243333333333322,1,28.49122807017544,1.8997493734357571,0.8,57.0
683742,15.716666666666645,1,28.632911392405063,1.9276672694394208,0.8,79.0
683743,14.31999999999998,1,28.59722222222222,1.9206349206349225,0.8,72.0
683744,17.40333333333333,1,28.641975308641975,1.9294532627865957,0.8,81.0
683745,10.686666666666655,1,28.462962962962962,1.8941798941882477,0.8,54.0
683746,20.216666666666676,1,28.712871287128714,1.943422913719943,0.8,101.0
683747,11.85333333333332,1,28.516666666666666,1.9047619047624715,0.8,60.0
683748,17.77666666666666,1,28.674157303370787,1.9357945425361152,0.8,89.0
683749,11.066666666666654,1,28.482142857142858,1.8979591836768726,0.8,56.0
683750,12.666666666666652,1,28.546875,1.9107142857143804,0.8,64.0
683751,13.073333333333316,1,28.560606060606062,1.913419913419952,0.8,66.0
683752,13.27666666666665,1,28.567164179104477,1.9147121535181482,0.8,67.0
683753,23.850000000000055,1,28.600359846681023,1.9480519480519478,0.8,110.0
683754,21.286666666666687,1,28.72641509433962,1.9460916442048515,0.8,106.0
683755,15.946666666666646,1,28.6375,1.9285714285714282,0.8,80.0
683756,10.633333333333322,1,28.462962962962962,1.8941798941882477,0.8,54.0
683757,14.903333333333313,1,28.613333333333333,1.9238095238095236,0.8,75.0
683758,18.18333333333333,1,28.681318681318682,1.9372056514913654,0.8,91.0
683759,17.77666666666666,1,28.674157303370787,1.9357945425361152,0.8,89.0
683760,16.936666666666653,1,28.658823529411766,1.932773109243697,0.8,85.0
683761,56.4500000000001,2,28.29110902334781,1.969765684051398,0.8,189.0
683762,17.139999999999986,1,28.662790697674417,1.933554817275747,0.8,86.0
683763,12.923333333333318,1,28.553846153846155,1.9120879120879726,0.8,65.0
683764,14.08999999999998,1,28.591549295774648,1.9195171026156976,0.8,71.0
683765,25.743333333333396,1,28.65315751196058,1.952380952380952,0.8,120.0
683766,13.303333333333317,1,28.567164179104477,1.9147121535181482,0.8,67.0
683767,12.746666666666652,1,28.546875,1.9107142857143804,0.8,64.0
683768,18.156666666666663,1,28.681318681318682,1.9372056514913654,0.8,91.0
683769,15.513333333333312,1,28.628205128205128,1.9267399267399263,0.8,78.0
683770,16.326666666666647,1,28.646341463414632,1.9303135888501737,0.8,82.0
683771,15.513333333333312,1,28.628205128205128,1.9267399267399263,0.8,78.0
683772,12.89666666666665,1,28.553846153846155,1.9120879120879726,0.8,65.0
683773,15.363333333333314,1,28.623376623376622,1.9257884972170682,0.8,77.0
683774,15.539999999999996,2,27.158571428571396,1.9183673469387814,0.8,70.0
683775,21.93,2,27.29099999999995,1.9428571428571424,0.8,100.0
683776,15.896666666666665,2,27.158571428571396,1.9183673469387814,0.8,70.0
683777,16.079999999999995,2,27.17671232876709,1.9217221135029365,0.8,73.0
683778,18.34,2,27.22771084337345,1.9311531841652319,0.8,83.0
683779,14.256666666666662,2,27.11718749999997,1.9107142857143804,0.8,64.0
683780,13.80333333333333,2,27.10161290322578,1.90783410138272,0.8,62.0
683781,20.563333333333336,2,27.274736842105213,1.93984962406015,0.8,95.0
683782,20.43999999999999,2,27.19870129870126,1.9257884972170682,0.8,77.0
683783,19.369999999999997,2,27.24886363636359,1.9350649350649347,0.8,88.0
683784,21.80666666666667,2,27.287878787878736,1.942279942279942,0.8,99.0
683785,21.82666666666665,2,27.21374999999996,1.9285714285714282,0.8,80.0
683786,16.50333333333333,2,27.187999999999963,1.9238095238095236,0.8,75.0
683787,16.153333333333332,2,27.17671232876709,1.9217221135029365,0.8,73.0
683788,16.71666666666666,2,27.19342105263154,1.9248120300751874,0.8,76.0
683789,16.826666666666664,2,27.19342105263154,1.9248120300751874,0.8,76.0
683790,19.636666666666667,2,27.252808988764,1.9357945425361152,0.8,89.0
683791,25.006666666666664,2,27.326548672566314,1.9494310998735773,0.8,113.0
683792,17.479999999999997,2,27.208860759493632,1.9276672694394208,0.8,79.0
683793,13.719999999999995,2,27.10161290322578,1.90783410138272,0.8,62.0
683794,23.77,2,27.316513761467835,1.9475753604193968,0.8,109.0
683795,686.1133333333383,8,22.366014692407187,1.9952380952380953,0.8,1200.0
683796,13.816666666666663,2,27.10161290322578,1.90783410138272,0.8,62.0
683797,20.356666666666666,2,27.267741935483823,1.9385560675883253,0.8,93.0
683798,18.07333333333333,2,27.218518518518476,1.9294532627865957,0.8,81.0
683799,119.28666666666655,5,25.433517766021343,1.9800895968143353,0.8,287.0
683800,19.806666666666665,2,27.183298066400987,1.9357945425361152,0.8,89.0
683801,14.396666666666663,2,27.124615384615357,1.9120879120879726,0.8,65.0
683802,22.633333333333336,2,27.232807360739205,1.943422913719943,0.8,101.0
683803,15.489999999999995,2,27.158571428571396,1.9183673469387814,0.8,70.0
683804,33.63333333333335,2,27.279305868163934,1.9600399600399596,0.8,143.0
683805,27.66,2,27.356692913385768,1.9550056242969627,0.8,127.0
683806,17.109999999999996,2,27.19870129870126,1.9257884972170682,0.8,77.0
683807,16.336666666666662,2,27.182432432432396,1.9227799227799232,0.8,74.0
683808,16.259999999999998,2,27.17671232876709,1.9217221135029365,0.8,73.0
683809,20.62333333333333,2,27.27127659574463,1.9392097264437687,0.8,94.0
683810,15.16666666666666,2,27.152173913043445,1.9171842650103617,0.8,69.0
683811,106.6700000000002,4,26.379854842948752,1.9796644636502285,0.8,281.0
683812,15.706666666666662,2,27.16478873239433,1.9195171026156976,0.8,71.0
683813,19.629999999999995,2,27.252808988764,1.9357945425361152,0.8,89.0
683814,16.699999999999996,2,27.19342105263154,1.9248120300751874,0.8,76.0
683815,15.19333333333333,2,27.145588235294085,1.9159663865546372,0.8,68.0
683816,13.786666666666662,2,27.10161290322578,1.90783410138272,0.8,62.0
683817,173.756666666667,8,23.819608683966734,1.9847211611917492,0.8,374.0
683818,16.55333333333333,2,27.187999999999963,1.9238095238095236,0.8,75.0
683819,21.153333333333336,2,27.281443298969023,1.941089837997054,0.8,97.0
683820,19.27,2,27.244827586206853,1.9343185550082098,0.8,87.0
683821,15.55333333333333,2,27.158571428571396,1.9183673469387814,0.8,70.0
683822,108.23333333333349,4,26.393000652800595,1.9823087129588675,0.8,323.0
683823,63.1900000000001,4,26.37111842278384,1.9708454810495624,0.8,196.0
683824,267.5266666666671,11,21.581406454703963,1.9896103896103894,0.8,550.0
683825,22.90333333333336,4,24.998188405797087,1.9378881987577636,0.8,92.0
683826,21.55333333333336,4,24.982954545454525,1.9350649350649347,0.8,88.0
683827,28.226666666666713,4,25.062865497076043,1.9498746867167918,0.8,114.0
683828,35.44333333333333,4,24.970047313887427,1.9576719576719572,0.8,135.0
683829,20.743333333333357,4,24.966269841269813,1.9319727891156457,0.8,84.0
683830,21.466666666666693,4,24.91840611716249,1.933554817275747,0.8,86.0
683831,85.80000000000005,5,24.48547552343261,1.9800895968143353,0.8,287.0
683832,35.81666666666666,4,24.98332572130768,1.9582898852971842,0.8,137.0
683833,27.5866666666667,4,25.03685897435898,1.9450549450549448,0.8,104.0
683834,17.116666666666678,4,24.87990196078429,1.9159663865546372,0.8,68.0
683835,23.26333333333336,4,25.008771929824555,1.93984962406015,0.8,95.0
683836,25.146666666666707,4,25.00531914893616,1.9392097264437687,0.8,94.0
683837,26.453333333333347,4,24.910806642007838,1.943977591036414,0.8,102.0
683838,86.49333333333351,6,24.261161004723576,1.9779371207942633,0.8,259.0
683839,20.563333333333357,4,24.952674897119312,1.9294532627865957,0.8,81.0
683840,24.310000000000034,4,25.018707482993193,1.941690962099125,0.8,98.0
683841,210.39333333333335,9,21.94058948394772,1.9875505757858698,0.8,459.0
683842,22.826666666666696,4,24.998188405797087,1.9378881987577636,0.8,92.0
683843,24.56000000000002,4,25.03104575163399,1.943977591036414,0.8,102.0
683844,85.45666666666682,7,23.43959118403759,1.9731723675385644,0.8,213.0
683845,24.77000000000002,4,25.02805280528053,1.943422913719943,0.8,101.0
683846,280.4966666666614,4,25.192708974611758,1.9952380952380953,0.8,1200.0
683847,26.680000000000028,4,25.050458715596342,1.9475753604193968,0.8,109.0
683848,20.38666666666669,4,24.9618473895582,1.9311531841652319,0.8,83.0
683849,113.43000000000025,6,24.139742288496414,1.9776785714285712,0.8,256.0
683850,16.623333333333346,4,24.866161616161598,1.913419913419952,0.8,66.0
683851,20.800000000000022,4,24.966269841269813,1.9319727891156457,0.8,84.0
683852,16.280000000000012,4,24.85897435897434,1.9120879120879726,0.8,65.0
683853,20.24333333333336,4,24.9573170731707,1.9303135888501737,0.8,82.0
683854,27.966666666666715,4,25.062865497076043,1.9498746867167918,0.8,114.0
683855,24.750000000000032,4,25.02188552188552,1.942279942279942,0.8,99.0
683856,20.420000000000027,4,24.966269841269813,1.9319727891156457,0.8,84.0
683857,19.870000000000022,4,24.947916666666636,1.9285714285714282,0.8,80.0
683858,91.94333333333364,6,24.097322642450877,1.9689440993788816,0.8,184.0
683859,21.793333333333358,4,24.986891385767773,1.9357945425361152,0.8,89.0
683860,144.38000000000036,10,21.568470236135763,1.978914074855034,0.8,271.0
683861,28.500000000000036,4,25.06980056980059,1.951159951159951,0.8,117.0
683862,22.466666666666672,4,24.990740740740723,1.936507936507936,0.8,90.0
683863,19.63000000000002,4,24.918363165941486,1.9257884972170682,0.8,77.0
683864,18.50333333333335,4,24.922222222222196,1.9238095238095236,0.8,75.0
683865,21.81000000000002,4,24.955537768590442,1.933554817275747,0.8,86.0
683866,25.99333333333335,4,25.04783950617285,1.9470899470899468,0.8,108.0
683867,22.59000000000003,4,24.99450549450548,1.9372056514913654,0.8,91.0
683868,36.526666666666586,4,25.12777777777783,1.9619047619047614,0.8,150.0
683869,30.523333333333294,4,25.033980582524276,1.9445214979195558,0.8,103.0
683870,67.58333333333337,5,24.654264693837106,1.971428571428571,0.8,200.0
683871,207.6266666666673,8,23.10921770836614,1.9869834038398957,0.8,439.0
683872,293.2566666666722,4,25.17466275867018,1.9952380952380953,0.8,1200.0
683873,27.42333333333335,4,25.060471976401196,1.9494310998735773,0.8,113.0
683874,515.1633333333325,17,16.101128658236703,1.9917304114120322,0.8,691.0
683875,34.37000000000007,8,20.396011396011403,1.951159951159951,0.8,117.0
683876,29.41000000000009,8,20.340206185567038,1.941089837997054,0.8,97.0
683877,36.876666666666665,8,20.40710382513661,1.9531615925058545,0.8,122.0
683878,119.0033333333336,12,18.331604572398426,1.976484420928865,0.8,243.0
683879,126.22666666666623,10,19.299911662984897,1.9775910364145655,0.8,255.0
683880,32.346666666666756,8,20.373456790123473,1.9470899470899468,0.8,108.0
683881,72.58333333333334,9,19.926847647885936,1.9686028257456825,0.8,182.0
683882,29.506666666666753,8,20.340206185567038,1.941089837997054,0.8,97.0
683883,31.843333333333423,8,20.36792452830191,1.9460916442048515,0.8,106.0
683884,39.49333333333338,8,20.33333333333336,1.93984962406015,0.8,95.0
683885,100.56999999999968,11,18.733259468718565,1.9761904761904758,0.8,240.0
683886,46.483333333333235,8,20.46367521367518,1.963369963369963,0.8,156.0
683887,39.556666666666686,8,20.365703689862542,1.954285714285714,0.8,125.0
683888,514.8666666666608,12,18.016521757322604,1.9952380952380953,0.8,1200.0
683889,31.603333333333424,8,20.36507936507939,1.9455782312925167,0.8,105.0
683890,45.0633333333333,8,20.458333333333304,1.9624060150375935,0.8,152.0
683891,29.923333333333414,8,20.336805555555582,1.94047619047619,0.8,96.0
683892,92.23666666666612,9,20.226306067109164,1.9781897491821154,0.8,262.0
683893,33.49666666666674,8,20.386430678466088,1.9494310998735773,0.8,113.0
683894,33.12666666666675,8,20.383928571428584,1.9489795918367343,0.8,112.0
683895,354.7899999999988,8,20.640277777778028,1.9952380952380953,0.8,1200.0
683896,29.380000000000077,8,20.343537414966015,1.941690962099125,0.8,98.0
683897,49.83999999999982,8,20.443661971830963,1.9597585513078466,0.8,142.0
683898,31.213333333333427,8,20.345196062127574,1.943422913719943,0.8,101.0
683899,87.8266666666668,9,20.186019680553954,1.9746031746031742,0.8,225.0
683900,105.90333333333344,12,18.37951827175529,1.9755799755799752,0.8,234.0
683901,48.089999999999876,8,20.262188804133988,1.9619047619047614,0.8,150.0
683902,44.333333333333364,8,20.41129032258064,1.953917050691244,0.8,124.0
683903,39.28999999999992,8,20.378787878787893,1.9480519480519478,0.8,110.0
683904,185.61666666666608,15,16.15893901379033,1.9797365754812561,0.8,282.0
683905,37.26333333333336,8,20.378787878787893,1.9480519480519478,0.8,110.0
683906,148.07666666666603,11,19.238662951836474,1.9853854585312385,0.8,391.0
683907,36.13666666666671,8,20.40495867768595,1.9527744982290434,0.8,121.0
683908,47.133333333333205,8,20.291573023665688,1.9616490891658673,0.8,149.0
683909,225.00666666666618,13,18.129668380444556,1.9878677585683955,0.8,471.0
683910,60.01999999999996,9,19.908377115004,1.9640610961365674,0.8,159.0
683911,31.963333333333427,8,20.36792452830191,1.9460916442048515,0.8,106.0
683912,99.80333333333304,10,19.469922042222834,1.9709934735315442,0.8,197.0
683913,140.74666666666675,14,17.29140841194091,1.9743754003843688,0.8,223.0
683914,30.116666666666752,8,20.340206185567038,1.941089837997054,0.8,97.0
683915,41.620000000000026,8,20.41534391534391,1.9546485260770972,0.8,126.0
683916,192.70000000000022,14,17.02750119892276,1.9842146803472769,0.8,362.0
683917,34.856666666666726,8,20.368522441067686,1.9503105590062109,0.8,115.0
683918,226.3900000000004,15,16.398014052961685,1.9840383080606543,0.8,358.0
683919,138.80666666666625,11,18.83744160469663,1.9823087129588675,0.8,323.0
683920,32.56333333333342,8,20.373456790123473,1.9470899470899468,0.8,108.0
683921,42.60333333333331,8,20.44522144522142,1.9600399600399596,0.8,143.0
683922,35.100000000000044,8,20.393678160919546,1.9507389162561573,0.8,116.0
683923,32.76000000000007,8,20.378787878787893,1.9480519480519478,0.8,110.0
683924,12.08333333333332,1,28.524590163934427,1.9063231850120719,0.8,61.0
683925,17.36999999999999,1,28.666666666666668,1.9343185550082098,0.8,87.0
683926,10.713333333333322,1,28.462962962962962,1.8941798941882477,0.8,54.0
683927,17.326666666666657,1,28.662790697674417,1.933554817275747,0.8,86.0
683928,11.039999999999987,1,28.482142857142858,1.8979591836768726,0.8,56.0
683929,14.496666666666647,1,28.602739726027398,1.9217221135029365,0.8,73.0
683930,19.050000000000004,1,28.694736842105264,1.93984962406015,0.8,95.0
683931,11.879999999999987,1,28.516666666666666,1.9047619047624715,0.8,60.0
683932,13.099999999999984,1,28.560606060606062,1.913419913419952,0.8,66.0
683933,12.236666666666652,1,28.532258064516128,1.90783410138272,0.8,62.0
683934,12.543333333333319,1,28.53968253968254,1.909297052154343,0.8,63.0
683935,14.703333333333314,1,28.60810810810811,1.9227799227799232,0.8,74.0
683936,10.406666666666656,1,28.452830188679247,1.8921832884227978,0.8,53.0
683937,11.879999999999987,1,28.516666666666666,1.9047619047624715,0.8,60.0
683938,13.709999999999981,1,28.579710144927535,1.9171842650103617,0.8,69.0
683939,11.066666666666654,1,28.482142857142858,1.8979591836768726,0.8,56.0
683940,18.18333333333333,1,28.681318681318682,1.9372056514913654,0.8,91.0
683941,14.523333333333314,1,28.602739726027398,1.9217221135029365,0.8,73.0
683942,13.889999999999981,1,28.585714285714285,1.9183673469387814,0.8,70.0
683943,11.243333333333322,1,28.49122807017544,1.8997493734357571,0.8,57.0
683944,14.523333333333314,1,28.602739726027398,1.9217221135029365,0.8,73.0
683945,21.086666666666684,1,28.723809523809525,1.9455782312925167,0.8,105.0
683946,12.97666666666665,1,28.553846153846155,1.9120879120879726,0.8,65.0
683947,11.879999999999987,1,28.516666666666666,1.9047619047624715,0.8,60.0
683948,13.27666666666665,1,28.567164179104477,1.9147121535181482,0.8,67.0
683949,11.526666666666653,1,28.5,1.9014778325137034,0.8,58.0
683950,14.92999999999998,1,28.613333333333333,1.9238095238095236,0.8,75.0
683951,12.949999999999985,1,28.553846153846155,1.9120879120879726,0.8,65.0
683952,13.559999999999983,1,28.573529411764707,1.9159663865546372,0.8,68.0
683953,11.296666666666654,1,28.49122807017544,1.8997493734357571,0.8,57.0
683954,17.36999999999999,1,28.666666666666668,1.9343185550082098,0.8,87.0
683955,13.683333333333316,1,28.579710144927535,1.9171842650103617,0.8,69.0
683956,19.78333333333334,1,28.707070707070706,1.942279942279942,0.8,99.0
683957,10.836666666666655,1,28.472727272727273,1.8961038961092271,0.8,55.0
683958,13.073333333333316,1,28.560606060606062,1.913419913419952,0.8,66.0
683959,22.656666666666695,1,28.743362831858406,1.9494310998735773,0.8,113.0
683960,14.08999999999998,1,28.591549295774648,1.9195171026156976,0.8,71.0
683961,14.293333333333313,1,28.59722222222222,1.9206349206349225,0.8,72.0
683962,11.879999999999987,1,28.516666666666666,1.9047619047624715,0.8,60.0
683963,12.08333333333332,1,28.524590163934427,1.9063231850120719,0.8,61.0
683964,10.86333333333332,1,28.472727272727273,1.8961038961092271,0.8,55.0
683965,13.303333333333317,1,28.567164179104477,1.9147121535181482,0.8,67.0
683966,11.47333333333332,1,28.5,1.9014778325137034,0.8,58.0
683967,13.58666666666665,1,28.573529411764707,1.9159663865546372,0.8,68.0
683968,17.749999999999993,1,28.674157303370787,1.9357945425361152,0.8,89.0
683969,14.293333333333313,1,28.59722222222222,1.9206349206349225,0.8,72.0
683970,14.523333333333314,1,28.602739726027398,1.9217221135029365,0.8,73.0
683971,12.89666666666665,1,28.553846153846155,1.9120879120879726,0.8,65.0
683972,13.073333333333316,1,28.560606060606062,1.913419913419952,0.8,66.0
683973,14.31999999999998,1,28.59722222222222,1.9206349206349225,0.8,72.0
683974,259.7833333333347,2,27.57424999999939,1.9952380952380953,0.8,1200.0
683975,37.76333333333338,3,26.75038074913101,1.9611273080660832,0.8,147.0
683976,15.466666666666661,2,27.158571428571396,1.9183673469387814,0.8,70.0
683977,20.869999999999997,2,27.21740523146666,1.9385560675883253,0.8,93.0
683978,20.073333333333334,2,27.26413043478256,1.9378881987577636,0.8,92.0
683979,19.75333333333333,2,27.25666666666662,1.936507936507936,0.8,90.0
683980,20.35333333333333,2,27.267741935483823,1.9385560675883253,0.8,93.0
683981,18.93,2,27.244827586206853,1.9343185550082098,0.8,87.0
683982,15.266666666666676,2,27.10161290322578,1.90783410138272,0.8,62.0
683983,119.25999999999988,4,26.597679813661994,1.9845976126299574,0.8,371.0
683984,21.549999999999997,2,27.1193619702027,1.9378881987577636,0.8,92.0
683985,19.369999999999997,2,27.24886363636359,1.9350649350649347,0.8,88.0
683986,18.48666666666668,2,27.187999999999963,1.9238095238095236,0.8,75.0
683987,44.086666666666716,3,26.842270005971677,1.9603174603174598,0.8,144.0
683988,67.31999999999977,4,26.416894738239126,1.9766763848396498,0.8,245.0
683989,15.956666666666663,2,27.1708333333333,1.9206349206349225,0.8,72.0
683990,17.43333333333333,2,27.203846153846115,1.9267399267399263,0.8,78.0
683991,19.583333333333357,2,27.232142857142815,1.9319727891156457,0.8,84.0
683992,13.893333333333329,2,27.10161290322578,1.90783410138272,0.8,62.0
683993,25.046666666666642,2,27.27127659574463,1.9392097264437687,0.8,94.0
683994,15.873333333333328,2,27.1708333333333,1.9206349206349225,0.8,72.0
683995,20.45,2,27.267741935483823,1.9385560675883253,0.8,93.0
683996,21.036666666666672,2,27.281443298969023,1.941089837997054,0.8,97.0
683997,25.923333333333275,2,27.294059405940544,1.943422913719943,0.8,101.0
683998,17.71333333333333,2,27.21374999999996,1.9285714285714282,0.8,80.0
683999,27.42666666666664,2,27.27127659574463,1.9392097264437687,0.8,94.0
684000,21.09333333333333,2,27.20268031691104,1.93984962406015,0.8,95.0
684001,17.696666666666665,2,27.21374999999996,1.9285714285714282,0.8,80.0
684002,17.369999999999997,2,27.208860759493632,1.9276672694394208,0.8,79.0
684003,15.833333333333327,2,27.1708333333333,1.9206349206349225,0.8,72.0
684004,20.21333333333333,2,27.26413043478256,1.9378881987577636,0.8,92.0
684005,13.893333333333329,2,27.10161290322578,1.90783410138272,0.8,62.0
684006,21.416666666666668,2,27.281443298969023,1.941089837997054,0.8,97.0
684007,20.566666666666666,2,27.267741935483823,1.9385560675883253,0.8,93.0
684008,13.789999999999996,2,27.10161290322578,1.90783410138272,0.8,62.0
684009,22.983333333333334,2,27.305714285714235,1.9455782312925167,0.8,105.0
684010,18.849999999999998,2,27.24069767441856,1.933554817275747,0.8,86.0
684011,15.31333333333333,2,27.067673021369018,1.9147121535181482,0.8,67.0
684012,13.849999999999996,2,27.10161290322578,1.90783410138272,0.8,62.0
684013,143.00333333333353,6,25.10726140578148,1.9809523809523808,0.8,300.0
684014,17.06333333333333,2,27.203846153846115,1.9267399267399263,0.8,78.0
684015,14.949999999999994,2,27.145588235294085,1.9159663865546372,0.8,68.0
684016,16.15,2,27.17671232876709,1.9217221135029365,0.8,73.0
684017,19.409999999999997,2,27.252808988764,1.9357945425361152,0.8,89.0
684018,20.683333333333334,2,27.274736842105213,1.93984962406015,0.8,95.0
684019,21.66333333333336,2,27.116132711134945,1.933554817275747,0.8,86.0
684020,16.099999999999994,2,27.17671232876709,1.9217221135029365,0.8,73.0
684021,17.296666666666663,2,27.203846153846115,1.9267399267399263,0.8,78.0
684022,25.71,2,27.33589743589738,1.951159951159951,0.8,117.0
684023,19.153333333333332,2,27.244827586206853,1.9343185550082098,0.8,87.0
684024,24.45000000000003,4,25.02188552188552,1.942279942279942,0.8,99.0
684025,28.00333333333338,4,25.062865497076043,1.9498746867167918,0.8,114.0
684026,24.23333333333333,4,24.97480620155036,1.933554817275747,0.8,86.0
684027,91.4933333333332,7,23.466726006688937,1.9754751686082155,0.8,233.0
684028,25.056666666666704,4,25.03104575163399,1.943977591036414,0.8,102.0
684029,23.120000000000026,4,25.00531914893616,1.9392097264437687,0.8,94.0
684030,21.346666666666692,4,24.97480620155036,1.933554817275747,0.8,86.0
684031,272.77666666666613,12,20.750599173138383,1.989156953103822,0.8,527.0
684032,178.10333333333315,10,21.78977533810212,1.984126984126984,0.8,360.0
684033,86.89666666666643,7,23.404032124887102,1.9708454810495624,0.8,196.0
684034,141.7,7,23.43063740503093,1.9831932773109242,0.8,340.0
684035,19.40666666666669,4,24.93803418803416,1.9267399267399263,0.8,78.0
684036,95.58666666666642,6,24.283160304059646,1.9775910364145655,0.8,255.0
684037,23.500000000000018,4,24.851317881513893,1.936507936507936,0.8,90.0
684038,183.75333333333268,8,23.266539772986654,1.9864268747879197,0.8,421.0
684039,28.150000000000045,4,25.06521739130437,1.9503105590062109,0.8,115.0
684040,84.14666666666645,6,24.15699641303883,1.9740259740259738,0.8,220.0
684041,29.766666666666687,4,25.07851239669424,1.9527744982290434,0.8,121.0
684042,137.51000000000067,7,23.13407208310212,1.981973862100045,0.8,317.0
684043,28.746666666666684,4,25.074229691876774,1.9519807923169266,0.8,119.0
684044,20.74333333333336,4,24.866764142865957,1.9294532627865957,0.8,81.0
684045,17.676666666666684,4,24.89285714285712,1.9183673469387814,0.8,70.0
684046,169.47000000000037,7,23.564744965725033,1.9837199837199835,0.8,351.0
684047,26.993333333333357,4,25.05555555555557,1.9485199485199483,0.8,111.0
684048,18.27333333333335,4,24.910958904109563,1.9217221135029365,0.8,73.0
684049,25.510000000000037,4,25.03685897435898,1.9450549450549448,0.8,104.0
684050,21.163333333333355,4,24.978927203065112,1.9343185550082098,0.8,87.0
684051,23.12000000000003,4,25.00531914893616,1.9392097264437687,0.8,94.0
684052,21.40666666666667,4,24.947916666666636,1.9285714285714282,0.8,80.0
684053,26.403333333333375,4,25.04783950617285,1.9470899470899468,0.8,108.0
684054,17.17666666666668,4,24.886473429951668,1.9171842650103617,0.8,69.0
684055,56.113333333333415,6,24.10936272099658,1.971428571428571,0.8,200.0
684056,496.59000000000873,9,20.684946582206877,1.9952380952380953,0.8,1200.0
684057,64.2399999999999,5,24.479825138143323,1.9689440993788816,0.8,184.0
684058,29.46333333333336,4,24.98721461823815,1.9507389162561573,0.8,116.0
684059,61.20999999999989,5,24.66593864076349,1.9717114568599714,0.8,202.0
684060,223.39000000000087,9,22.833264036601975,1.9882903981264635,0.8,488.0
684061,28.11666666666673,4,25.03104575163399,1.943977591036414,0.8,102.0
684062,23.856666666666694,4,25.018707482993193,1.941690962099125,0.8,98.0
684063,19.670000000000027,4,24.943037974683516,1.9276672694394208,0.8,79.0
684064,27.41000000000004,4,25.05803571428573,1.9489795918367343,0.8,112.0
684065,21.15666666666669,4,24.966269841269813,1.9319727891156457,0.8,84.0
684066,18.81000000000002,4,24.922222222222196,1.9238095238095236,0.8,75.0
684067,24.336666666666705,4,25.02188552188552,1.942279942279942,0.8,99.0
684068,21.06000000000002,4,24.97058823529409,1.932773109243697,0.8,85.0
684069,17.603333333333346,4,24.89285714285712,1.9183673469387814,0.8,70.0
684070,26.003333333333373,4,25.03968253968255,1.9455782312925167,0.8,105.0
684071,23.670000000000034,4,25.008771929824555,1.93984962406015,0.8,95.0
684072,17.556666666666683,4,24.89285714285712,1.9183673469387814,0.8,70.0
684073,25.056666666666704,4,25.03104575163399,1.943977591036414,0.8,102.0
684074,228.0533333333338,14,17.233153677378144,1.984802431610942,0.8,376.0
684075,34.95333333333331,8,20.356209150326826,1.943977591036414,0.8,102.0
684076,38.63,8,20.409765557237506,1.9560439560439558,0.8,130.0
684077,80.35666666666647,11,18.855014590072,1.969604863221884,0.8,188.0
684078,159.59666666666746,11,19.296634529490593,1.9855334538878842,0.8,395.0
684079,41.74333333333331,8,20.443661971830963,1.9597585513078466,0.8,142.0
684080,32.33333333333343,8,20.378787878787893,1.9480519480519478,0.8,110.0
684081,34.94000000000005,8,20.368366852408762,1.9489795918367343,0.8,112.0
684082,78.17999999999968,9,20.110732162849757,1.9763872491145216,0.8,242.0
684083,173.64666666666616,13,17.54831173960342,1.9833402748854643,0.8,343.0
684084,175.41666666666595,10,19.54871482146247,1.9850801939574785,0.8,383.0
684085,237.73999999999924,11,19.315815074108063,1.9884559884559883,0.8,495.0
684086,32.140000000000086,8,20.373456790123473,1.9470899470899468,0.8,108.0
684087,199.73666666666605,12,18.179690157648587,1.9795918367346936,0.8,280.0
684088,266.8566666666671,13,17.912501934394093,1.9890109890109888,0.8,520.0
684089,142.73999999999967,10,19.7170282805411,1.9833402748854643,0.8,343.0
684090,32.28000000000007,8,20.36792452830191,1.9460916442048515,0.8,106.0
684091,33.78666666666674,8,20.37514364883692,1.9498746867167918,0.8,114.0
684092,32.87666666666675,8,20.381381381381395,1.9485199485199483,0.8,111.0
684093,37.83666666666668,8,20.417322834645663,1.9550056242969627,0.8,127.0
684094,73.04000000000003,10,19.407208045351343,1.9692780337941624,0.8,186.0
684095,30.000000000000078,8,20.356209150326826,1.943977591036414,0.8,102.0
684096,83.44666666666649,10,19.387622129284,1.9751552795031053,0.8,230.0
684097,166.8600000000009,11,19.312857020151757,1.9856784819190834,0.8,399.0
684098,705.0033333333396,12,17.250920308121064,1.9952380952380953,0.8,1200.0
684099,53.929999999999986,8,20.283428818086303,1.963369963369963,0.8,156.0
684100,377.24000000000234,9,19.699460777450017,1.9952380952380953,0.8,1200.0
684101,93.99333333333297,10,19.25276133466048,1.9758890898131403,0.8,237.0
684102,70.60333333333335,9,19.919758659944353,1.9706959706959704,0.8,195.0
684103,187.78333333333376,13,17.944175836289833,1.9842581660763476,0.8,363.0
684104,30.500000000000085,8,20.36217948717951,1.9450549450549448,0.8,104.0
684105,76.18333333333352,9,20.143433784720514,1.9727891156462583,0.8,210.0
684106,143.12333333333316,11,18.972094691796944,1.9835796387520523,0.8,348.0
684107,356.8266666666656,8,20.63567789131117,1.9952380952380953,0.8,1200.0
684108,57.12333333333324,8,20.46624472573836,1.9638336347197103,0.8,158.0
684109,30.636666666666763,8,20.36217948717951,1.9450549450549448,0.8,104.0
684110,47.17333333333345,8,20.41576743273117,1.9626517273576092,0.8,153.0
684111,42.93333333333333,8,20.373456790123473,1.9470899470899468,0.8,108.0
684112,108.8966666666666,9,19.97614983655395,1.973666886109282,0.8,217.0
684113,96.48000000000044,10,19.481348601239574,1.974259974259974,0.8,222.0
684114,271.45333333333264,12,18.42830323442077,1.987441130298273,0.8,455.0
684115,38.830000000000005,8,20.41129032258064,1.953917050691244,0.8,124.0
684116,71.71333333333324,9,20.09570775697786,1.9709934735315442,0.8,197.0
684117,57.84999999999994,8,20.491667951003944,1.9709934735315442,0.8,197.0
684118,31.723333333333425,8,20.356209150326826,1.943977591036414,0.8,102.0
684119,25.826666666666725,8,20.294117647058844,1.932773109243697,0.8,85.0
684120,275.3733333333334,12,18.38289578149232,1.9853479853479852,0.8,390.0
684121,41.379999999999924,8,20.34273867015558,1.9489795918367343,0.8,112.0
684122,194.99333333333323,12,18.840080273671937,1.9874134675896789,0.8,454.0
684123,41.16333333333331,8,20.44047619047617,1.9591836734693873,0.8,140.0
684124,11.85333333333332,1,28.516666666666666,1.9047619047624715,0.8,60.0
684125,26.520000000000053,1,28.78030303030303,1.9567099567099562,0.8,132.0
684126,41.533333333333296,2,28.18401823274634,1.9671592775041047,0.8,174.0
684127,14.176666666666677,1,28.553846153846155,1.9120879120879726,0.8,65.0
684128,13.303333333333317,1,28.567164179104477,1.9147121535181482,0.8,67.0
684129,11.879999999999987,1,28.516666666666666,1.9047619047624715,0.8,60.0
684130,18.946666666666665,1,28.694736842105264,1.93984962406015,0.8,95.0
684131,143.7700000000002,4,27.460044378072745,1.9865229110512128,0.8,424.0
684132,19.403333333333336,1,28.701030927835053,1.941089837997054,0.8,97.0
684133,24.05333333333337,1,28.758333333333333,1.952380952380952,0.8,120.0
684134,16.533333333333317,1,28.650602409638555,1.9311531841652319,0.8,83.0
684135,23.04000000000003,1,28.747826086956522,1.9503105590062109,0.8,115.0
684136,14.116666666666648,1,28.591549295774648,1.9195171026156976,0.8,71.0
684137,12.846666666666652,1,28.553846153846155,1.9120879120879726,0.8,65.0
684138,18.386666666666663,1,28.684782608695652,1.9378881987577636,0.8,92.0
684139,14.703333333333314,1,28.60810810810811,1.9227799227799232,0.8,74.0
684140,17.749999999999993,1,28.674157303370787,1.9357945425361152,0.8,89.0
684141,43.42666666666663,2,28.304454377284124,1.9689440993788816,0.8,184.0
684142,11.269999999999987,1,28.49122807017544,1.8997493734357571,0.8,57.0
684143,13.329999999999984,1,28.567164179104477,1.9147121535181482,0.8,67.0
684144,245.20333333333414,8,24.650166756559535,1.988947222989776,0.8,517.0
684145,14.523333333333314,1,28.602739726027398,1.9217221135029365,0.8,73.0
684146,11.85333333333332,1,28.516666666666666,1.9047619047624715,0.8,60.0
684147,106.21333333333287,4,27.280908127376858,1.9799498746867166,0.8,285.0
684148,98.81999999999954,3,27.94731262526262,1.9831932773109242,0.8,340.0
684149,11.296666666666654,1,28.49122807017544,1.8997493734357571,0.8,57.0
684150,12.666666666666652,1,28.546875,1.9107142857143804,0.8,64.0
684151,17.54999999999999,1,28.670454545454547,1.9350649350649347,0.8,88.0
684152,18.97,1,28.694736842105264,1.93984962406015,0.8,95.0
684153,21.030000000000015,1,28.723809523809525,1.9455782312925167,0.8,105.0
684154,17.979999999999993,1,28.677777777777777,1.936507936507936,0.8,90.0
684155,12.89666666666665,1,28.553846153846155,1.9120879120879726,0.8,65.0
684156,16.353333333333314,1,28.646341463414632,1.9303135888501737,0.8,82.0
684157,14.903333333333313,1,28.613333333333333,1.9238095238095236,0.8,75.0
684158,14.31999999999998,1,28.59722222222222,1.9206349206349225,0.8,72.0
684159,11.446666666666653,1,28.5,1.9014778325137034,0.8,58.0
684160,18.386666666666663,1,28.684782608695652,1.9378881987577636,0.8,92.0
684161,12.463333333333319,1,28.53968253968254,1.909297052154343,0.8,63.0
684162,11.243333333333322,1,28.49122807017544,1.8997493734357571,0.8,57.0
684163,14.523333333333314,1,28.602739726027398,1.9217221135029365,0.8,73.0
684164,12.439999999999985,1,28.53968253968254,1.909297052154343,0.8,63.0
684165,15.336666666666646,1,28.623376623376622,1.9257884972170682,0.8,77.0
684166,16.96333333333332,1,28.658823529411766,1.932773109243697,0.8,85.0
684167,11.47333333333332,1,28.5,1.9014778325137034,0.8,58.0
684168,12.463333333333319,1,28.53968253968254,1.909297052154343,0.8,63.0
684169,11.273333333333321,1,28.49122807017544,1.8997493734357571,0.8,57.0
684170,14.26999999999998,1,28.59722222222222,1.9206349206349225,0.8,72.0
684171,12.463333333333319,1,28.53968253968254,1.909297052154343,0.8,63.0
684172,22.483333333333363,1,28.741071428571427,1.9489795918367343,0.8,112.0
684173,19.91666666666668,1,28.621214485527467,1.941089837997054,0.8,97.0
684174,21.126666666666665,2,27.27812499999995,1.94047619047619,0.8,96.0
684175,20.016666666666666,2,27.260439560439515,1.9372056514913654,0.8,91.0
684176,16.246666666666663,2,27.182432432432396,1.9227799227799232,0.8,74.0
684177,27.383333333333344,2,27.272847833802388,1.9531615925058545,0.8,122.0
684178,15.056666666666663,2,27.145588235294085,1.9159663865546372,0.8,68.0
684179,21.39666666666666,2,27.27812499999995,1.94047619047619,0.8,96.0
684180,18.14333333333333,2,27.223170731707274,1.9303135888501737,0.8,82.0
684181,19.5,2,27.252808988764,1.9357945425361152,0.8,89.0
684182,14.599999999999996,2,27.13181818181815,1.913419913419952,0.8,66.0
684183,20.39,2,27.267741935483823,1.9385560675883253,0.8,93.0
684184,88.06666666666675,3,26.97273365665607,1.9743754003843688,0.8,223.0
684185,91.93,4,26.503475621634053,1.9808886765408502,0.8,299.0
684186,17.59333333333333,2,27.21374999999996,1.9285714285714282,0.8,80.0
684187,16.95333333333333,2,27.19870129870126,1.9257884972170682,0.8,77.0
684188,13.823333333333329,2,27.10161290322578,1.90783410138272,0.8,62.0
684189,18.47333333333333,2,27.232142857142815,1.9319727891156457,0.8,84.0
684190,19.04333333333333,2,27.244827586206853,1.9343185550082098,0.8,87.0
684191,14.869999999999997,2,27.13880597014922,1.9147121535181482,0.8,67.0
684192,15.799999999999995,2,27.15004524297465,1.9195171026156976,0.8,71.0
684193,47.416666666666636,3,26.794317241921693,1.9631336405529949,0.8,155.0
684194,19.97,2,27.260439560439515,1.9372056514913654,0.8,91.0
684195,31.61666666666671,2,27.34878048780482,1.9535423925667825,0.8,123.0
684196,18.24333333333333,2,27.22771084337345,1.9311531841652319,0.8,83.0
684197,157.5766666666668,5,25.804370899877426,1.9849227289860534,0.8,379.0
684198,19.396666666666672,2,27.208860759493632,1.9276672694394208,0.8,79.0
684199,21.299999999999997,2,27.281443298969023,1.941089837997054,0.8,97.0
684200,14.616666666666662,2,27.13181818181815,1.913419913419952,0.8,66.0
684201,18.336666666666666,2,27.22771084337345,1.9311531841652319,0.8,83.0
684202,20.62,2,27.274736842105213,1.93984962406015,0.8,95.0
684203,120.70999999999995,5,25.70852657649264,1.9816849816849815,0.8,312.0
684204,18.503333333333334,2,27.232142857142815,1.9319727891156457,0.8,84.0
684205,125.56999999999985,5,25.82435467553063,1.9829424307036245,0.8,335.0
684206,17.479999999999997,2,27.208860759493632,1.9276672694394208,0.8,79.0
684207,18.866666666666664,2,27.24069767441856,1.933554817275747,0.8,86.0
684208,22.126666666666665,2,27.294059405940544,1.943422913719943,0.8,101.0
684209,21.91,2,27.29099999999995,1.9428571428571424,0.8,100.0
684210,17.97333333333333,2,27.223170731707274,1.9303135888501737,0.8,82.0
684211,21.976666666666667,2,27.29099999999995,1.9428571428571424,0.8,100.0
684212,18.786666666666658,2,27.21841739531121,1.9311531841652319,0.8,83.0
684213,67.14999999999988,3,26.58061675688804,1.9779371207942633,0.8,259.0
684214,23.179999999999996,2,27.14215514761689,1.94047619047619,0.8,96.0
684215,15.459999999999996,2,27.158571428571396,1.9183673469387814,0.8,70.0
684216,86.99333333333323,5,25.453586665862197,1.9709934735315442,0.8,197.0
684217,19.16,2,27.24886363636359,1.9350649350649347,0.8,88.0
684218,15.966666666666663,2,27.1708333333333,1.9206349206349225,0.8,72.0
684219,25.32666666666667,2,27.267912272432937,1.9498746867167918,0.8,114.0
684220,21.449999999999974,2,27.232142857142815,1.9319727891156457,0.8,84.0
684221,17.939999999999998,2,27.223170731707274,1.9303135888501737,0.8,82.0
684222,372.5599999999975,10,21.89714157866908,1.9914199914199913,0.8,666.0
684223,16.51333333333333,2,27.187999999999963,1.9238095238095236,0.8,75.0
684224,48.38666666666671,5,24.577184602921186,1.9669694467382326,0.8,173.0
684225,125.47333333333339,6,23.994168986470353,1.9808886765408502,0.8,299.0
684226,19.06000000000002,4,24.932900432900404,1.9257884972170682,0.8,77.0
684227,23.21000000000003,4,25.00179211469533,1.9385560675883253,0.8,93.0
684228,20.130000000000024,4,24.952674897119312,1.9294532627865957,0.8,81.0
684229,83.5566666666666,5,24.3855880491438,1.9754751686082155,0.8,233.0
684230,23.406666666666688,4,24.88102350356943,1.9385560675883253,0.8,93.0
684231,22.540000000000006,4,24.966269841269813,1.9319727891156457,0.8,84.0
684232,21.79666666666669,4,24.982954545454525,1.9350649350649347,0.8,88.0
684233,23.54666666666669,4,25.008771929824555,1.93984962406015,0.8,95.0
684234,22.95000000000003,4,24.998188405797087,1.9378881987577636,0.8,92.0
684235,20.216666666666693,4,24.952674897119312,1.9294532627865957,0.8,81.0
684236,20.88666666666669,4,24.966269841269813,1.9319727891156457,0.8,84.0
684237,20.370000000000026,4,24.9618473895582,1.9311531841652319,0.8,83.0
684238,24.52666666666669,4,25.02188552188552,1.942279942279942,0.8,99.0
684239,23.113333333333358,4,25.008771929824555,1.93984962406015,0.8,95.0
684240,191.88666666666686,11,20.714119850341188,1.9816849816849815,0.8,312.0
684241,21.886666666666695,4,24.982954545454525,1.9350649350649347,0.8,88.0
684242,23.816666666666695,4,25.01215277777777,1.94047619047619,0.8,96.0
684243,23.246666666666695,4,25.01215277777777,1.94047619047619,0.8,96.0
684244,22.64333333333336,4,24.99450549450548,1.9372056514913654,0.8,91.0
684245,61.3833333333333,4,24.904657543429593,1.9746031746031742,0.8,225.0
684246,152.8366666666661,7,23.622844582433082,1.985642498205312,0.8,398.0
684247,24.873333333333367,4,25.025,1.9428571428571424,0.8,100.0
684248,291.6966666666721,4,25.30763888888846,1.9952380952380953,0.8,1200.0
684249,20.75000000000002,4,24.9618473895582,1.9311531841652319,0.8,83.0
684250,23.603333333333353,4,24.97455681672894,1.9385560675883253,0.8,93.0
684251,19.633333333333354,4,24.943037974683516,1.9276672694394208,0.8,79.0
684252,22.41000000000003,4,24.99450549450548,1.9372056514913654,0.8,91.0
684253,99.66666666666679,7,23.35673353752826,1.9785177228786248,0.8,266.0
684254,26.820000000000014,4,24.983413571460233,1.9470899470899468,0.8,108.0
684255,171.78333333333418,11,20.761574913679617,1.9840827695980898,0.8,359.0
684256,24.6666666666667,4,25.00789054361969,1.942279942279942,0.8,99.0
684257,321.059999999998,11,21.998226510582306,1.9910152740341418,0.8,636.0
684258,26.193333333333364,4,25.045171339563872,1.9465954606141518,0.8,107.0
684259,262.82333333333355,10,21.624299831003604,1.987216363055289,0.8,447.0
684260,23.570000000000018,4,25.015463917525768,1.941089837997054,0.8,97.0
684261,427.48999999999836,6,23.510171564612317,1.9952380952380953,0.8,1200.0
684262,43.690000000000204,5,24.61961738024278,1.962894248608534,0.8,154.0
684263,66.07666666666674,5,24.607672122956966,1.9667774086378733,0.8,172.0
684264,206.50333333333228,8,23.01570853397681,1.987012987012987,0.8,440.0
684265,20.820000000000025,4,24.966269841269813,1.9319727891156457,0.8,84.0
684266,19.026666666666685,4,24.92763157894734,1.9248120300751874,0.8,76.0
684267,57.81666666666682,5,24.4171035479119,1.9692780337941624,0.8,186.0
684268,20.246666666666687,4,24.952674897119312,1.9294532627865957,0.8,81.0
684269,149.74000000000063,9,23.042201315385036,1.9832915622389304,0.8,342.0
684270,116.02666666666677,7,23.732177416572508,1.982363315696649,0.8,324.0
684271,21.936666666666692,4,24.982954545454525,1.9350649350649347,0.8,88.0
684272,27.38000000000005,4,25.05803571428573,1.9489795918367343,0.8,112.0
684273,34.646666666666654,4,25.116197183098638,1.9597585513078466,0.8,142.0
684274,37.4366666666667,8,20.370716510903446,1.9465954606141518,0.8,107.0
684275,72.64000000000014,9,20.05642681469084,1.9699248120300747,0.8,190.0
684276,33.10333333333341,8,20.381381381381395,1.9485199485199483,0.8,111.0
684277,75.78333333333316,10,19.32532586522281,1.9671592775041047,0.8,174.0
684278,57.67333333333334,10,19.248842316286165,1.9659863945578226,0.8,168.0
684279,35.45666666666672,8,20.400560224089638,1.9519807923169266,0.8,119.0
684280,45.69666666666659,8,20.46367521367518,1.963369963369963,0.8,156.0
684281,39.383333333333375,8,20.40710382513661,1.9531615925058545,0.8,122.0
684282,355.9899999999989,8,20.630949928853475,1.9952380952380953,0.8,1200.0
684283,557.8333333333428,9,19.72777348933086,1.9952380952380953,0.8,1200.0
684284,47.436666666666746,8,20.32786292623302,1.9588900308324764,0.8,139.0
684285,139.9266666666661,10,19.390863685514187,1.9813258636788047,0.8,306.0
684286,53.89333333333327,8,20.49171270718227,1.9684293606945538,0.8,181.0
684287,35.353333333333374,8,20.34313569963,1.951159951159951,0.8,117.0
684288,156.92333333333352,10,19.803362821766473,1.9833887043189367,0.8,344.0
684289,203.573333333333,12,18.623121620459536,1.9852344038390548,0.8,387.0
684290,38.56333333333332,8,20.343537414966015,1.941690962099125,0.8,98.0
684291,31.59000000000009,8,20.36507936507939,1.9455782312925167,0.8,105.0
684292,89.70333333333349,10,19.509865197490925,1.9703923019985192,0.8,193.0
684293,113.30666666666664,10,19.49702248220002,1.9795186891961083,0.8,279.0
684294,372.8933333333356,9,19.88104535677008,1.9952380952380953,0.8,1200.0
684295,31.64666666666676,8,20.36507936507939,1.9455782312925167,0.8,105.0
684296,81.00333333333329,9,20.052879059280322,1.974143503555268,0.8,221.0
684297,143.90999999999985,10,19.3279654839355,1.98015873015873,0.8,288.0
684298,64.72333333333323,8,20.52337858220209,1.974143503555268,0.8,221.0
684299,85.72666666666673,9,20.017624633284363,1.9708454810495624,0.8,196.0
684300,333.70666666666716,16,16.59010570956095,1.9901477832512313,0.8,580.0
684301,31.810000000000084,8,20.334912112508487,1.9460916442048515,0.8,106.0
684302,32.66666666666676,8,20.378787878787893,1.9480519480519478,0.8,110.0
684303,141.18333333333354,10,19.66530719024845,1.9824715162138473,0.8,326.0
684304,30.916666666666764,8,20.36507936507939,1.9455782312925167,0.8,105.0
684305,59.503333333333345,9,19.962445981616185,1.9677158999192894,0.8,177.0
684306,39.12333333333333,8,20.356209150326826,1.943977591036414,0.8,102.0
684307,356.0399999999989,8,20.640277777778028,1.9952380952380953,0.8,1200.0
684308,69.22333333333339,9,19.947283818221102,1.968774395003903,0.8,183.0
684309,35.25000000000003,8,20.40277777777778,1.952380952380952,0.8,120.0
684310,133.81333333333308,10,19.016712840697437,1.9765807962529272,0.8,244.0
684311,59.60999999999998,8,20.346022408160927,1.9624060150375935,0.8,152.0
684312,33.673333333333396,8,20.393678160919546,1.9507389162561573,0.8,116.0
684313,43.54999999999996,8,20.44977168949769,1.9608610567514673,0.8,146.0
684314,183.49666666666664,13,17.693652161663792,1.9834368530020703,0.8,345.0
684315,885.8499999999807,16,13.881319852223484,1.9952380952380953,0.8,1200.0
684316,227.83666666666744,11,19.378217256043992,1.987129987129987,0.8,444.0
684317,357.0799999999989,8,20.512312527513615,1.9952380952380953,0.8,1200.0
684318,123.8000000000003,11,18.859922156754244,1.9774138904573684,0.8,253.0
684319,66.72333333333329,9,19.888875434650227,1.9677158999192894,0.8,177.0
684320,65.51666666666655,9,19.76597747357548,1.970544918998527,0.8,194.0
684321,42.4166666666666,8,20.34339831243515,1.9582898852971842,0.8,137.0
684322,34.12000000000007,8,20.3888888888889,1.9498746867167918,0.8,114.0
684323,36.19000000000003,8,20.358250483942683,1.9531615925058545,0.8,122.0
684324,17.753333333333327,1,28.674157303370787,1.9357945425361152,0.8,89.0
684325,13.709999999999981,1,28.579710144927535,1.9171842650103617,0.8,69.0
