683325,354.3659999999998,23,15.86330485623125,1.0598895544537994,0.7968000000000001,733.0
683326,31.885333333333303,1,28.608335729324793,0.7697734297602371,0.7936128,105.0
683327,253.9420000000001,18,19.10712510667864,1.1190175168309984,0.7904383488,612.0
683328,213.56866666666662,11,23.217589370839544,1.0701349177176356,0.7872765954048,575.0
683329,75.9333333333333,6,25.919958616460423,0.9834127568493733,0.7841274890231809,240.0
683330,318.15133333333273,17,18.496742674292722,1.077830569695102,0.7809909790670881,627.0
683331,20.52266666666667,1,28.591549295774648,0.9251982774636884,0.7778670151508198,71.0
683332,224.8713333333331,11,23.099852100595456,1.0933019405930042,0.7747555470902165,597.0
683333,37.95000000000002,1,28.533672827922086,0.8924695110703175,0.7716565249018555,128.0
683334,318.24800000000005,19,18.10961172867234,1.0814750368008763,0.7685698988022481,672.0
683335,18.908,1,28.579710144927535,0.7635646470965336,0.7654956192070391,69.0
683336,19.013333333333332,1,28.546875,0.8912910178726372,0.762433636730211,64.0
683337,333.09066666666723,18,18.436613947893584,1.1805072522788391,0.7593839021832902,729.0
683338,575.3973333333331,13,18.755751301813383,1.1662029371632987,0.756346366574557,1103.0
683339,25.577333333333325,1,28.650602409638555,0.822561464569352,0.7533209811082587,83.0
683340,272.1660000000007,15,20.569726662720594,1.1247945199995157,0.7503076971838257,580.0
683341,38.88000000000003,2,28.20829102911825,0.8645906215361923,0.7473064663950905,135.0
683342,152.04000000000002,7,24.631158127827252,1.0820882707100232,0.7443172405295101,427.0
683343,313.7393333333327,27,11.908968394340729,1.071130949033889,0.7413399715673921,557.0
683344,18.270666666666664,1,28.524590163934427,0.8410707355893896,0.7383746116811225,61.0
683345,733.3373333333271,16,18.210380816699725,1.1946585578884472,0.735421113234398,1200.0
683346,197.70666666666645,11,22.67030166074611,1.120058027328128,0.7324794287814603,503.0
683347,249.3793333333336,15,21.676532284824845,1.1094934530019822,0.7295495110663346,586.0
683348,57.027999999999935,3,27.564500189636938,0.9209934541599993,0.7266313130220692,177.0
683349,127.20933333333345,11,21.350144538795753,1.1746177786099044,0.723724787769981,264.0
683350,249.66466666666685,10,24.133595466147224,1.0479776702171222,0.720829888618901,660.0
683351,93.12933333333353,4,27.216742375664467,0.9654681081670521,0.7179465690644253,268.0
683352,32.70800000000002,2,28.023193227973522,0.8889461193617442,0.7150747827881676,107.0
683353,19.716666666666665,1,28.59722222222222,0.8406485549325466,0.712214483657015,72.0
683354,96.9253333333333,8,24.41016121674107,1.086582734062024,0.7093656257223869,261.0
683355,32.65733333333334,1,28.707070707070706,0.8038733962278023,0.7065281632194974,99.0
683356,320.30599999999936,13,21.88267400330356,1.1283521822325995,0.7037020505666194,715.0
683357,25.33533333333332,1,28.650602409638555,0.748016009642077,0.7008872423643528,83.0
683358,227.61866666666677,13,18.95085274878378,1.2334155006626593,0.6980836933948955,487.0
683359,270.1433333333332,11,23.670214166971206,1.049327411345287,0.6952913586213159,700.0
683360,25.674666666666667,1,28.654761904761905,0.7394811987577333,0.6925101931868306,84.0
683361,382.28599999999943,14,19.8060282535614,1.2158726571276708,0.6897401524140833,831.0
683362,179.2986666666664,7,24.284397306971016,1.215236747363232,0.686981191804427,382.0
683363,466.3253333333338,17,19.804819081414838,1.191909349800466,0.6842332670372092,876.0
683364,218.51799999999983,11,22.265011700310918,1.175454898386615,0.6814963339690605,500.0
683365,291.8093333333336,12,20.982281137705005,1.2165769592098574,0.6787703486331842,555.0
683366,89.8886666666669,4,27.241224971120737,0.9160585663857965,0.6760552672386515,263.0
683367,459.59399999999914,27,12.024225722499125,1.1810328658031746,0.6733510461696968,781.0
683368,107.34333333333359,4,27.12179729163805,1.0858454882768551,0.6706576419850181,283.0
683369,816.2360000000022,25,12.620947007400767,1.27538576996654,0.667975011417078,1200.0
683370,454.32000000000045,24,16.139828318237452,1.2475310432299975,0.6653031113714096,892.0
683371,23.003333333333327,1,28.585714285714285,0.7964764492176313,0.6626418989259241,70.0
683372,529.4680000000019,19,17.188940832949374,1.2121936872997172,0.6599913313302204,938.0
683373,74.81799999999998,6,24.967150146269177,1.1050698716346405,0.6573513660048995,198.0
683374,336.56933333333325,15,20.16884355880736,1.2790698851519353,0.6547219605408798,643.0
683375,176.9906666666663,13,20.456810054343876,1.11862888367993,0.6521030726987163,359.0
683376,634.866666666668,25,13.884164260702208,1.2653946474130031,0.6494946604079215,1024.0
683377,495.67733333333365,21,14.7036500844661,1.281499189327612,0.6468966817662898,781.0
683378,240.17933333333303,20,15.608172445103357,1.1773942758436342,0.6443090950392246,452.0
683379,112.34399999999992,6,23.993100302184775,1.1884256063451915,0.6417318586590677,254.0
683380,286.09399999999977,24,12.522422748551243,1.2138785124987626,0.6391649312244314,444.0
683381,238.0166666666667,14,19.902798519499353,1.2540671154642657,0.6366082714995337,468.0
683382,44.60333333333327,4,26.027089694039336,0.8911953480316136,0.6340618384135356,133.0
683383,131.93666666666667,10,22.644942236992076,1.1031789068220132,0.6315255910598814,389.0
683384,153.7446666666668,11,22.01751268586263,1.2606369456124042,0.6289994886956419,322.0
683385,181.47666666666655,10,21.35168373743929,1.2328389229018215,0.6264834907408594,343.0
683386,231.9226666666667,10,22.325706825736965,1.169480026786047,0.6239775567778959,541.0
683387,258.4819999999997,13,20.77382302427671,1.2328787598309783,0.6214816465507843,573.0
683388,362.9006666666665,23,14.243196250871572,1.2274960405871773,0.6189957199645812,674.0
683389,379.29000000000025,15,20.54316531540911,1.2790874840860618,0.6165197370847229,827.0
683390,212.72333333333268,10,22.378507879324907,1.1540702951933524,0.6140536581363839,504.0
683391,187.59933333333308,7,23.312252511907786,1.2505192009711132,0.6115974435038384,455.0
683392,129.54066666666662,10,22.01992940066213,1.1730606314457404,0.609151053729823,270.0
683393,261.99533333333324,13,20.124436467884813,1.3164325884590637,0.6067144495149037,511.0
683394,355.21466666666583,22,16.29365269064493,1.2131593709587276,0.6042875917168442,535.0
683395,33.76600000000002,2,27.13244054241334,0.7371979800246219,0.6018704413499768,109.0
683396,32.336666666666666,2,27.308490566037683,0.8040355665898692,0.5994629595845768,106.0
683397,379.7699999999947,2,27.269352913201594,0.761555045177101,0.5970651077462386,1200.0
683398,434.5286666666671,22,13.6055158625469,1.295995153923367,0.5946768473152536,722.0
683399,284.5940000000001,17,18.768702664988616,1.2928756637247154,0.5922981399259926,510.0
683400,300.9760000000008,12,23.01379528353151,1.0940066410449962,0.5899289473662885,728.0
683401,434.376,22,15.338769900893402,1.26216111618688,0.5875692315768234,713.0
683402,497.13199999999966,18,18.1691812885219,1.2833113791042277,0.5852189546505161,775.0
683403,157.45199999999988,13,20.926445908512854,1.2172222823900591,0.5828780788319141,316.0
683404,483.0460000000005,19,18.468338445753023,1.2189871783970638,0.5805465665165864,896.0
683405,146.87733333333338,13,19.714392307075673,1.3198363427719908,0.57822438025052,269.0
683406,37.34733333333334,2,27.33589743589738,0.720618291767281,0.575911482729518,117.0
683407,345.9153333333347,16,18.052783131917714,1.3243818379941226,0.5736078367986,589.0
683408,29.948,2,27.25502938597626,0.7946367502129162,0.5713134054514055,92.0
683409,924.8173333333328,25,11.11431609173636,1.3815509107300563,0.5690281518295999,1200.0
683410,603.23266666667,12,19.911643411745725,1.2772000993286472,0.5667520392222815,1200.0
683411,410.7126666666665,17,16.656272369453074,1.289979440040041,0.5644850310653923,648.0
683412,309.27733333333276,22,13.168289315669256,1.3203961618867792,0.5622270909411308,540.0
683413,223.5926666666667,11,22.972762365761547,1.187750352381961,0.5599781825773662,490.0
683414,456.27466666666743,17,19.06172659380477,1.2628828333244015,0.5577382698470568,869.0
683415,21.08599999999999,2,27.10161290322578,0.7743749783143058,0.5555073167676685,62.0
683416,700.5580000000027,13,17.731618453839232,1.3696650169504887,0.5532852875005979,1200.0
683417,215.678666666667,20,16.448691317585297,1.2473211048404917,0.5510721463505955,396.0
683418,189.22600000000017,12,20.290021457476627,1.305620739344895,0.5488678577651931,392.0
683419,466.3179999999999,20,14.220174837045592,1.353800351980209,0.5466723863341323,708.0
683420,596.1799999999965,10,20.459867482964956,1.4087577017644635,0.5444856967887958,1200.0
683421,193.79666666666648,13,21.861273441762723,1.1679935331010192,0.5423077540016407,452.0
683422,380.6699999999992,22,12.825861058582657,1.2664629929126507,0.540138522985634,584.0
683423,107.55266666666671,8,22.7941250477606,1.2533048806956901,0.5379779688936915,266.0
683424,277.58933333333295,16,19.125308136987222,1.2631687331881627,0.5358260570181167,540.0
683425,206.05266666666589,13,19.493670229879967,1.2836720458158803,0.5336827527900443,422.0
683426,233.12733333333338,20,16.091695642875226,1.2511579260145302,0.531548021778884,360.0
683427,163.00400000000013,13,18.73288693302318,1.248975772514032,0.5294218296917685,294.0
683428,322.9233333333341,20,15.101839624230099,1.413646663716869,0.5273041423730015,498.0
683429,373.2226666666676,20,14.661920733569561,1.3771902836481762,0.5251949258035095,635.0
683430,522.5919999999993,21,15.346234722155264,1.3420653456890999,0.5230941461002954,918.0
683431,437.2980000000004,25,10.380613059480211,1.3240560911601467,0.5210017695158943,621.0
683432,798.6246666666691,23,12.659741766542403,1.410961516860894,0.5189177624378306,1200.0
683433,99.44933333333336,10,20.9705930236728,1.2418211704362367,0.5168420913880793,229.0
683434,143.7679999999998,11,20.349483408960047,1.3717037388115634,0.514774723022527,303.0
683435,344.0826666666672,23,11.22263884537052,1.3500378234298287,0.5127156241304369,528.0
683436,145.1806666666665,17,17.82681278076214,1.2979701584721515,0.5106647616339152,334.0
683437,166.88599999999988,14,17.748316734998543,1.3192055006711978,0.5086221025873795,339.0
683438,118.05133333333328,11,20.940783645381217,1.3270135062901045,0.50658761417703,233.0
683439,139.6946666666667,16,16.918057902932556,1.244056080646745,0.5045612637203218,291.0
683440,162.6700000000002,26,10.347124579432839,0.9965371961893703,0.5025430186654406,343.0
683441,517.3826666666686,9,20.96190793050281,1.377548806477789,0.5005328465907788,1200.0
683442,715.9320000000023,15,16.275092944048243,1.4065383600627277,0.49853071520441566,1200.0
683443,846.1646666666628,25,10.009395314329142,1.436140958929881,0.49653659234359804,1097.0
683444,256.2253333333337,21,13.784833271303876,1.2946243956849326,0.4945504459742236,384.0
683445,670.5326666666718,13,17.325534519283618,1.430967010056135,0.49257224419032675,1200.0
683446,214.49000000000024,18,16.396313554063905,1.2372231122522348,0.4906019552135654,406.0
683447,395.05066666666744,18,14.994450204974775,1.3832139490765893,0.48863954739271115,576.0
683448,230.42266666666555,20,13.91062622214061,1.2660252608715672,0.4866849892031403,361.0
683449,864.5839999999976,19,12.060029071687394,1.4528825563231065,0.4847382492463277,1200.0
683450,136.32933333333327,16,17.778962882141037,1.314755023650147,0.4827992962493425,283.0
683451,309.27800000000025,25,11.627239438526413,1.4144614880943507,0.4808680990643451,533.0
683452,268.6073333333332,16,18.002174306544294,1.266405493037405,0.4789446266680877,484.0
683453,702.4013333333344,25,13.351358430662916,1.4393541624468178,0.47702884816141533,975.0
683454,476.66866666666584,23,12.281908444442179,1.372375463374377,0.47512073276876965,633.0
683455,565.882666666663,15,16.33896565685602,1.3904065711695783,0.4732202498376946,852.0
683456,475.7779999999997,23,12.486011982446804,1.4048483362442328,0.47132736883834386,744.0
683457,278.7019999999998,26,11.108831156774436,1.1965298904085917,0.46944205936299044,431.0
683458,186.27866666666665,19,15.559967527504506,1.3616753579143608,0.4675642911255385,286.0
683459,248.37599999999972,14,18.388337624057865,1.3841950243848837,0.46569403396103626,415.0
683460,463.4939999999988,16,19.00621048872736,1.4057284577267593,0.4638312578251922,989.0
683461,994.2200000000031,24,8.599533495156887,1.4520871484176199,0.4619759327938914,1200.0
683462,780.9693333333333,19,13.241692378411072,1.450771612771874,0.4601280290627158,1200.0
683463,200.87866666666724,14,18.214211055406604,1.3295140260980607,0.4582875169464649,347.0
683464,780.0753333333354,26,12.711174484825198,1.4192822327150805,0.45645436687867913,1007.0
683465,641.2526666666695,23,12.521269264923859,1.4683092235498272,0.4546285494111644,834.0
683466,179.64266666666674,13,19.684977255380744,1.3596956177982442,0.4528100352135197,302.0
683467,217.12999999999965,21,15.269326485733146,1.3077172076319836,0.45099879507266566,362.0
683468,166.58800000000016,12,19.53149519850167,1.4564517103773762,0.449194799892375,335.0
683469,574.9480000000007,21,14.115035150616386,1.4636000343257,0.44739802069280543,807.0
683470,108.15733333333341,10,20.999901529852423,1.3442249757703746,0.44560842861003425,235.0
683471,158.53333333333347,11,20.449275000341665,1.476251561559529,0.4438259948955941,289.0
683472,535.5706666666665,21,16.22338651604249,1.3822494760937372,0.4420506909160118,885.0
683473,138.35733333333351,13,19.13277228567535,1.3133301858714492,0.44028248815234766,271.0
683474,202.63866666666672,23,10.150812976838871,1.3411502216864681,0.4385213581997383,293.0
683475,645.4866666666658,29,5.834378077532813,1.3164094999914722,0.43676727276693933,815.0
683476,183.38266666666698,27,8.007228230063385,1.1422813296952135,0.4350202036758716,303.0
683477,166.61133333333288,14,16.592660063330577,1.4316705549547375,0.43328012286116807,267.0
683478,361.41999999999894,23,10.86036342952608,1.394986141480508,0.43154700236972343,512.0
683479,391.2746666666658,23,10.69453629269547,1.4288886513047376,0.42982081436024455,516.0
683480,319.56466666666637,25,8.511560768622735,1.3937416224773278,0.4281015311028036,427.0
683481,169.48866666666692,14,16.58973978499863,1.4299277975776565,0.4263891249783924,286.0
683482,332.96599999999904,26,9.008086807830997,1.3842625217513778,0.4246835684784787,446.0
683483,194.69399999999985,17,14.681421971744962,1.4170741097983348,0.42298483420456484,284.0
683484,123.11066666666665,12,18.462847639592653,1.377583098407297,0.42129289486774657,283.0
683485,139.6793333333334,14,16.74736560814614,1.3910203139667314,0.41960772328827556,236.0
683486,167.78866666666636,21,12.124379864298765,1.388609967438815,0.41792929239512255,288.0
683487,1132.230666666673,29,3.018926213872173,1.4791811771222532,0.416257575225542,1200.0
683488,300.01133333333235,26,9.738361592253927,1.4184736129438884,0.41459254492463987,395.0
683489,170.37066666666672,15,16.39047593122834,1.4034040747063474,0.4129341747449413,362.0
683490,956.1893333333431,25,7.276630975023355,1.5203798625799514,0.4112824380459615,1200.0
683491,1027.1819999999952,21,9.249921763794713,1.5533229679879434,0.40963730829377765,1200.0
683492,205.27266666666614,24,9.508818805360931,1.3679478489410075,0.40799875906060257,338.0
683493,285.6493333333331,25,9.519066709540777,1.3627047582043659,0.4063667640243601,383.0
683494,257.3400000000005,18,14.103387650763569,1.4624338071792828,0.4047412969682627,412.0
683495,213.8279999999997,16,15.177260806235992,1.462476493081488,0.4031223317803896,367.0
683496,192.21333333333357,21,11.792167813492737,1.3451777397265476,0.40150984245326815,282.0
683497,327.91466666666696,17,14.513295487873021,1.5070549194098897,0.39990380308345497,486.0
683498,777.663999999989,14,15.477931984279637,1.5851165204705628,0.3983041878711212,1200.0
683499,638.8586666666671,27,8.897988389404354,1.4767015141130573,0.3967109711196367,786.0
683500,968.5126666666716,25,6.0785665047319455,1.5327637695437877,0.39512412723515816,1178.0
683501,201.45333333333303,19,13.547253148247822,1.449540729990913,0.3935436307262175,319.0
683502,293.97599999999994,18,14.331883738255446,1.4346953868158376,0.3919694562033127,500.0
683503,476.881333333333,17,15.502982781398117,1.4576371269970019,0.39040157837849937,862.0
683504,357.1539999999999,29,8.683530799518955,1.3791719928711832,0.3888399720649854,481.0
683505,209.2593333333332,17,15.013843924284304,1.4389063675970875,0.3872846121767255,349.0
683506,1008.0986666666597,26,5.544236536690228,1.5037560866860122,0.38573547372801853,1200.0
683507,941.7166666666747,23,9.427385425158205,1.5790912400962696,0.3841925318331065,1063.0
683508,424.56533333333323,13,16.502661576266405,1.5172766746893362,0.38265576170577403,689.0
683509,194.56866666666673,19,13.939021067080196,1.5085588388414473,0.3811251386589509,285.0
683510,241.91400000000013,25,10.06635710017642,1.3946888732296794,0.37960063810431516,370.0
683511,152.96933333333348,15,15.441028552055267,1.3923890052751116,0.3780822355518979,265.0
683512,184.1113333333336,26,9.155305600521421,1.3118722849666573,0.3765699066096903,302.0
683513,217.62266666666704,19,14.050679674349883,1.4312358950278787,0.3750636269832515,345.0
683514,335.4960000000008,23,9.77524482383513,1.4769124493413348,0.3735633724753185,454.0
683515,251.70866666666691,22,11.551381597103903,1.4437056916582938,0.3720691189854173,382.0
683516,448.7406666666684,24,9.628780739149892,1.5565419490536438,0.3705808425094756,525.0
683517,191.34600000000012,16,15.473133819659392,1.4054685964591442,0.36909851913943764,291.0
683518,498.7859999999986,25,8.7142450221095,1.4866538015262536,0.36762212506287995,590.0
683519,597.8493333333337,21,12.700669961199536,1.5492882174689349,0.3661516365626284,831.0
683520,544.8226666666704,16,14.125129091090363,1.5797938442347892,0.36468703001637787,760.0
683521,182.7046666666666,25,9.539110012882137,1.2986733171607001,0.3632282818963124,274.0
683522,462.7866666666681,25,11.172117417463964,1.523478648853279,0.3617753687687271,686.0
683523,336.43866666666605,23,11.479183182313992,1.4593551407137664,0.3603282672936522,475.0
683524,112.32933333333311,11,21.443905026333944,1.2979878556582511,0.3588869542244776,257.0
683525,123.52533333333352,8,24.59959982106184,1.1546587983219996,0.3574514064075797,313.0
683526,133.43266666666648,10,22.52899278418294,1.13048817707133,0.3560216007819494,341.0
683527,438.8293333333403,1,28.975833333333334,0.5885205426284079,0.3545975143788216,1200.0
683528,345.7519999999999,16,19.59043502922737,1.3086957093085299,0.35317912432130627,558.0
683529,96.51933333333315,5,26.610974692116265,0.7004173619501457,0.351766407824021,262.0
683530,47.2033333333334,1,28.771653543307085,0.6175643524082266,0.35035934219272497,127.0
683531,546.6920000000014,16,18.428994094362583,1.4222518670512825,0.34895790482395406,748.0
683532,180.61800000000028,7,24.551649614136753,1.285400187470612,0.34756207320465826,411.0
683533,28.117333333333313,1,28.628205128205128,0.6316061743021384,0.3461718249118396,78.0
683534,57.685999999999964,2,27.519389622001267,0.7436923107509579,0.34478713761219226,158.0
683535,141.2333333333335,6,25.784315222862823,0.9624146258441167,0.34340798906174347,356.0
683536,129.91733333333335,9,24.060736572595914,1.123247881016429,0.3420343571054965,296.0
683537,345.9746666666651,12,21.846677472885872,1.408733808875486,0.3406662196770745,659.0
683538,293.96066666666695,13,21.87905478505028,1.2926261545023143,0.33930355479836627,628.0
683539,433.42533333333466,21,15.356873066025733,1.3881321131513809,0.3379463405791727,624.0
683540,22.90466666666666,1,28.532258064516128,0.6553955716861332,0.3365945552168561,62.0
683541,23.99799999999999,1,28.546875,0.6134783510275467,0.33524817699598863,64.0
683542,81.50200000000005,4,26.86805667455964,0.713937917465226,0.3339071842880047,216.0
683543,124.9113333333333,7,24.421002889578006,1.300183508269642,0.33257155555085266,289.0
683544,31.232000000000014,1,28.654761904761905,0.5617162250422331,0.3312412693286493,84.0
683545,448.37466666666757,20,18.08306568770613,1.3583848553911149,0.32991630425133467,787.0
683546,255.41533333333328,12,22.187538810553797,1.3458524793847948,0.32859663903432934,585.0
683547,336.90866666666614,17,19.26652013336188,1.2987859227561365,0.327282252478192,609.0
683548,187.59466666666657,8,24.53357236691148,1.2685833770259418,0.3259731234682792,419.0
683549,929.0086666666667,22,12.158851821622983,1.4665882702381372,0.32466923097440614,1200.0
683550,298.88266666666675,14,22.129920816944445,1.184435434634636,0.3233705540505085,579.0
683551,719.9220000000072,14,20.459662522606646,1.3596174717526108,0.32207707183430645,1200.0
683552,676.5540000000024,9,21.344962256319143,1.5936328509369657,0.3207887635469692,1200.0
683553,87.39600000000004,7,25.23347097000219,1.1810134050202936,0.31950560849278137,200.0
683554,639.319333333332,20,19.846401081464776,1.1648127658350544,0.3182275860588102,1200.0
683555,23.49399999999999,1,28.553846153846155,0.5433592133169683,0.316954675714575,65.0
683556,227.20466666666636,12,22.91331469359741,1.212442813209289,0.31568685701171667,496.0
683557,197.28000000000029,8,24.810679837162056,1.1682201981255729,0.3144241095836698,430.0
683558,118.83599999999998,8,24.406351457180946,1.1543713990321443,0.3131664131453351,288.0
683559,25.12399999999998,1,28.602739726027398,0.5467812366551803,0.3119137474927538,73.0
683560,571.858666666668,23,15.955911919028058,1.3509363363813516,0.31066609250278276,791.0
683561,94.09533333333343,5,26.32093241963878,0.7459959975449123,0.3094234281327717,249.0
683562,88.7326666666667,4,27.25312163529077,0.7448928708409573,0.30818573442024055,251.0
683563,63.64933333333315,2,28.342043918954325,0.7010057572708105,0.3069529914825596,171.0
683564,499.88800000000094,17,19.037355967717218,1.3988318504935289,0.30572517951662936,801.0
683565,173.56400000000008,9,22.667760194175603,1.4402016190719809,0.30450227879856284,339.0
683566,227.43999999999966,13,21.429132653475776,1.308326038154084,0.3032842696833686,460.0
683567,27.338666666666644,1,28.628205128205128,0.6175061523087032,0.3020711326046351,78.0
683568,581.4173333333395,10,20.477086744376532,1.5879703853289584,0.3008628480742166,1200.0
683569,17.77800000000001,1,28.482142857142858,0.5846495553336192,0.29965939668191965,56.0
683570,204.2879999999995,14,20.451888355214386,1.3032537482305393,0.298460759095192,361.0
683571,61.23199999999992,5,26.172917360058424,0.8650460975313832,0.2972669160588112,162.0
683572,85.49333333333318,5,26.17474135496838,0.7896870814313349,0.296077848394576,220.0
683573,34.28799999999997,1,28.681318681318682,0.5596290197518035,0.2948935370009977,91.0
683574,511.20666666666426,9,23.45146252809278,1.187840774667787,0.29371396285299367,1200.0
683575,488.7859999999992,22,13.594587515048302,1.5359548487134584,0.2925391070015817,669.0
683576,51.839999999999996,4,26.207574638329312,0.6977424910201675,0.2913689505735754,152.0
683577,459.19066666666623,22,14.174601576745236,1.4984916567978654,0.2902034747712811,654.0
683578,464.78133333333204,20,15.47022510147455,1.4399678743104125,0.289042660872196,642.0
683579,231.76400000000046,11,22.08386494595626,1.380215228520253,0.2878864902287072,449.0
683580,25.133999999999986,2,27.182432432432396,0.7227773661023594,0.2867349442677924,74.0
683581,586.589333333332,22,15.662871328912344,1.4632016407646546,0.2855880044907212,929.0
683582,144.28266666666636,9,22.78630334290833,1.3142055567701054,0.28444565247275827,310.0
683583,181.9033333333334,10,22.338435768357126,1.3034383586984828,0.28330786986286727,447.0
683584,660.1659999999956,12,18.910646458937205,1.605029810257241,0.2821746383834158,1200.0
683585,485.022666666669,9,21.36738774018296,1.538479462021667,0.28104593982988213,825.0
683586,255.50866666666704,15,18.70563812888565,1.323968059093879,0.27992175607056263,417.0
683587,151.39666666666648,11,20.91811624670434,1.4002081866878369,0.27880206904628035,280.0
683588,409.73600000000107,21,14.48281604252321,1.4323456216388035,0.27768686077009525,550.0
683589,282.9873333333332,13,20.256231239343723,1.3960860598627391,0.2765761133270148,553.0
683590,356.81733333333364,14,20.52392416717259,1.3852586855982023,0.2754698088737068,639.0
683591,414.15066666666775,22,13.562571638183154,1.4252605393684725,0.27436792963821194,554.0
683592,364.42399999999986,19,17.16745685456752,1.3997391125872987,0.2732704579196591,541.0
683593,173.88066666666714,12,19.60143122253243,1.422340430992753,0.2721773760879805,337.0
683594,259.16733333333366,11,21.25888854334493,1.4093235363717023,0.2710886665836285,456.0
683595,65.59000000000007,4,26.314898122232837,0.587582162645261,0.27000431191729407,166.0
683596,454.33799999999917,7,22.733939459300338,1.1099265710324626,0.2689242946696248,1200.0
683597,515.693333333333,25,10.70944678481845,1.435653400948231,0.26784859749094636,675.0
683598,355.03799999999916,16,20.30926978179254,1.2878774158661281,0.2667772031009826,705.0
683599,312.8906666666668,15,19.86718266918556,1.2966608592241387,0.2657100942885786,729.0
683600,208.08999999999972,14,20.15257381146498,1.3489947209634836,0.26464725391142435,416.0
683601,374.52733333333265,23,14.218262678246766,1.3908798972037162,0.2635886648957786,487.0
683602,159.80266666666643,13,20.488757394515112,1.3935740254472555,0.2625343102361955,344.0
683603,462.70533333332753,4,25.687012402583324,0.5544281367133298,0.26148417299525073,1200.0
683604,427.646666666669,15,16.777727558762212,1.5108353200650164,0.26043823630326973,624.0
683605,226.44733333333298,12,21.032816909380767,1.2664196810820927,0.2593964833580566,430.0
683606,164.0026666666668,9,22.752664018675667,1.190423565076053,0.2583588974246244,419.0
683607,29.00866666666664,2,27.19870129870126,0.5308610288564763,0.2573254618349259,77.0
683608,401.51400000000007,16,19.9109755544565,1.4218023959534014,0.2562961599875862,723.0
683609,453.87200000000223,26,11.152679419379862,1.439339507440719,0.2552709753476358,638.0
683610,396.4300000000013,20,19.38466844528331,1.2999364270166884,0.2542498914462453,692.0
683611,260.5419999999991,12,19.505520057773587,1.499012101783026,0.25323289188046033,470.0
683612,97.20266666666681,4,26.062019037187664,0.667266741323801,0.2522199603129385,251.0
683613,231.76133333333337,12,21.842027853476257,1.207343784671102,0.2512110804716867,479.0
683614,363.51533333333316,13,20.66933736661967,1.3755761543292735,0.25020623614980003,507.0
683615,436.25133333333343,13,20.158989859654863,1.5247528375727502,0.2492054112052008,706.0
683616,485.50000000000045,20,18.351052946700445,1.4305680569037142,0.24820858956037997,741.0
683617,287.19133333333286,14,18.928956507405235,1.456067713837153,0.24721575520213845,481.0
683618,498.99866666666605,21,17.890886669560533,1.4458850342115832,0.2462268921813299,830.0
683619,408.52799999999985,22,14.019916576949893,1.489571947774241,0.24524198461260457,584.0
683620,151.67266666666646,9,23.08872434401655,1.322190795044446,0.24426101667415417,302.0
683621,501.24999999999807,19,18.67096096912032,1.3603511620280728,0.24328397260745757,773.0
683622,156.4326666666661,10,21.154673382377396,1.2399522387215192,0.2423108367170277,289.0
683623,545.1179999999998,22,17.504122941967953,1.3818565232158375,0.24134159337015962,830.0
683624,308.9860000000012,15,17.010816313796777,1.4712262316922304,0.240376226996679,479.0
683625,1082.8293333333347,18,12.618153097587081,1.610880606845943,0.23941472208869224,1195.0
683626,232.9186666666667,16,16.668095179084975,1.4686817764098472,0.23845706320033747,332.0
683627,240.42400000000086,15,17.66130838914981,1.5041676021050447,0.2375032349475361,396.0
683628,430.7713333333328,24,12.009037997722404,1.4996272531855288,0.23655322200774598,565.0
683629,278.74133333333316,20,15.03702249037408,1.3796974739333916,0.235607009119715,443.0
683630,255.82733333333408,15,17.91221217505233,1.373912236874352,0.23466458108323615,478.0
683631,220.80199999999974,14,17.87792438030282,1.4545880709113967,0.23372592275890322,351.0
683632,1008.1953333333462,19,11.977665156653652,1.6839168719493742,0.2327910190678676,1135.0
683633,902.1399999999973,18,13.047421049423644,1.6629308361311144,0.23185985499159611,1184.0
683634,82.58266666666674,8,22.16799687921345,1.2527483473000887,0.23093241557162975,196.0
683635,86.85066666666651,8,22.69081642962974,1.0812238091056037,0.2300086859093432,232.0
683636,209.66266666666652,15,19.30498181887329,1.1558251301980986,0.22908865116570581,516.0
683637,435.46133333333495,15,17.049034159797596,1.5366083201812133,0.22817229656104301,648.0
683638,150.1960000000002,10,21.07771957778501,1.336065157130815,0.22725960737479883,387.0
683639,322.9573333333339,19,15.199952340170622,1.4633365107174827,0.22635056894529965,463.0
683640,83.7000000000001,8,22.19445705690369,1.2567904085057804,0.22544516666951844,215.0
683641,278.77400000000046,16,17.564048400449042,1.3920721013974906,0.22454338600284035,436.0
683642,145.92333333333312,10,20.529291828559984,1.2750263987557264,0.22364521245882898,276.0
683643,130.206,10,21.282011959154154,1.4555896214794417,0.2227506316089937,272.0
683644,718.7973333333315,26,11.408372438115057,1.5383290794905033,0.22185962908255774,862.0
683645,218.91733333333326,17,16.60995412917715,1.3950463699805435,0.22097219056622747,352.0
683646,141.7906666666666,13,19.080738688520015,1.2671407504024539,0.22008830180396255,290.0
683647,490.2340000000011,27,10.036591975496354,1.5273887428829007,0.21920794859674675,612.0
683648,956.560666666674,22,8.655912404913902,1.6182595296911462,0.21833111680235973,1200.0
683649,190.01333333333383,12,19.396446180585638,1.392155961123235,0.2174577923351503,371.0
683650,177.1899999999995,17,16.836193967684732,1.3215247385229287,0.2165879611658097,274.0
683651,586.4153333333321,29,9.638057815529711,1.4216262601143097,0.21572160932114645,749.0
683652,152.73999999999964,9,21.45589847411087,1.343073238730787,0.21485872288386187,291.0
683653,232.96733333333358,23,11.763283046975806,1.3752717629497893,0.2139992879923264,321.0
683654,182.38333333333316,16,17.50411526326239,1.3993422946475729,0.2131432908403571,432.0
683655,136.73333333333332,12,19.69890235997384,1.3932532224692198,0.21229071767699567,221.0
683656,320.12866666666656,17,17.137519899563515,1.4404737994129637,0.2114415548062877,584.0
683657,1046.4393333333107,17,13.864350853072246,1.6805333946131091,0.21059578858706254,1200.0
683658,229.7880000000001,20,13.321445922444317,1.45620003038188,0.20975340543271428,351.0
683659,100.6039999999999,12,20.00841653340806,1.29915054053264,0.20891439181098345,226.0
683660,356.4246666666681,18,15.831901303237293,1.4892966115747899,0.2080787342437395,585.0
683661,1093.2873333333405,20,13.030341132090243,1.579038800659966,0.20724641930676457,1200.0
683662,303.70866666666564,22,14.443098285355118,1.4513078780479294,0.20641743362953746,409.0
683663,218.9886666666666,17,17.384023940169314,1.4032160852982196,0.20559176389501932,355.0
683664,39.466666666666654,5,24.395787749066535,0.6926535730550365,0.20476939683943926,116.0
683665,602.808666666673,19,13.506422802512308,1.627492492834249,0.20395031925208149,808.0
683666,493.30199999999877,24,11.114560835900255,1.5124510018259738,0.20313451797507318,635.0
683667,503.57266666666646,24,11.671065465142554,1.454560009088811,0.2023219799031729,644.0
683668,287.0846666666663,16,18.83675454026286,1.3676391494647857,0.2015126919835602,531.0
683669,209.92199999999977,18,17.419398750750684,1.3360426789440616,0.20070664121562595,376.0
683670,265.37199999999984,20,15.141617228567505,1.4519655814029362,0.19990381465076346,392.0
683671,279.9166666666664,22,12.909296552391963,1.4694565929005237,0.1991041993921604,370.0
683672,582.0259999999995,22,13.426797765245524,1.4886027080415407,0.19830778259459175,715.0
683673,244.10199999999975,13,18.862809520284394,1.5230714649681183,0.19751455146421337,425.0
683674,226.71400000000034,20,12.172432233631636,1.4346891016655592,0.1967244932583565,310.0
683675,478.09933333333487,23,10.865944947715361,1.5579819273760538,0.1959375952853231,631.0
683676,118.72066666666686,16,15.449712616488439,1.4626058747968065,0.1951538449041818,215.0
683677,210.3926666666664,20,12.582611823581024,1.4731267788093325,0.19437322952456507,318.0
683678,234.65199999999962,19,13.288174553524124,1.3986604879904159,0.1935957366064668,348.0
683679,231.07866666666666,21,13.491078258394236,1.5051659978544996,0.19282135366004094,374.0
683680,198.2453333333329,12,17.150010791193765,1.4992330531976437,0.19205006824540077,321.0
683681,232.48066666666696,26,8.526225606839565,1.3921720222413199,0.1912818679724192,333.0
683682,283.89733333333345,23,10.081498576159095,1.525821713686667,0.1905167405005295,357.0
683683,173.96666666666619,16,14.779382708059497,1.3990177241985358,0.18975467353852737,253.0
683684,1130.2706666666736,18,11.690026092478096,1.7332401661022168,0.18899565484437328,1200.0
683685,179.7173333333335,24,9.872408045619968,1.3514360852111134,0.18823967222499577,257.0
683686,583.0906666666652,23,11.121450642068142,1.5807366594901726,0.1874867135360958,713.0
683687,168.66999999999987,13,17.12097572854921,1.595136212369725,0.1867367666819514,270.0
683688,239.28400000000036,22,10.896494140116504,1.4627162530448528,0.1859898196152236,327.0
683689,401.9893333333337,21,12.419721079526036,1.5934541369442605,0.1852458603367627,478.0
683690,169.86266666666702,13,17.817506193129667,1.5584845790094863,0.18450487689541564,314.0
683691,661.3206666666653,24,10.63034368518202,1.6074684895891638,0.183766857387834,845.0
683692,189.17400000000004,18,13.38939132268607,1.4321401265251001,0.18303178995828265,280.0
683693,350.6633333333343,27,7.649368015016975,1.5760350576364857,0.18229966279844953,411.0
683694,509.78466666666486,25,9.399959776693075,1.6315194984798798,0.18157046414725572,594.0
683695,232.30466666666635,19,14.226467996042935,1.5676837897366673,0.1808441822906667,331.0
683696,319.46399999999954,20,14.209852759628061,1.575211398912672,0.18012080556150403,535.0
683697,846.4260000000114,17,12.744485475685893,1.7275165872642482,0.179400322339258,1200.0
683698,1126.238000000003,25,6.563000752851098,1.7147382748308493,0.178682721049901,1200.0
683699,199.86733333333314,25,9.970436221923446,1.391479771481383,0.1779679901657014,261.0
683700,838.9920000000001,19,12.167398996337461,1.7617615238905506,0.1772561182050386,1016.0
683701,210.68733333333395,13,17.584529153388385,1.5810451211384837,0.17654709373221844,396.0
683702,194.5999999999993,16,15.134968024449677,1.4528263567206028,0.17584090535728955,291.0
683703,1055.7166666666633,17,12.674952311190287,1.6643133168979942,0.17513754173586038,1200.0
683704,306.5306666666668,25,9.540138226762998,1.5586624288320206,0.17443699156891695,384.0
683705,449.8899999999994,23,11.078199659371677,1.483515057240211,0.17373924360264126,631.0
683706,277.5753333333338,19,13.322606897071271,1.4562834796539461,0.1730442866282307,387.0
683707,302.7326666666665,27,7.896864278121462,1.4812196052396907,0.17235210948171778,363.0
683708,254.65933333333345,22,11.435382185627311,1.520646271204392,0.17166270104379092,320.0
683709,223.71266666666665,16,15.279818067480063,1.6258376224495468,0.17097605023961576,340.0
683710,448.84000000000174,25,10.06846178547224,1.5994026221802615,0.17029214603865728,514.0
683711,310.7779999999995,17,15.79414484298815,1.5955021931979136,0.16961097745450265,461.0
683712,477.6820000000012,22,10.463041761609352,1.511230207918734,0.16893253354468463,603.0
683713,926.0093333333228,19,11.503378202314442,1.7778195999103654,0.16825680341050592,1150.0
683714,353.7920000000002,24,12.096959784514752,1.485390920894511,0.16758377619686388,465.0
683715,575.0526666666688,26,6.478094530718857,1.6571994206609615,0.16691344109207643,559.0
683716,201.1626666666671,17,15.07057954158982,1.4644343894308312,0.16624578732770812,354.0
683717,151.82999999999993,15,16.28482188533736,1.6154845557178237,0.1655808041783973,251.0
683718,120.65799999999993,12,18.25172030067679,1.4622645234989906,0.1649184809616837,277.0
683719,197.03799999999995,18,13.93308219530931,1.4989120632285795,0.16425880703783696,288.0
683720,115.38999999999997,12,17.769781948555245,1.4438669669631679,0.1636017718096856,257.0
683721,296.2173333333331,22,11.655370619521843,1.5246429646333355,0.16294736472244686,405.0
683722,444.8286666666664,16,16.14281492504773,1.6393104007520116,0.1622955752635571,624.0
683723,201.73733333333314,23,11.042145886542121,1.520553933082636,0.16164639296250286,282.0
683724,151.9786666666665,11,22.83205051217408,1.1803437069230576,0.16099980739065284,311.0
683725,20.452666666666666,1,28.462962962962962,0.495760019561891,0.16035580816109024,54.0
683726,97.78333333333318,7,24.706785082474088,1.2418900611014791,0.15971438492844586,239.0
683727,310.8006666666666,13,21.693767602091068,1.3236480959187833,0.1590755273887321,607.0
683728,153.604666666667,7,25.230053723255654,1.1811393309023794,0.15843922527917717,371.0
683729,354.55866666666606,13,21.522008408249373,1.3124803098273026,0.15780546837806045,680.0
683730,25.28666666666665,1,28.553846153846155,0.49762288053539705,0.1571742465045482,65.0
683731,66.11799999999998,3,27.00249911649456,0.7016541161763566,0.15654554951853,168.0
683732,73.04533333333319,3,27.633913342363044,0.4560929294517474,0.1559193673204559,190.0
683733,106.23466666666678,4,26.81154790905774,0.6741562063471381,0.15529568985117406,251.0
683734,156.11933333333351,5,26.042659097833106,1.1306494551382469,0.15467450709176936,339.0
683735,23.14599999999999,1,28.532258064516128,0.5019127127343681,0.1540558090634023,62.0
683736,572.8299999999937,11,21.409939814293878,1.5929503794994058,0.15343958582714867,1151.0
683737,78.61200000000005,2,28.316417038960648,0.547684218297368,0.1528258274838401,202.0
683738,221.98133333333396,13,20.913452972738497,1.339403287241812,0.15221452417390471,400.0
683739,555.3193333333331,25,15.02459348121793,1.3666933216291977,0.1516056660772091,772.0
683740,274.4226666666668,14,20.585663026347557,1.4293950156282274,0.15099924341290027,548.0
683741,215.04799999999994,9,23.817038161826837,1.3283162063499694,0.15039524643924868,456.0
683742,152.9946666666668,9,23.75995925767585,1.214830762723904,0.14979366545349168,346.0
683743,158.40866666666707,6,24.853394587292325,1.3701278415472522,0.1491944907916777,332.0
683744,159.56266666666687,5,26.84360019066729,0.8203462170579566,0.14859771282851097,403.0
683745,275.457999999999,11,22.259104479403472,1.2972378446050417,0.14800332197719696,568.0
683746,199.27400000000011,11,23.907636399445046,1.1434540652562144,0.14741130868928817,411.0
683747,193.45933333333315,11,21.85515769335316,1.4007791866363262,0.14682166345453102,372.0
683748,135.3399999999999,7,25.117692344115184,1.1339706307465487,0.14623437680071288,310.0
683749,21.103333333333325,1,28.462962962962962,0.4788064186228517,0.14564943929351,54.0
683750,384.2479999999986,19,18.82599736991897,1.2851518480074617,0.14506684153633598,603.0
683751,23.592666666666652,1,28.508474576271187,0.48910411298185597,0.14448657417019065,59.0
683752,172.601333333333,13,21.583689582410038,1.2475313820457612,0.14390862787350986,345.0
683753,95.40533333333312,7,24.199283824466487,1.3906626880775275,0.14333299336201585,219.0
683754,39.966000000000015,1,28.712871287128714,0.46792605219583094,0.14275966138856777,101.0
683755,100.70266666666646,4,26.37609893126705,0.6931887720226839,0.1421886227430135,270.0
683756,168.64733333333382,9,24.17125272437244,1.149004132508084,0.14161986825204145,381.0
683757,28.861999999999963,1,28.60810810810811,0.4631381011227633,0.14105338877903328,74.0
683758,32.738000000000056,1,28.670454545454547,0.5210205846615112,0.14048917522391716,88.0
683759,182.5079999999999,9,23.89952674628401,1.298010923053705,0.13992721852302148,407.0
683760,34.225333333333325,1,28.662790697674417,0.4466364096017699,0.13936750964892938,86.0
683761,57.547333333333185,2,28.16474474863856,0.47487763542675937,0.13881003961033367,137.0
683762,59.45666666666675,1,28.476283984466953,0.6240218998458108,0.13825479945189234,157.0
683763,151.41999999999962,10,23.596314478810378,1.207166108445044,0.13770178025408478,315.0
683764,26.008666666666645,1,28.573529411764707,0.5153866733918063,0.13715097313306843,68.0
683765,454.87466666666546,24,14.0173410058551,1.434051858527332,0.13660236924053615,681.0
683766,757.457999999997,13,18.915726231782713,1.665102155845954,0.136055959763574,1200.0
683767,278.44066666666737,13,20.172849449403998,1.3750363509867285,0.1355117359245197,466.0
683768,293.919999999999,14,20.826213114683068,1.4149537277074329,0.13496968898082162,568.0
683769,30.508666666666624,1,28.628205128205128,0.5109844409051316,0.13442981022489836,78.0
683770,117.59066666666683,7,24.983189892006074,1.3509102705871332,0.13389209098399876,259.0
683771,231.3899999999991,13,21.38813474329983,1.3636873836477947,0.13335652262006276,413.0
683772,274.11866666666657,14,20.22322635550935,1.3278163405073535,0.13282309652958252,442.0
683773,175.93199999999962,9,24.806956224249802,1.2295229204231217,0.13229180414346417,364.0
683774,210.70666666666713,10,21.376044055262277,1.373255586339781,0.13176263692689033,391.0
683775,490.07466666666556,19,18.108393341245296,1.5725396998980552,0.13123558637918276,677.0
683776,188.1246666666666,11,23.297015978489476,1.2086695445637266,0.13071064403366603,427.0
683777,191.24599999999987,12,21.21489081227511,1.2955921772410752,0.13018780145753137,367.0
683778,815.705333333334,14,16.9488083820476,1.7162381464734373,0.12966705025170125,1200.0
683779,100.2606666666669,7,23.897406942100346,0.9503517053629289,0.12914838205069443,247.0
683780,119.95733333333342,10,22.344984726267406,1.1020229779164326,0.12863178852249166,272.0
683781,215.5646666666661,10,22.29056897059654,1.3274917725029503,0.1281172613684017,374.0
683782,163.81466666666606,11,20.995583555388883,1.3638957793291362,0.12760479232292807,274.0
683783,133.48200000000017,9,23.331434634068366,1.1129574804550413,0.12709437315363636,303.0
683784,149.8806666666666,6,25.084836686590766,0.9509878235662452,0.12658599566102183,352.0
683785,124.3200000000001,7,23.52366400385766,1.396936323489816,0.12607965167837773,233.0
683786,195.70866666666603,14,18.431098433955512,1.3585549674659836,0.1255753330716642,342.0
683787,116.3046666666666,9,22.252317727119305,1.4215419936995042,0.12507303173937756,264.0
683788,164.63266666666638,8,23.780501373153843,1.341500633888951,0.12457273961242006,379.0
683789,264.6780000000001,14,19.856696417689957,1.3573497233119127,0.12407444865397038,457.0
683790,912.8219999999864,15,16.066236088504414,1.7098264224037798,0.12357815085935449,1200.0
683791,215.21133333333367,13,21.067221313515304,1.3752653880270094,0.12308383825591707,420.0
683792,145.5386666666664,10,21.950676738700185,1.2893550142328325,0.1225915029028934,300.0
683793,231.87266666666636,13,20.409728566317916,1.3422665962553753,0.12210113689128184,435.0
683794,210.6213333333336,14,20.917912584711097,1.2595630610558874,0.12161273234371671,385.0
683795,553.2466666666695,21,17.76158286193131,1.4416187221444825,0.12112628141434184,819.0
683796,55.02400000000002,5,25.268842932634737,0.6921324884345293,0.12064177628868447,138.0
683797,296.74400000000054,10,23.53562050208985,1.1105929425838013,0.12015920918352972,679.0
683798,172.5980000000001,8,23.124202097293914,1.2988466985242655,0.1196785723467956,310.0
683799,28.324666666666623,2,27.182432432432396,0.6250948007067141,0.11919985805740843,74.0
683800,877.7926666666601,16,16.052824766789332,1.6576516126852514,0.11872305862517879,1200.0
683801,100.77799999999996,6,24.750191795413272,1.223356402379349,0.11824816639067809,244.0
683802,203.6826666666676,11,21.157834278258825,1.2854280989392979,0.11777517372511537,353.0
683803,97.71666666666624,7,23.952409739980137,1.1924293236671384,0.11730407303021491,217.0
683804,164.7166666666665,15,17.461873888662335,1.2811603930691593,0.11683485673809405,278.0
683805,121.60866666666648,7,24.33083097947726,1.0214156562050212,0.11636751731114166,264.0
683806,338.3959999999983,20,15.852557362894972,1.4404966544022089,0.11590204724189711,496.0
683807,324.48533333333484,20,17.06712307309245,1.2480715461246605,0.1154384390529295,479.0
683808,357.71799999999973,17,18.560273345110694,1.4531579895426252,0.11497668529671778,665.0
683809,998.2373333333436,16,15.24806574490237,1.7077847689750372,0.11451677855553091,1200.0
683810,56.38466666666655,4,26.085579216652132,0.5766352159139858,0.1140587114413088,141.0
683811,434.4973333333343,20,15.888878549106444,1.4321036349077585,0.11360247659554357,607.0
683812,486.9173333333325,21,14.252474899242142,1.5002492708034971,0.11314806668916139,870.0
683813,205.13333333333335,12,20.51756444207684,1.3356520522405682,0.11269547442240474,365.0
683814,174.1800000000003,10,22.276759877993012,1.3112978886399407,0.11224469252471513,361.0
683815,301.04399999999885,14,19.35369861007558,1.3968784069771822,0.11179571375461626,527.0
683816,114.53266666666644,10,21.544996125778322,1.392825359818562,0.1113485308995978,242.0
683817,229.12200000000018,19,15.643024234593923,1.3827843910518172,0.11090313677599939,343.0
683818,294.89600000000127,13,19.662874645643576,1.3304127639382677,0.1104595242288954,470.0
683819,95.08266666666688,6,24.969242708550535,1.130810594028898,0.11001768613197982,230.0
683820,129.88400000000019,6,25.34689702392429,0.9746840424769316,0.10957761538745191,310.0
683821,252.9613333333335,15,18.77643217430899,1.4192240120413442,0.1091393049259021,430.0
683822,478.40066666666695,19,15.987520390452524,1.4647472527808043,0.10870274770619848,650.0
683823,258.75000000000006,21,16.427395348810784,1.427459307899515,0.1082679367153737,411.0
683824,217.00000000000009,14,18.623214571936995,1.5366350123916352,0.1078348649685122,346.0
683825,688.857999999993,25,11.882135421695734,1.5578240933496723,0.10740352550863815,865.0
683826,177.18666666666644,15,18.146938874129567,1.4662404549054777,0.1069739114066036,284.0
683827,221.38466666666696,17,17.02518407669486,1.3489108059428114,0.10654601576097718,333.0
683828,330.7946666666674,22,11.89821997233633,1.4418736058017827,0.10611983169793326,438.0
683829,287.1973333333341,17,18.171910721475715,1.4278338151265118,0.10569535237114154,454.0
683830,178.503333333333,21,12.467638923297711,1.189584770307481,0.10527257096165697,299.0
683831,196.12600000000026,21,12.516411904851847,1.33825439396502,0.10485148067781035,286.0
683832,295.3886666666656,19,15.611363487795858,1.3573040954641307,0.10443207475509911,443.0
683833,214.91133333333235,11,20.844735582531523,1.4691008522141333,0.10401434645607871,421.0
683834,283.52933333333385,20,14.631256687621983,1.3069013119449373,0.1035982890702544,414.0
683835,333.6733333333352,20,15.833662995154313,1.3476571465700526,0.10318389591397337,488.0
683836,184.09533333333326,15,18.66822886849607,1.2826095670381223,0.10277116033031748,326.0
683837,428.04399999999987,23,11.961954691624797,1.4486295856308853,0.10236007568899622,575.0
683838,230.15066666666704,20,14.139982706191319,1.3075082016053747,0.10195063538624022,372.0
683839,150.792,16,17.094447877955577,1.3299484787656666,0.10154283284469526,265.0
683840,274.9053333333324,16,16.40664584457861,1.4681666538776943,0.10113666151331649,521.0
683841,173.24266666666682,14,18.110253133286662,1.304165395180813,0.10073211486726322,333.0
683842,242.02600000000064,19,14.239286537131258,1.3545889408425502,0.10032918640779416,390.0
683843,173.78199999999975,9,21.219804791387304,1.2049713099712538,0.099927869662163,332.0
683844,1026.0093333333239,21,10.804545709056049,1.6090768537759255,0.09952815818351433,1200.0
683845,273.77466666666703,17,15.88123137465321,1.5230895224158774,0.09913004555078027,403.0
683846,191.12266666666642,12,19.970907882220963,1.3435478601219706,0.09873352536857716,416.0
683847,201.27933333333368,13,19.41437788049314,1.3398218764254735,0.09833859126710284,383.0
683848,158.50733333333358,11,20.549123020566533,1.223581220950346,0.09794523690203444,292.0
683849,328.86400000000083,16,15.700434025379655,1.4635434690401343,0.0975534559544263,436.0
683850,285.1626666666659,23,12.255693194492126,1.377606583229791,0.09716324213060859,399.0
683851,276.9026666666659,17,16.70041767608936,1.4562240696061677,0.09677458916208614,457.0
683852,183.8640000000002,16,16.619607123277333,1.3772539379411375,0.0963874908054378,316.0
683853,192.29866666666692,12,20.555390867416627,1.3942551997765293,0.09600194084221605,368.0
683854,287.7953333333333,10,22.315086495880664,1.5007400854094635,0.0956179330788472,638.0
683855,449.82733333333374,21,15.374172549046728,1.4474501115604625,0.09523546134653181,731.0
683856,215.35866666666638,17,16.744141782254793,1.387175326892103,0.09485451950114568,352.0
683857,344.3780000000008,14,19.729830177618165,1.4454946363742778,0.09447510142314108,636.0
683858,107.8693333333335,7,22.574748852046845,1.3128648733639545,0.09409720101744852,201.0
683859,940.2666666666792,16,14.389485282726106,1.6690845548693678,0.09372081221337873,1200.0
683860,106.02666666666654,11,20.05184747655266,1.2561080130661182,0.09334592896452522,202.0
683861,532.7553333333318,20,15.057955950701437,1.6250124729829303,0.09297254524866712,859.0
683862,75.70333333333339,7,23.167807543988975,1.0539640830275392,0.09260065506767245,209.0
683863,986.0680000000037,24,8.978078828139834,1.5701132037025978,0.09223025244740175,1200.0
683864,389.74200000000064,17,15.85890242795952,1.577277312915811,0.09186133143761216,550.0
683865,312.6766666666669,20,15.72460409074823,1.4967114538676682,0.09149388611186171,452.0
683866,328.6059999999988,17,16.89493452302261,1.3505436089009537,0.09112791056741426,528.0
683867,152.32266666666655,11,21.278486934073246,1.3177424490711551,0.0907633989251446,320.0
683868,357.7333333333331,22,15.99424683261817,1.3053135560556952,0.09040034532944402,556.0
683869,265.14666666666744,14,19.630418056380957,1.4445230054019118,0.09003874394812623,428.0
683870,307.3613333333344,19,15.016681370888517,1.4149565258877137,0.08967858897233373,464.0
683871,374.6693333333318,20,14.39377353591937,1.4399382080908103,0.0893198746164444,533.0
683872,281.1340000000011,14,18.189417010676483,1.4586323222120892,0.08896259511797862,535.0
683873,202.59066666666692,15,18.718903171272014,1.1885729509589975,0.08860674473750671,405.0
683874,353.67066666666653,19,13.981874870531255,1.4352514296370864,0.08825231775855669,492.0
683875,154.73066666666696,11,18.768633612157593,1.5051062671684405,0.08789930848752246,273.0
683876,1131.052666666665,25,6.852239168512095,1.7475991763484573,0.08754771125357236,1200.0
683877,179.41666666666652,21,12.09611936865489,1.4395684041944663,0.08719752040855808,256.0
683878,313.993333333334,23,11.075377753575088,1.5792528634087972,0.08684873032692385,410.0
683879,257.13333333333367,19,12.781473468147325,1.4757446291546328,0.08650133540561615,384.0
683880,205.11266666666612,18,13.686918787192655,1.3558260995648743,0.08615533006399367,335.0
683881,289.56666666666695,24,9.252386378338409,1.5832778945460624,0.08581070874373771,353.0
683882,119.1753333333335,13,17.572059274047124,1.393844809105752,0.08546746590876275,246.0
683883,397.6913333333326,21,12.920025454266082,1.5508971470947166,0.0851255960451277,494.0
683884,380.3566666666658,23,10.93800401324773,1.5972676413740157,0.08478509366094719,481.0
683885,191.0699999999995,21,12.644486360541318,1.419757088596453,0.0844459532863034,286.0
683886,306.16733333333303,22,12.005102744810857,1.5119836071439183,0.08410816947315819,432.0
683887,162.48399999999958,20,11.549795711524595,1.4056481310874165,0.08377173679526556,304.0
683888,1012.3313333333481,21,9.957988369346072,1.7457387513452192,0.0834366498480845,1200.0
683889,209.88866666666632,21,12.106389057622813,1.4392506125307412,0.08310290324869216,293.0
683890,221.19733333333355,22,11.301671062968444,1.40981634377954,0.08277049163569739,319.0
683891,424.78266666666707,26,10.318227170075204,1.591217108773377,0.0824394096691546,536.0
683892,244.00733333333324,21,11.29160699165303,1.440607044949901,0.08210965203047799,352.0
683893,84.89333333333347,11,18.561689468939456,1.4102603336690782,0.08178121342235606,184.0
683894,112.80399999999992,10,18.83986663578886,1.5356616826844045,0.08145408856866665,230.0
683895,970.1693333333404,20,10.360017256128677,1.7710729906457463,0.08112827221439198,1200.0
683896,209.67266666666703,20,13.387650301089526,1.441372213705047,0.0808037591255344,355.0
683897,226.13600000000014,18,14.389326760043545,1.524571522819288,0.08048054408903227,325.0
683898,266.168,21,11.617533117224996,1.420907799926448,0.08015862191267614,359.0
683899,248.2020000000003,20,12.532680835390916,1.388426630597204,0.07983798742502543,343.0
683900,149.5159999999999,25,9.553446554829387,1.2648598815052963,0.07951863547532534,230.0
683901,474.96866666666665,26,8.39322319413267,1.5398977670925884,0.07920056093342404,531.0
683902,101.83866666666661,9,19.98529751009709,1.4821058376062737,0.07888375868969033,212.0
683903,280.96333333333314,25,9.554260251272439,1.4003402338934527,0.07856822365493157,353.0
683904,293.04533333333393,20,11.73352215672564,1.4807345056206878,0.07825395076031184,390.0
683905,340.7839999999989,18,15.709860208112467,1.546347569177208,0.0779409349572706,524.0
683906,180.43933333333348,20,13.699579385340549,1.3079733329170382,0.07762917121744152,312.0
683907,240.40400000000005,16,14.696316968191784,1.554132982705925,0.07731865453257175,338.0
683908,562.115333333335,26,7.653918162319295,1.6542617046821393,0.07700937991444146,595.0
683909,309.5346666666666,26,9.24468677104269,1.5204129762539444,0.0767013423947837,395.0
683910,1128.4006666666382,23,7.360297120094388,1.8133108812692653,0.07639453702520456,1200.0
683911,202.1359999999996,19,12.905146021172909,1.4318503287114945,0.07608895887710375,279.0
683912,1106.241333333329,19,11.068130351289692,1.6143236775403609,0.07578460304159533,1200.0
683913,167.19666666666623,18,13.92471425303712,1.338791208816972,0.07548146462942895,260.0
683914,214.08600000000004,22,11.110347175350695,1.3666497213827271,0.07517953877091123,343.0
683915,285.34466666666646,21,12.144202291413622,1.4427035556089394,0.07487882061582758,372.0
683916,1256.427999999988,27,5.534397934320459,1.732166645450643,0.07457930533336427,1200.0
683917,301.48533333333256,21,12.192353947024852,1.4588361393401263,0.07428098811203081,440.0
683918,273.54533333333325,23,10.102066440378687,1.5031746032273618,0.07398386415958269,342.0
683919,1245.5640000000215,25,6.093576836533212,1.7174237162410817,0.07368792870294437,1200.0
683920,227.9673333333342,23,10.998812211536805,1.3762523191094793,0.07339317698813258,308.0
683921,212.05733333333336,21,12.067400587891543,1.4792434599188444,0.07309960428018006,309.0
683922,142.3120000000002,15,16.336823348923147,1.5334120566406964,0.07280720586305933,242.0
683923,235.6646666666665,21,11.729377920118427,1.4304828142525658,0.07251597703960709,344.0
683924,178.638,9,23.053277784014828,1.1413690476253835,0.07222591313144866,384.0
683925,301.25466666666574,9,23.86540240053111,1.156306272748671,0.07193700947892287,628.0
683926,118.36733333333387,7,24.780223486300986,0.9480810234503868,0.07164926144100718,268.0
683927,86.50666666666648,4,26.77369763339728,0.8877254881184085,0.07136266439524315,217.0
683928,69.32533333333323,6,24.64004257296848,1.0276094277029537,0.07107721373766217,180.0
683929,243.48066666666685,10,22.640600209707742,1.2824471936645099,0.07079290488271153,431.0
683930,300.88000000000005,11,24.078069450454457,1.118645705122948,0.07050973326318069,616.0
683931,279.53666666666675,19,20.228139319485777,1.289948649921926,0.07022769433012796,518.0
683932,196.83466666666666,9,24.50172320382862,1.1417552308900805,0.06994678355280745,414.0
683933,24.920666666666644,1,28.53968253968254,0.4466691093930505,0.06966699641859622,63.0
683934,469.6320000000025,26,14.142855411688716,1.2927497139100068,0.06938832843292184,632.0
683935,439.80800000000045,21,18.563814032014204,1.2448223737115471,0.06911077511919014,756.0
683936,21.367333333333324,1,28.452830188679247,0.4350404260236592,0.06883433201871339,53.0
683937,27.810000000000034,1,28.567164179104477,0.4124997423929349,0.06855899469063853,67.0
683938,529.6259999999974,5,25.85658895817724,0.9532511906629975,0.06828475871187598,1200.0
683939,189.3446666666666,10,23.164310563892602,1.3103127641615666,0.06801161967702847,338.0
683940,222.30800000000028,6,25.839961803980163,1.0483850359759492,0.06773957319832036,481.0
683941,319.46999999999963,18,18.10354002351557,1.4097324985785964,0.06746861490552707,502.0
683942,170.40399999999966,8,24.67772119956191,1.162393903117641,0.06719874044590497,370.0
683943,373.805333333334,12,21.772083335217168,1.4985579091410213,0.06692994548412134,634.0
683944,832.1633333333235,19,16.495218943324378,1.3873571434826824,0.06666222570218487,1200.0
683945,171.89733333333288,5,26.819606667985042,0.9773448773438881,0.06639557679937612,396.0
683946,142.13999999999993,10,23.206824742542757,1.101000862185105,0.06612999449217861,286.0
683947,160.3260000000006,6,25.4571212649025,0.7835447456253823,0.0658654745142099,410.0
683948,301.94333333333344,21,19.005406047482325,1.172602644958402,0.06560201261615306,537.0
683949,140.3713333333336,9,23.253166174575604,1.1445182735277697,0.06533960456568845,258.0
683950,187.14799999999943,6,26.386460395312614,0.8267743471463,0.06507824614742569,429.0
683951,27.369999999999973,1,28.591549295774648,0.5529173272980152,0.064817933162836,71.0
683952,206.98799999999937,12,22.33436610242523,1.2382091276894858,0.06455866143018466,421.0
683953,109.96799999999978,9,23.436790560693254,1.281371866387421,0.0643004267844639,274.0
683954,212.19600000000054,11,24.05049660047015,1.0034258684003332,0.06404322507732606,493.0
683955,27.911999999999967,1,28.579710144927535,0.4114077987844673,0.06378705217701675,69.0
683956,291.1786666666668,18,19.62998293314168,1.141107940378656,0.06353190396830868,599.0
683957,294.0733333333332,15,20.166566897181706,1.3341241296793191,0.06327777635243545,543.0
683958,438.8813333333296,20,15.907571128270481,1.3339198061239976,0.0630246652470257,601.0
683959,63.12066666666684,1,28.71944047180843,0.4451127819548822,0.06277256658603761,152.0
683960,384.83933333333306,21,17.28265210007488,1.1814485494349014,0.06252147631969344,653.0
683961,29.289999999999964,1,28.591549295774648,0.3951710240834024,0.06227139041441468,71.0
683962,223.84000000000023,10,22.70830661444907,1.3328956483819612,0.06202230485275702,413.0
683963,167.0973333333326,10,23.21958776181786,1.1808765909540195,0.06177421563334599,373.0
683964,515.0100000000011,26,12.825382506959869,1.2659673511537453,0.06152711877081261,735.0
683965,233.7919999999998,11,23.537358911730976,1.1146489348247433,0.061281010295729355,477.0
683966,220.1553333333325,15,18.873641198038595,1.3807800911773365,0.06103588625454644,403.0
683967,73.56399999999998,3,27.445066151341337,0.5725835512244738,0.06079174270952825,173.0
683968,376.34000000000054,12,21.906493510638196,1.2768875402461473,0.06054857573869014,615.0
683969,127.68933333333287,6,26.32622413689212,1.1415958493244753,0.060306381435735384,317.0
683970,27.762666666666632,1,28.585714285714285,0.4693877689372616,0.06006515590999243,70.0
683971,246.05599999999987,13,22.079948933102777,1.2884040172589029,0.059824895286352466,497.0
683972,326.81333333333396,15,20.15019206339635,1.1549369747903855,0.05958559570520705,544.0
683973,198.86333333333312,11,22.751194296896294,1.3584067407144111,0.05934725332238623,373.0
683974,609.1086666666635,7,23.111644325671627,1.7326890443457026,0.059109864309096684,1200.0
683975,169.8473333333334,10,22.34864451344513,1.1862763988725058,0.05887342485186029,416.0
683976,495.0240000000014,19,18.781532581224948,1.3155806646977044,0.05863793115245285,855.0
683977,130.91599999999997,7,23.413282657792806,1.205509783348614,0.058403379427843044,280.0
683978,234.72999999999996,19,16.649241829096784,1.3153873322815752,0.05816976591013167,362.0
683979,109.30733333333337,5,25.158768599109532,1.1243056339182498,0.05793708684649114,251.0
683980,475.28266666666684,16,20.09943443223326,1.2131530896870528,0.057705338499105176,782.0
683981,597.7739999999881,7,22.894648287113807,1.7945238260710823,0.05747451714510876,1200.0
683982,269.92799999999863,9,22.251060830643166,1.653907327178054,0.05724461907652833,521.0
683983,178.04800000000043,13,20.60584074866866,1.2210865194360412,0.05701564060022221,355.0
683984,607.6473333333277,24,14.382132964026221,1.4590455864531897,0.05678757803782132,937.0
683985,131.49466666666686,8,24.575845990567426,0.9000623265482397,0.05656042772567004,345.0
683986,268.9400000000001,13,21.707296258747988,1.2165920595083235,0.056334186014767355,478.0
683987,261.88333333333344,16,17.529611294679903,1.3400663227316059,0.056108849270708284,389.0
683988,171.76266666666623,10,22.331076431006025,1.3629753295410427,0.05588441387362545,365.0
683989,153.30933333333326,10,22.27580504224855,1.3545303402331466,0.055660876218130956,364.0
683990,135.72400000000005,9,22.722429256267958,1.1298417714401043,0.05543823271325843,258.0
683991,354.1393333333331,20,15.620779985140953,1.1860381870201469,0.055216479782405396,567.0
683992,218.1126666666671,10,22.10670307197162,1.3036963085030728,0.054995613863275776,429.0
683993,148.90466666666623,6,25.091817853373154,0.953257310726963,0.05477563140782267,319.0
683994,125.8733333333331,5,25.1524593120541,0.8715872207211985,0.05455652888219137,293.0
683995,403.6219999999996,16,18.32397276112319,1.3985182174929556,0.054338302766662606,617.0
683996,524.4873333333262,3,26.554307049254838,0.5011572176643113,0.05412094955559596,1200.0
683997,335.911333333335,19,17.840784936556144,1.1902409655009827,0.05390446575737358,585.0
683998,274.5179999999998,12,21.849977079441768,1.1641377612660035,0.05368884789434408,602.0
683999,72.62799999999993,6,25.12321308895031,1.1830815700724866,0.053474092502766704,177.0
684000,181.22066666666723,17,19.033585675971835,1.3201539201539527,0.053260196132755636,297.0
684001,366.2726666666675,19,18.167867460674024,1.2393692960980358,0.05304715534822462,639.0
684002,140.498,7,23.836019787686578,1.2139636510700695,0.05283496672683172,305.0
684003,236.5533333333336,13,21.59210285349964,1.3300387340690198,0.05262362685992439,423.0
684004,253.746666666666,14,20.31617002587148,1.3127702199184677,0.052413132352484695,472.0
684005,239.3399999999995,14,19.989867886952606,1.2069264179514094,0.05220347982307475,466.0
684006,159.78199999999975,6,25.49974436969125,1.1387474832539055,0.05199466590378246,387.0
684007,169.14333333333298,11,21.984788246980166,1.2050109191982379,0.05178668724016732,363.0
684008,267.3113333333335,11,22.385247422879445,1.2049639490462456,0.05157954049120666,527.0
684009,1091.5440000000053,23,9.829161962574533,1.5752142855632991,0.05137322232924183,1200.0
684010,173.88733333333352,12,22.193403425216413,1.1666510404059605,0.05116772943992486,359.0
684011,415.1826666666653,18,17.424613110933592,1.2672063015644208,0.050963058522165164,653.0
684012,203.4773333333334,14,19.42665877349003,1.2919695694105562,0.0507592062880765,338.0
684013,410.8086666666666,15,19.30534283990898,1.2845045503675836,0.0505561694629242,614.0
684014,426.73466666666656,19,16.08391154344552,1.386745803217607,0.05035394478507249,582.0
684015,550.1959999999995,22,14.248448045337033,1.4667168863170315,0.0501525290059322,760.0
684016,492.924,23,13.722198440374589,1.4228252532559835,0.05,663.0
684017,442.57399999999933,17,18.62902913392043,1.3790789004143233,0.05,818.0
684018,156.0846666666663,12,21.417565807627707,1.312832929784605,0.05,295.0
684019,131.66333333333353,8,23.73466831896792,1.1115276548400588,0.05,268.0
684020,348.80866666666503,18,18.37718347609339,1.3890030893918774,0.05,556.0
684021,211.7973333333327,12,22.39950646183125,1.1783771797802374,0.05,440.0
684022,445.46800000000036,4,26.44770995050427,0.7855979229315883,0.05,1135.0
684023,221.95933333333244,9,23.793109278347426,1.0574819299606997,0.05,506.0
684024,379.36533333333296,26,10.264182279801886,1.5295630117676577,0.05,490.0
684025,282.151333333334,19,15.496756639068119,1.393180186740642,0.05,398.0
684026,114.42133333333346,8,22.780137016507265,1.2959270209951028,0.05,228.0
684027,387.19599999999934,23,11.61974930064948,1.3510464787858105,0.05,570.0
684028,190.43866666666614,15,17.91074667284329,1.3151356094750821,0.05,309.0
684029,402.89400000000046,23,12.206938150009583,1.406738481051795,0.05,494.0
684030,305.8000000000001,18,17.31227189877924,1.3710293698318752,0.05,501.0
684031,327.3619999999992,14,19.95310648886254,1.5157548125756108,0.05,564.0
684032,341.2506666666658,22,14.076742062094205,1.572833695545246,0.05,468.0
684033,300.7326666666658,21,13.226237184662752,1.412094283314354,0.05,423.0
684034,307.57066666666714,23,12.857040577712208,1.3603484571572286,0.05,411.0
684035,175.78066666666712,11,20.890850705644855,1.3104557786385354,0.05,328.0
684036,309.79800000000085,13,19.8782732640001,1.419547557432853,0.05,557.0
684037,169.55399999999977,23,10.745040287880597,1.304724268232881,0.05,251.0
684038,418.1313333333334,26,10.941433566384351,1.4460846560846603,0.05,540.0
684039,219.88333333333307,18,15.618338497758991,1.296501775848001,0.05,360.0
684040,255.67266666666654,22,13.603553324516374,1.346977583701058,0.05,393.0
684041,89.68533333333338,6,23.9465804432666,1.0267858703305035,0.05,237.0
684042,148.2740000000002,9,21.723432715155838,1.593947126365164,0.05,308.0
684043,478.3353333333373,6,23.499924563811742,0.7914463410060554,0.05,1200.0
684044,197.37400000000022,15,18.5274869395438,1.4422569032308075,0.05,357.0
684045,193.52399999999977,13,20.268007939806854,1.369350124046406,0.05,397.0
684046,392.76199999999807,19,14.752004608379064,1.4901183274190186,0.05,558.0
684047,78.22399999999992,10,21.54169794293458,1.464884752807874,0.05,180.0
684048,159.11066666666653,11,20.692983229955587,1.4185763896089516,0.05,360.0
684049,88.36600000000017,9,22.150189491001747,1.1551038707902772,0.05,194.0
684050,307.5893333333329,20,15.093501802754462,1.384825133374905,0.05,482.0
684051,186.81066666666672,18,16.38099959551237,1.368285714358838,0.05,300.0
684052,75.90666666666665,7,23.507386542513316,1.1187709228526936,0.05,206.0
684053,388.78466666666634,16,16.22705564713827,1.6769287766565826,0.05,683.0
684054,185.14000000000024,12,19.869736014094837,1.4035251756708007,0.05,308.0
684055,129.61466666666692,10,21.233598924420974,1.3304647160102585,0.05,249.0
684056,843.1493333333141,19,13.090521376913816,1.631383869308679,0.05,1200.0
684057,274.42600000000107,21,13.410602248896543,1.5165515990346754,0.05,356.0
684058,150.74733333333305,17,16.701853700138937,1.2827973007291225,0.05,279.0
684059,118.3280000000002,11,20.691438483740622,1.2105820105903573,0.05,216.0
684060,524.290666666664,19,14.654501453584388,1.5077258130923243,0.05,694.0
684061,941.3359999999916,16,14.366322487102268,1.6745715034447497,0.05,1200.0
684062,206.87466666666643,14,18.550318186463976,1.363171926223619,0.05,318.0
684063,1167.3913333333319,24,7.026995307385144,1.6297262461279225,0.05,1200.0
684064,120.44666666666647,11,20.7567821045248,1.328758577672684,0.05,229.0
684065,123.6273333333332,9,22.076340588608165,1.3711321862843804,0.05,287.0
684066,91.34000000000012,7,23.63699289555168,1.3161237358117466,0.05,233.0
684067,426.6060000000014,18,15.866183519674161,1.495704256158261,0.05,646.0
684068,189.05333333333326,9,22.261266259716386,1.018037125318912,0.05,485.0
684069,198.30466666666598,17,16.073454449286103,1.473409186685103,0.05,339.0
684070,357.5893333333312,21,12.358431446900392,1.5833125894239046,0.05,496.0
684071,118.23199999999981,13,19.016311002113536,1.2420126885656428,0.05,245.0
684072,520.9399999999979,25,11.721345420386246,1.2786455026466275,0.05,675.0
684073,197.6353333333338,11,21.279353964649847,1.2688953665518545,0.05,431.0
684074,273.2106666666659,19,13.007696010222976,1.623632228397034,0.05,376.0
684075,316.2833333333329,25,10.245684513012083,1.43498562374669,0.05,434.0
684076,357.72933333333236,26,10.191466672378297,1.5198094145026304,0.05,475.0
684077,190.09799999999925,18,13.485893331625054,1.6255050902609862,0.05,270.0
684078,186.05800000000008,15,16.563319575769057,1.5372558580119853,0.05,346.0
684079,263.78666666666646,21,12.07640837165309,1.5112191601199942,0.05,382.0
684080,321.87666666666576,20,12.673803209166827,1.460907563028202,0.05,425.0
684081,272.1826666666663,25,9.535309249320045,1.3272673907887031,0.05,382.0
684082,414.4160000000021,21,10.539502494959564,1.5917350866619857,0.05,522.0
684083,359.7253333333322,26,10.083813451260378,1.5797212543554067,0.05,410.0
684084,162.88000000000045,13,16.838820710422233,1.4105523955965942,0.05,287.0
684085,262.102666666666,20,13.326639869185282,1.4733105218135514,0.05,334.0
684086,277.7826666666666,25,9.400372459881629,1.4096484667176679,0.05,382.0
684087,492.15066666666473,25,10.793388917215141,1.4377811825417999,0.05,596.0
684088,153.53266666666664,16,15.851575159063067,1.380414778390799,0.05,279.0
684089,212.14666666666636,22,12.075598537439925,1.3462769286267902,0.05,315.0
684090,367.34866666666574,26,8.95429569659351,1.5930113052415231,0.05,417.0
684091,197.40733333333355,20,12.547561868169446,1.4232951744597833,0.05,287.0
684092,188.42800000000008,18,13.809716862602196,1.4241361822655816,0.05,277.0
684093,168.76133333333303,21,12.489441573945303,1.3521290544181443,0.05,299.0
684094,163.49933333333362,22,11.854617744770776,1.3439139360681183,0.05,298.0
684095,209.56866666666573,15,16.130137806610886,1.4852533084648643,0.05,344.0
684096,188.0840000000006,18,14.421181123313822,1.453605649816915,0.05,315.0
684097,525.8813333333337,27,10.68262704253153,1.4517668903725776,0.05,643.0
684098,1095.7893333333227,23,7.589942850688598,1.7642484213741734,0.05,1200.0
684099,399.3200000000012,26,9.564886859536735,1.5053674684806269,0.05,519.0
684100,1037.7406666666711,22,8.991494261633667,1.6432067958278567,0.05,1200.0
684101,235.20666666666693,23,11.060267935516322,1.4476141246055,0.05,317.0
684102,209.1106666666673,16,15.010002034085062,1.4486307464107437,0.05,339.0
684103,233.42333333333275,22,11.639665264276431,1.4789862104371905,0.05,310.0
684104,257.16800000000006,24,10.027051984194925,1.3845964045841976,0.05,345.0
684105,199.62066666666647,19,13.430508220007361,1.4361030473515117,0.05,303.0
684106,226.95799999999946,16,15.159162368081423,1.428465143934133,0.05,423.0
684107,375.2139999999986,23,11.294355715021991,1.3615265605944729,0.05,554.0
684108,285.6773333333333,17,14.76627357563691,1.5346297355154095,0.05,378.0
684109,234.79000000000013,24,9.597606692941403,1.4421815503090436,0.05,296.0
684110,425.95133333333195,28,6.837879642016617,1.3461846632001282,0.05,541.0
684111,159.29266666666695,19,13.290440324059647,1.3086583568316248,0.05,264.0
684112,358.02600000000115,18,14.285662385308122,1.5958203368694746,0.05,458.0
684113,1095.5526666666426,25,7.182809112720586,1.745071478345964,0.05,1200.0
684114,184.8533333333332,16,14.97052540969625,1.3396329555256732,0.05,310.0
684115,238.72533333333428,21,12.188913368456324,1.536707674635062,0.05,302.0
684116,133.29133333333348,14,16.07704400515468,1.2618125611126756,0.05,257.0
684117,251.5506666666668,19,14.10986455325103,1.2898508454683986,0.05,431.0
684118,467.4740000000003,22,12.397898861850571,1.387359759372711,0.05,673.0
684119,150.96466666666657,16,14.988647856126846,1.3179431358832787,0.05,250.0
684120,141.70133333333345,15,16.056902986801536,1.379258948918226,0.05,208.0
684121,1070.6219999999942,20,10.415128904726664,1.6469091596376464,0.05,1200.0
684122,379.48466666666513,23,11.415656222219908,1.6108673744146018,0.05,560.0
684123,148.8106666666668,17,15.18532252717114,1.4377746859975429,0.05,267.0
684124,195.65200000000019,13,21.602759264042316,1.2386661595438593,0.05,375.0
684125,52.88600000000003,1,28.78030303030303,0.5383078381795945,0.05,132.0
684126,542.4533333333351,20,16.74943966529672,1.3244760622965697,0.05,743.0
684127,27.156666666666677,1,28.553846153846155,0.4193406593368047,0.05,65.0
684128,23.49733333333332,1,28.508474576271187,0.4380628894185959,0.05,59.0
684129,30.67466666666663,1,28.623376623376622,0.43970256656160617,0.05,77.0
684130,100.46733333333353,5,26.452312955577984,0.6386554621865339,0.05,255.0
684131,159.36466666666766,6,25.931874940223842,1.0159352708106992,0.05,387.0
684132,48.41466666666671,1,28.663294896169308,0.5238094468035176,0.05,120.0
684133,192.36466666666718,6,26.620540759898677,0.7416257169232892,0.05,472.0
684134,29.743333333333297,1,28.632911392405063,0.5654768105172602,0.05,79.0
684135,195.190666666667,9,24.310961876989122,1.1322696998554642,0.05,493.0
684136,72.30266666666645,3,27.656531058451346,0.6405265986137715,0.05,179.0
684137,253.1886666666675,13,21.448320996603396,1.218777747140374,0.05,495.0
684138,180.57066666666682,9,23.69728293735561,1.096198347040142,0.05,363.0
684139,440.9673333333334,23,16.022099005587418,1.3175949674351737,0.05,613.0
684140,315.4933333333341,17,19.932484566687997,1.2182451885086911,0.05,553.0
684141,198.87599999999827,8,24.27713002544599,1.3084369747937399,0.05,425.0
684142,282.10466666666787,13,22.218289170788626,1.282136902155931,0.05,588.0
684143,76.03933333333352,4,27.032137211035767,0.5703623940120612,0.05,187.0
684144,257.1806666666667,13,20.718322559931305,1.4485015322509611,0.05,464.0
684145,315.69666666666654,14,20.209119868733374,1.282168551152917,0.05,556.0
684146,254.91533333333314,15,19.98536106830733,1.2494715914128636,0.05,499.0
684147,219.36866666666722,5,25.40544018803509,1.0605477915506014,0.05,509.0
684148,194.15466666666703,8,24.72565490863096,1.0793516241679035,0.05,492.0
684149,179.58200000000042,9,24.23071786880434,1.0268892205463225,0.05,429.0
684150,63.15800000000008,3,27.427342532400136,0.5909266402960949,0.05,148.0
684151,531.9066666666648,18,19.470059465699116,1.3963213049953365,0.05,751.0
684152,37.10999999999997,1,28.694736842105264,0.4679702593939206,0.05,95.0
684153,119.65466666666678,7,25.781986451205917,1.0998556998455644,0.05,297.0
684154,551.6806666666664,23,16.682082367484703,1.345675053245167,0.05,801.0
684155,453.02733333333305,17,20.92247573361507,1.0788490101665462,0.05,836.0
684156,62.02666666666661,2,28.217028714252802,0.5216815693878474,0.05,155.0
684157,45.809333333333406,1,28.57468654761374,0.4005103402557025,0.05,112.0
684158,379.1406666666673,20,17.93760402282422,1.3141043849282805,0.05,667.0
684159,151.98733333333263,10,21.961502325063748,1.1630628055320236,0.05,290.0
684160,70.25199999999998,2,28.284239576470817,0.4820290953224253,0.05,171.0
684161,520.2786666666684,25,15.771033523891974,1.4337649723400265,0.05,820.0
684162,26.40600000000001,1,28.553846153846155,0.4439559728739266,0.05,65.0
684163,219.8406666666667,12,22.75950034557834,1.2576294751550918,0.05,411.0
684164,25.66733333333331,1,28.546875,0.4696422231098721,0.05,64.0
684165,102.38200000000019,5,25.82635881571992,0.815584415584412,0.05,253.0
684166,509.728000000003,2,27.874376278005936,0.6003910938872862,0.05,1200.0
684167,275.63399999999984,11,22.415698602129606,1.145279014331536,0.05,578.0
684168,217.14999999999947,10,23.11181435275975,1.4395592353892668,0.05,398.0
684169,403.83600000000075,14,20.950729132974732,1.2992916174755227,0.05,726.0
684170,235.01333333333451,7,25.147510615628757,1.2381757777122677,0.05,473.0
684171,160.0440000000002,7,25.900674774842415,1.1036455879821072,0.05,375.0
684172,70.76133333333328,2,28.36411853952349,0.5209312192323027,0.05,180.0
684173,495.4599999999977,20,19.140008210279436,1.326875901876306,0.05,792.0
684174,320.1893333333329,21,14.921454107980622,1.453579250989519,0.05,457.0
684175,34.63733333333331,2,27.244827586206853,0.4788177324495957,0.05,87.0
684176,214.86333333333258,11,21.053991996688882,1.4947103600058653,0.05,394.0
684177,207.99533333333358,12,21.000102545473272,1.2592710427799487,0.05,412.0
684178,233.20666666666625,13,21.379642714525083,1.2809066278969867,0.05,483.0
684179,764.5239999999961,12,19.293770174683917,1.5856290091286092,0.05,1200.0
684180,363.4820000000003,19,17.726396228738295,1.3760936591631625,0.05,607.0
684181,221.15199999999987,11,21.276015031251884,1.2802314123535257,0.05,375.0
684182,289.5093333333326,23,13.303863907937183,1.4019500058003176,0.05,429.0
684183,133.6646666666664,11,21.83448227113424,1.2440970398313327,0.05,265.0
684184,511.31733333333324,22,16.986943205128245,1.1824319818363305,0.05,763.0
684185,731.2146666666689,19,16.14622747332344,1.443645415571929,0.05,1033.0
684186,235.44199999999944,19,16.272999782415315,1.2954527162981024,0.05,355.0
684187,208.95733333333362,16,17.995246679562204,1.2059926810300885,0.05,380.0
684188,24.62999999999998,2,27.10161290322578,0.5041474653155369,0.05,62.0
684189,272.0866666666665,11,22.025443996430504,1.0795953614623166,0.05,579.0
684190,122.62733333333333,9,23.203451979476807,1.103863229109646,0.05,233.0
684191,110.21933333333345,10,22.007043129291475,1.3972383422742365,0.05,204.0
684192,857.1179999999833,16,14.985931217827611,1.7292418883609757,0.05,1200.0
684193,136.79733333333323,6,25.00991388233196,1.1299950973623238,0.05,291.0
684194,304.61866666666515,16,18.365322546830186,1.2623318736270965,0.05,504.0
684195,90.2459999999997,2,27.088322914039626,0.450972500709034,0.05,213.0
684196,133.18266666666645,11,21.369865521119745,1.2716951279456687,0.05,284.0
684197,609.2993333333309,5,24.351925956509092,1.7941773250543975,0.05,1200.0
684198,45.74000000000007,3,26.642257940394448,0.5367885885211494,0.05,113.0
684199,31.202666666666655,2,27.21374999999996,0.5018279609468748,0.05,80.0
684200,732.8866666666645,27,12.766927741040359,1.305441463049284,0.05,953.0
684201,199.04933333333423,11,21.520712952752593,1.2106088435380167,0.05,420.0
684202,298.02133333333165,12,22.491443136575125,1.2708674363889554,0.05,560.0
684203,441.52733333333356,26,12.287995939200092,1.3555916282888332,0.05,601.0
684204,156.72799999999984,11,22.023264245778357,1.1589704881981202,0.05,305.0
684205,348.74533333333306,16,18.60925747638558,1.5723408303581823,0.05,530.0
684206,321.4179999999999,30,9.420668441977584,1.2133974396383769,0.05,491.0
684207,166.29933333333364,11,22.040991069275105,1.166515013666462,0.05,314.0
684208,470.03400000000136,12,24.48605432551543,0.9843874790727954,0.05,1109.0
684209,736.1086666666582,11,18.877615307513146,1.658926957316055,0.05,1200.0
684210,224.47266666666616,13,19.952974232456583,1.406745427623204,0.05,400.0
684211,49.00533333333334,2,27.275543250347297,0.7853848239104364,0.05,133.0
684212,163.7360000000004,12,21.68149707263294,1.229173188399074,0.05,367.0
684213,96.19133333333355,10,21.950927228977474,1.2684783240621775,0.05,201.0
684214,198.80200000000113,12,20.258789690715286,1.3867895608515415,0.05,372.0
684215,861.6479999999902,21,13.658576380629892,1.660738096612663,0.05,1200.0
684216,575.5706666666669,27,14.563918592699228,1.3238574725028027,0.05,829.0
684217,445.3466666666642,16,18.6941368045032,1.3529123237277738,0.05,699.0
684218,213.28066666666632,13,21.171541577697774,1.195868155672294,0.05,366.0
684219,72.6946666666668,7,23.989309655769826,0.9366435178662254,0.05,196.0
684220,141.34533333333357,7,23.55697181089706,0.875942880034859,0.05,323.0
684221,321.21733333333265,12,21.002321554872083,1.4226253774435795,0.05,605.0
684222,257.7573333333337,15,18.116005259314143,1.489704839064084,0.05,410.0
684223,181.0786666666667,12,20.586829125286133,1.260392096358292,0.05,373.0
684224,185.97533333333323,12,19.529301460372324,1.4734458072101593,0.05,323.0
684225,192.33599999999996,12,20.060342114319848,1.197342396781089,0.05,344.0
684226,222.21866666666685,14,18.402668874736538,1.3497236255210199,0.05,388.0
684227,435.2226666666676,22,14.842980566971962,1.5358372113231706,0.05,597.0
684228,181.5053333333333,13,19.388119784314455,1.2499155962226989,0.05,342.0
684229,437.0926666666671,27,8.952000369170428,1.4603758697092162,0.05,548.0
684230,223.79000000000053,15,17.9719953437191,1.4627259593710917,0.05,416.0
684231,1099.1039999999925,20,10.979189077234114,1.664738095238095,0.05,1200.0
684232,123.13400000000011,28,9.667465535794737,0.9265779204041071,0.05,268.0
684233,398.36933333333275,21,14.419089722995666,1.5890555623684934,0.05,544.0
684234,343.38266666666703,17,16.96806381988473,1.4648927925605053,0.05,553.0
684235,142.75600000000009,19,15.2701833402075,1.2738886430255154,0.05,251.0
684236,278.99333333333396,22,12.937501738127457,1.3814257281581268,0.05,381.0
684237,300.9879999999994,23,12.506415372463243,1.4082132875944928,0.05,403.0
684238,191.73933333333417,14,18.62624064813153,1.1901479638251298,0.05,377.0
684239,140.8680000000002,13,19.017265968821288,1.3424951582053373,0.05,280.0
684240,154.1313333333331,12,18.901507853253438,1.2548701310617398,0.05,264.0
684241,218.60200000000017,18,15.640450595791968,1.4238136016754597,0.05,306.0
684242,326.7833333333338,18,15.942085424645567,1.2754521546990314,0.05,521.0
684243,193.15000000000026,19,15.809758993375997,1.2550241608230297,0.05,336.0
684244,202.74866666666694,18,16.462547394017882,1.288603813744838,0.05,299.0
684245,140.85333333333315,14,18.351949942768904,1.2234989731127497,0.05,276.0
684246,146.74666666666727,8,22.453367541070566,1.2688730624271025,0.05,341.0
684247,365.6920000000005,21,14.07268533704691,1.390075187977904,0.05,475.0
684248,559.7213333333366,12,18.258534777860085,1.596715275670648,0.05,1200.0
684249,555.278666666669,20,14.751477754654939,1.6018796155789012,0.05,779.0
684250,296.2546666666653,19,15.646096504950362,1.503612105436991,0.05,439.0
684251,324.21200000000135,15,19.049069852909575,1.22561040135456,0.05,550.0
684252,116.55199999999971,13,19.389861880313063,1.310559016705404,0.05,207.0
684253,271.99066666666744,18,15.919760356557513,1.3238998068547239,0.05,422.0
684254,234.3339999999997,16,16.845351471033396,1.433919926517415,0.05,347.0
684255,213.9086666666671,16,17.36356437209685,1.3622448631561388,0.05,357.0
684256,161.26333333333332,14,18.66477878654652,1.2611947339750869,0.05,322.0
684257,348.29266666666564,18,16.462850080790904,1.3584415585989646,0.05,561.0
684258,155.71399999999997,11,20.715598947985185,1.4307538191585847,0.05,302.0
684259,212.96133333333302,19,15.210069138263096,1.273649924417624,0.05,354.0
684260,229.2359999999999,18,15.67456911895941,1.366015299716543,0.05,380.0
684261,1201.0940000000116,25,7.961569165485177,1.7207381066990357,0.05,1200.0
684262,327.77266666666503,14,19.592824699035926,1.3135035656779384,0.05,621.0
684263,192.80266666666606,17,17.554129695747836,1.297936879855973,0.05,346.0
684264,94.66666666666643,9,21.816558585597022,1.1174518782284066,0.05,185.0
684265,180.152666666667,10,21.244814824687303,1.3702478675611212,0.05,333.0
684266,233.96066666666775,14,18.6760801512117,1.3217361585788807,0.05,418.0
684267,447.7746666666649,26,10.015807166511056,1.4950287854584319,0.05,546.0
684268,180.65266666666682,18,16.354949498737156,1.253979209550823,0.05,298.0
684269,203.74266666666696,18,15.96000425941778,1.477152183367502,0.05,307.0
684270,188.53000000000037,12,20.629456741836027,1.1100001521185974,0.05,339.0
684271,276.21533333333343,22,14.460746320607747,1.2886057989870852,0.05,406.0
684272,286.9499999999996,18,16.25542205614557,1.3368282977062709,0.05,438.0
684273,402.1026666666668,18,15.962588241987907,1.5384544393261366,0.05,680.0
684274,178.96466666666697,17,14.541612956224498,1.5145461057106404,0.05,296.0
684275,207.1199999999996,17,15.814340865606274,1.5839737960234486,0.05,368.0
684276,257.5726666666669,19,13.027391061803025,1.5511023669827269,0.05,350.0
684277,214.54133333333314,20,12.698148940081081,1.4465332712901076,0.05,307.0
684278,356.6866666666675,24,10.430794621696839,1.4547895356824747,0.05,436.0
684279,323.66000000000207,16,14.957710109008335,1.6919944801406193,0.05,414.0
684280,215.60799999999978,18,15.456065712726245,1.3758906642740139,0.05,389.0
684281,317.39066666666713,18,12.667102918746673,1.5332290867643001,0.05,430.0
684282,864.7673333333489,15,14.839968682834678,1.7462283101534608,0.05,1200.0
684283,875.5306666666714,14,15.252001308227985,1.6389324543011023,0.05,1200.0
684284,315.1320000000003,21,11.432857583432755,1.5309417925868951,0.05,425.0
684285,302.3233333333335,25,9.153859061113046,1.5245461722367961,0.05,362.0
684286,199.28400000000036,25,9.601858705463673,1.420652099184382,0.05,295.0
684287,209.72933333333435,18,13.835954124465832,1.6153481494587727,0.05,303.0
684288,154.36599999999981,18,14.253288149465785,1.3149825807420714,0.05,246.0
684289,172.13666666666631,22,12.306351841522892,1.37658079626635,0.05,244.0
684290,416.7853333333333,21,12.085054734316401,1.6355673133451034,0.05,486.0
684291,128.93200000000002,18,14.55768964993145,1.4419277761330682,0.05,255.0
684292,441.7819999999978,24,9.572884796408001,1.5580816021424413,0.05,609.0
684293,387.9186666666676,26,9.037830771230459,1.495897585104667,0.05,491.0
684294,926.8726666666468,19,11.114345236455359,1.629569346596002,0.05,1200.0
684295,193.1606666666671,19,12.738262609459754,1.5797268907572315,0.05,272.0
684296,213.0073333333323,17,14.234181427927322,1.5165208611227041,0.05,320.0
684297,164.8126666666667,15,15.87625601877372,1.5212522846152798,0.05,229.0
684298,346.082000000001,20,12.792007827283673,1.5896096494757772,0.05,472.0
684299,355.08199999999937,25,9.424553579989311,1.4631368634498538,0.05,429.0
684300,330.7006666666671,27,8.689872470269844,1.4353028545693125,0.05,416.0
684301,181.14933333333292,22,12.564776074250709,1.3739095306203382,0.05,269.0
684302,187.97400000000073,17,14.643358190067781,1.635770528683915,0.05,254.0
684303,920.1953333333379,15,14.287298028896082,1.8250714292681978,0.05,1200.0
684304,220.3513333333334,15,16.312013145536095,1.3632041952266243,0.05,350.0
684305,363.933333333334,25,9.330470277352635,1.4779824829291288,0.05,473.0
684306,71.0746666666667,8,20.322067520407646,1.5028242178265026,0.05,172.0
684307,853.2599999999943,20,10.83143295160493,1.5154047663476355,0.05,1200.0
684308,366.4219999999998,25,9.826649063120925,1.4995722841169477,0.05,501.0
684309,242.81666666666698,22,11.50941867341945,1.4555799352073633,0.05,347.0
684310,281.2193333333335,23,10.91054665880619,1.3882916053019203,0.05,388.0
684311,234.721333333333,20,12.61599734323357,1.4791067313629656,0.05,307.0
684312,160.51666666666674,25,10.283150536481571,1.2902814672801015,0.05,269.0
684313,550.5773333333317,28,8.29988420751632,1.4927830776216178,0.05,652.0
684314,1126.53799999997,21,9.460518986268575,1.7754068446640796,0.05,1200.0
684315,973.163999999986,19,10.648482115843052,1.8024880969742423,0.05,1200.0
684316,199.55933333333297,21,11.357248030171524,1.442651197084442,0.05,259.0
684317,199.67933333333332,18,13.904940959530528,1.455240997751658,0.05,324.0
684318,352.6273333333322,24,10.28440027572634,1.4566186208235792,0.05,436.0
684319,549.6386666666662,25,8.256908790766488,1.580997691319665,0.05,582.0
684320,305.15599999999927,25,9.600627026568993,1.492396432160665,0.05,360.0
684321,159.53400000000062,18,13.87904160199517,1.544541069451192,0.05,240.0
684322,379.12333333333396,24,9.709259154846396,1.3713689280571222,0.05,479.0
684323,248.86866666666666,21,12.627952961335467,1.4348033475282045,0.05,376.0
684324,380.9406666666679,14,21.60245283420476,1.1894101029933073,0.05,804.0
684325,94.3893333333332,5,26.059359133956615,1.177256700388136,0.05,201.0
