683325,49.79458064516132,5,0.7896040550698556,0.7968000000000001,338.0
683326,10.127677419354821,30,0.9081108270159594,0.7936128,486.0
683328,0.0,1,0.0,0.8,73.0
683327,32.32412903225808,31,0.8756126108012162,0.7904383488,646.0
683330,246.29922580645055,5,1.1087557840202173,0.7809909790670881,1200.0
683329,117.61896774193544,20,1.0167701801831013,0.7841274890231809,834.0
683331,26.120967741935416,30,0.9510808860623902,0.7778670151508198,649.0
683332,72.51303225806446,31,0.9996034151889623,0.7747555470902165,791.0
683334,21.853032258064516,4,0.684906915863792,0.7685698988022481,152.0
683333,122.1083870967742,20,1.0742843292820017,0.7716565249018555,1200.0
683336,65.4185806451616,31,1.1337449180571018,0.762433636730211,1200.0
683335,115.3550322580649,28,1.1251245362474067,0.7654956192070391,1200.0
683338,158.08619354838686,22,1.1428964226678575,0.756346366574557,1200.0
683340,21.43735483870967,5,0.7224817818891619,0.7503076971838257,162.0
683337,131.75980645161343,28,1.133678173890721,0.7593839021832902,1200.0
683342,76.08458064516053,31,1.077487857528844,0.7443172405295101,1200.0
683344,76.25445161290342,24,0.9531291260331893,0.7383746116811225,576.0
683339,134.38051612903217,27,1.143931542513441,0.7533209811082587,1200.0
683341,41.901806451612906,29,0.9632772802888736,0.7473064663950905,513.0
683346,114.35774193548396,26,1.0409962231436916,0.7324794287814603,1200.0
683343,110.07735483870928,28,1.1245636436961959,0.7413399715673921,1200.0
683348,84.10677419354863,26,1.0470025704277202,0.7266313130220692,744.0
683345,0.0,1,0.0,0.8,54.0
683347,0.0,1,0.0,0.8,96.0
683350,96.05625806451597,31,1.0611668821629259,0.720829888618901,797.0
683349,119.89167741935522,30,1.077905833405727,0.723724787769981,1200.0
683352,150.17058064516107,23,1.1366472739242541,0.7150747827881676,1200.0
683351,111.04238709677416,25,1.0842145105826169,0.7179465690644253,841.0
683354,187.1258064516111,11,1.0019340131706065,0.7093656257223869,1200.0
683356,0.0,1,0.0,0.8,119.0
683353,104.01954838709706,31,1.094286057230578,0.712214483657015,1200.0
683358,101.9364516129019,24,1.0936827261872126,0.6980836933948955,937.0
683355,146.406967741935,26,1.2009250147034556,0.7065281632194974,1200.0
683360,84.72703225806455,16,1.093506641613785,0.6925101931868306,497.0
683362,0.0,1,0.0,0.8,80.0
683357,123.10174193548436,28,1.1202776990517824,0.7008872423643528,1200.0
683364,152.37748387096727,26,1.194991739147754,0.6814963339690605,1196.0
683359,76.05541935483903,31,1.1113866666152339,0.6952913586213159,701.0
683361,74.05864516129031,29,1.0637413189931866,0.6897401524140833,640.0
683366,109.41890322580596,31,1.1650943484337877,0.6760552672386515,1200.0
683363,74.75329032258068,9,1.036060348725123,0.6842332670372092,391.0
683365,92.75961290322574,23,0.9952126996076538,0.6787703486331842,603.0
683368,130.9978709677416,30,1.1328296312565633,0.6706576419850181,1200.0
683367,83.32000000000002,28,1.0945692381236247,0.6733510461696968,664.0
683370,101.67870967741885,27,1.1822891943495155,0.6653031113714096,1200.0
683369,117.1229677419364,31,1.1019049317255603,0.667975011417078,1200.0
683372,69.71587096774192,31,1.088957382802214,0.6599913313302204,580.0
683374,113.87980645161285,30,1.1154286114622878,0.6547219605408798,705.0
683371,162.3099354838696,28,1.1811701090835176,0.6626418989259241,1200.0
683373,0.0,1,0.0,0.8,172.0
683376,107.27341935483886,15,1.0566850939983508,0.6494946604079215,620.0
683375,72.59529032258075,14,1.0189903473230826,0.6521030726987163,387.0
683378,69.57593548387099,28,1.0824399732050842,0.6443090950392246,519.0
683377,86.35948387096789,25,1.104082206035514,0.6468966817662898,666.0
683380,101.95851612903232,29,1.0804083112088088,0.6391649312244314,691.0
683379,107.84400000000002,17,1.1186518872305848,0.6417318586590677,559.0
683382,54.66954838709679,28,1.0671683616249055,0.6340618384135356,518.0
683381,134.18445161290347,30,1.111824386637133,0.6366082714995337,807.0
683383,107.21729032258028,30,1.166962852198764,0.6315255910598814,758.0
683384,242.20941935483785,17,1.2568134741586834,0.6289994886956419,1167.0
683386,0.0,1,0.0,0.8,114.0
683388,77.85393548387097,30,1.107172238990757,0.6189957199645812,614.0
683390,167.79245161290333,24,1.1539830875538983,0.6140536581363839,1200.0
683392,63.33470967741929,11,0.9725366160053328,0.609151053729823,317.0
683394,0.0,1,0.0,0.8,1200.0
683396,73.11858064516125,2,1.0682730450554083,0.5994629595845768,311.0
683398,148.63090322580683,23,1.1776454782711059,0.5946768473152536,796.0
683400,130.5101290322581,26,1.2211033161324898,0.5899289473662885,720.0
683402,26.248322580645137,3,0.6442555693060784,0.5852189546505161,178.0
683404,142.80774193548402,23,1.1544924471478124,0.5805465665165864,673.0
683406,35.26064516129033,5,0.8466804673466817,0.575911482729518,206.0
683408,159.38187096774212,29,1.1418901283637743,0.5713134054514055,853.0
683410,97.57393548387105,10,1.1012579819314923,0.5667520392222815,405.0
683412,66.08741935483867,5,0.9024060576692126,0.5622270909411308,338.0
683414,0.0,1,0.0,0.8,84.0
683416,50.31000000000008,9,0.9242839419579707,0.5532852875005979,249.0
683418,219.05464516129024,30,1.222900190092649,0.5488678577651931,1200.0
683420,35.056,7,0.8941962833144145,0.5444856967887958,181.0
683422,0.0,1,0.0,0.8,55.0
683424,0.0,1,0.0,0.8,1200.0
683426,178.65838709677325,29,1.1822504066320514,0.531548021778884,1200.0
683428,200.48683870967733,30,1.2495692019615596,0.5273041423730015,999.0
683430,224.54019354838732,21,1.2054154366441614,0.5230941461002954,1122.0
683432,221.58593548387003,27,1.299435139565108,0.5189177624378306,1200.0
683434,101.08535483870958,27,1.1997884041340725,0.514774723022527,522.0
683436,113.50309677419371,30,1.168122922539799,0.5106647616339152,679.0
683438,126.56683870967761,26,1.157615716283449,0.50658761417703,668.0
683440,101.63793548387103,28,1.2180824628670885,0.5025430186654406,599.0
683442,106.4914193548387,14,1.1078784875590704,0.49853071520441566,443.0
683444,203.5153548387109,29,1.2209956278405791,0.4945504459742236,1200.0
683446,154.41658064516156,31,1.2055064571822158,0.4906019552135654,802.0
683448,22.568709677419363,2,0.6162161644946138,0.4866849892031403,137.0
683450,70.97258064516116,13,1.12338268643453,0.4827992962493425,325.0
683452,252.72141935483947,29,1.234138047051929,0.4789446266680877,1200.0
683454,71.05193548387098,6,1.0753859243862494,0.47512073276876965,326.0
683456,131.0873548387096,31,1.2345349942793027,0.47132736883834386,651.0
683458,293.21703225806334,16,1.303864261634671,0.4675642911255385,1200.0
683460,138.90974193548362,31,1.2236436823851002,0.4638312578251922,775.0
683462,19.554258064516137,2,0.7180640026905256,0.4601280290627158,106.0
683464,86.2525161290322,3,1.0368708960724895,0.45645436687867913,345.0
683466,215.8227096774194,30,1.3227387040487266,0.4528100352135197,951.0
683468,68.36258064516113,16,1.1110123596349808,0.449194799892375,361.0
683470,131.0914193548384,25,1.2187227691239153,0.44560842861003425,620.0
683472,129.16135483870963,26,1.305325523352172,0.4420506909160118,614.0
683474,244.5000000000038,31,1.3952080307021464,0.4385213581997383,1200.0
683476,74.96522580645161,7,1.0675340344157978,0.4350202036758716,326.0
683478,126.16277419354853,20,1.2898760887765506,0.43154700236972343,618.0
683480,107.79787096774228,27,1.178340731930726,0.4281015311028036,575.0
683482,113.33109677419351,26,1.2285346933080812,0.4246835684784787,556.0
683484,165.77393548387093,23,1.2807321331125563,0.42129289486774657,727.0
683486,128.5169032258069,29,1.3285881150214076,0.41792929239512255,602.0
683488,111.57800000000034,27,1.2679263379948509,0.41459254492463987,529.0
683490,30.118000000000062,27,1.0254119321393769,0.4112824380459615,324.0
683492,49.30296774193541,11,0.9624217922817786,0.40799875906060257,260.0
683494,200.5244516129011,30,1.2887569399931527,0.4047412969682627,1200.0
683496,138.90496774193517,28,1.3006293691994206,0.40150984245326815,595.0
683498,210.5966451612875,26,1.235969315869651,0.3983041878711212,1200.0
683500,51.006645161290294,9,0.9682060141853556,0.39512412723515816,232.0
683502,174.59277419354885,30,1.2977569010846193,0.3919694562033127,705.0
683504,120.60387096774207,30,1.2547601441532108,0.3888399720649854,573.0
683506,182.4741290322582,30,1.360270142883027,0.38573547372801853,773.0
683508,144.54858064516085,24,1.3216085679041045,0.38265576170577403,639.0
683510,103.89735483870925,25,1.2023444672789367,0.37960063810431516,483.0
683512,201.43838709677425,28,1.3422290788677411,0.3765699066096903,867.0
683514,295.6224516128992,28,1.4322813138959682,0.3735633724753185,1200.0
683516,237.9469677419365,28,1.365429695699646,0.3705808425094756,980.0
683518,124.94619354838684,19,1.2564320467770262,0.36762212506287995,504.0
683520,307.68735483870967,27,1.3577269573858042,0.36468703001637787,1200.0
683522,150.16270967741917,12,1.3067500540040229,0.3617753687687271,527.0
683524,153.92890322580644,9,1.1874303810420814,0.3588869542244776,523.0
683325,54.10206451612909,5,0.8082711312044416,0.7968000000000001,342.0
683326,47.549096774193615,30,1.0726135690414518,0.7936128,616.0
683327,33.87709677419357,27,0.9183418944275298,0.7904383488,520.0
683329,95.444322580645,30,1.016062061922944,0.7841274890231809,863.0
683328,231.89838709677215,11,1.1106188038670008,0.7872765954048,1200.0
683331,71.07251612903225,31,1.0864763324807247,0.7778670151508198,902.0
683330,232.52006451612786,4,1.0565257517732325,0.7809909790670881,1200.0
683332,60.61806451612892,13,0.9601971194044089,0.7747555470902165,441.0
683333,179.1807096774185,9,0.9805085490941442,0.7716565249018555,1200.0
683334,43.027354838709705,5,0.9066102259511831,0.7685698988022481,235.0
683335,45.17619354838702,14,0.890915033556534,0.7654956192070391,319.0
683336,37.630387096774214,30,1.010014070578631,0.762433636730211,502.0
683337,99.86561290322554,22,1.0900883286429444,0.7593839021832902,806.0
683338,148.46619354838694,22,1.1084921994049888,0.756346366574557,1200.0
683340,20.715806451612885,5,0.74158556959467,0.7503076971838257,164.0
683339,125.91612903225885,26,1.11267203754144,0.7533209811082587,1200.0
683342,58.11941935483862,31,1.0132714408570247,0.7443172405295101,610.0
683341,77.9609677419355,29,1.0900717689498522,0.7473064663950905,605.0
683344,95.44374193548387,17,1.0107114079206863,0.7383746116811225,607.0
683343,71.78612903225816,30,1.0889708455214218,0.7413399715673921,583.0
683345,0.0,1,0.0,0.8,54.0
683346,77.43580645161279,19,1.0325746036315218,0.7324794287814603,514.0
683347,0.0,1,0.0,0.8,96.0
683348,150.7564516129034,22,1.0815427304524512,0.7266313130220692,1200.0
683349,187.71012903225795,29,1.102478089956237,0.723724787769981,1200.0
683350,124.74283870967626,30,1.1035125960425785,0.720829888618901,1200.0
683351,184.72935483871046,24,1.1342087455579664,0.7179465690644253,1200.0
683353,76.15032258064535,31,1.0953799339918087,0.712214483657015,797.0
683352,103.46006451612956,31,1.116776802421865,0.7150747827881676,1200.0
683355,122.00419354838687,29,1.1753085856860224,0.7065281632194974,1200.0
683354,192.26116129032178,11,1.1627503987102006,0.7093656257223869,1200.0
683357,127.04329032258097,29,1.1776201845774268,0.7008872423643528,1200.0
683356,134.3681935483873,29,1.120014827970026,0.7037020505666194,1200.0
683359,94.25574193548408,31,1.1565325034825722,0.6952913586213159,747.0
683358,110.42238709677414,27,1.1573471731409173,0.6980836933948955,1200.0
683361,80.99174193548382,29,1.1036118996552275,0.6897401524140833,700.0
683360,46.36122580645167,15,0.9633315451685616,0.6925101931868306,358.0
683362,61.94567741935482,29,0.8984002497693997,0.686981191804427,630.0
683363,243.5803870967746,9,1.1092448495926506,0.6842332670372092,1200.0
683365,12.73135483870968,2,0.41388960760967985,0.6787703486331842,152.0
683364,59.71387096774193,27,1.0742051477321704,0.6814963339690605,647.0
683367,91.39200000000028,25,1.1556670903003463,0.6733510461696968,671.0
683366,137.87735483870964,31,1.260966653713751,0.6760552672386515,1200.0
683369,123.94832258064602,31,1.2064185656445963,0.667975011417078,1200.0
683368,142.35787096774328,25,1.0720421539854235,0.6706576419850181,1200.0
683371,116.3486451612901,27,1.1535113763336737,0.6626418989259241,862.0
683373,0.0,1,0.0,0.8,172.0
683370,115.82800000000091,26,1.0648609731533545,0.6653031113714096,1200.0
683375,150.17290322580638,30,1.1922995597460446,0.6521030726987163,886.0
683372,43.98993548387103,31,1.0384199890185501,0.6599913313302204,528.0
683377,99.19735483870957,28,1.162876111373077,0.6468966817662898,678.0
683374,113.08832258064527,30,1.185560466820996,0.6547219605408798,684.0
683379,229.6704516129038,21,1.191716611822866,0.6417318586590677,1200.0
683376,140.59935483870973,28,1.151209478521184,0.6494946604079215,924.0
683381,42.70000000000004,8,0.9203621702293918,0.6366082714995337,262.0
683378,54.712387096774194,28,0.9946914617953871,0.6443090950392246,517.0
683383,66.81296774193548,30,1.137865700819313,0.6315255910598814,533.0
683380,106.81690322580648,29,1.121295606019973,0.6391649312244314,723.0
683385,57.45883870967733,29,1.0309706952309103,0.6264834907408594,444.0
683382,69.65303225806466,28,1.131328859543365,0.6340618384135356,522.0
683384,75.47690322580662,17,1.085981033560114,0.6289994886956419,433.0
683386,0.0,1,0.0,0.8,104.0
683387,186.76200000000014,30,1.2290612242093968,0.6214816465507843,1115.0
683388,53.46232258064521,28,0.9452759558437892,0.6189957199645812,582.0
683389,101.26354838709683,29,1.1961933108826763,0.6165197370847229,588.0
683390,42.23329032258066,26,1.0229560304670642,0.6140536581363839,443.0
683391,84.97296774193555,25,1.2254209592859207,0.6115974435038384,453.0
683392,51.97361290322583,11,0.8872988799735779,0.609151053729823,303.0
683393,149.37903225806446,31,1.208017317377841,0.6067144495149037,843.0
683394,0.0,1,0.0,0.8,1200.0
683396,43.96045161290326,3,0.9433818029417889,0.5994629595845768,202.0
683395,161.64909677419334,26,1.195937137420947,0.6018704413499768,1100.0
683398,140.12219354838686,23,1.131207816411672,0.5946768473152536,746.0
683397,92.72361290322601,27,1.1748846337350884,0.5970651077462386,625.0
683399,26.173483870967747,3,0.6507705850001878,0.5922981399259926,180.0
683400,80.14554838709668,26,1.1037265189940275,0.5899289473662885,634.0
683402,172.9436774193548,19,1.1132881333615217,0.5852189546505161,853.0
683404,0.0,1,0.0,0.8,64.0
683401,145.69948387096795,28,1.0716138788231067,0.5875692315768234,1200.0
683406,44.58393548387104,5,0.8333833155584535,0.575911482729518,257.0
683403,84.85412903225794,27,1.0488562111483546,0.5828780788319141,589.0
683408,139.2620645161292,29,1.1168740401177144,0.5713134054514055,831.0
683405,144.5930322580628,31,1.2530261395309863,0.57822438025052,1200.0
683407,25.11780645161289,5,0.8095171900521898,0.5736078367986,175.0
683410,216.53838709677493,27,1.1795488464078479,0.5667520392222815,974.0
683409,79.88754838709666,29,1.1339129377640158,0.5690281518295999,594.0
683411,65.59658064516118,25,1.09180172301602,0.5644850310653923,497.0
683412,345.7164516129021,5,1.0484827864052004,0.5622270909411308,1200.0
683414,0.0,1,0.0,0.8,84.0
683416,52.74329032258071,9,0.9532074732957206,0.5532852875005979,262.0
683413,94.55838709677415,30,1.0738831632899595,0.5599781825773662,643.0
683415,108.25941935483907,27,1.2027682072224979,0.5555073167676685,698.0
683418,280.2638709677417,10,1.0856659038502086,0.5488678577651931,1200.0
683420,21.2218064516129,7,0.6546657106048184,0.5444856967887958,153.0
683422,0.0,1,0.0,0.8,55.0
683417,178.29967741935363,24,1.181088276905642,0.5510721463505955,996.0
683419,107.31883870967722,31,1.1272318114516457,0.5466723863341323,700.0
683424,0.0,1,0.0,0.8,1200.0
683421,165.21677419354805,31,1.1827771148376418,0.5423077540016407,1059.0
683426,182.65754838709796,29,1.2088476844195961,0.531548021778884,1200.0
683423,176.8140645161289,24,1.1575544496400962,0.5379779688936915,814.0
683428,191.63703225806267,28,1.2046284921268267,0.5273041423730015,1200.0
683430,114.41967741935505,10,1.007316104692741,0.5230941461002954,528.0
683425,246.38864516128973,13,1.3247015835809812,0.5336827527900443,1200.0
683427,87.15019354838725,31,1.1432694297637018,0.5294218296917685,597.0
683432,200.15006451612962,27,1.15107009345363,0.5189177624378306,1200.0
683429,118.25645161290296,23,1.1928183233029834,0.5251949258035095,580.0
683434,88.4370322580646,27,1.179133960832043,0.514774723022527,529.0
683431,147.8069032258062,29,1.2664994523637294,0.5210017695158943,748.0
683433,47.8685161290323,6,0.9220656237604135,0.5168420913880793,226.0
683436,79.36232258064521,27,1.097294314273483,0.5106647616339152,538.0
683435,147.97774193548358,23,1.2183701687163635,0.5127156241304369,693.0
683438,171.40264516129054,28,1.2413575643091466,0.50658761417703,852.0
683440,99.28922580645188,28,1.1530355256098925,0.5025430186654406,636.0
683437,186.0459354838721,25,1.3208979328859642,0.5086221025873795,1200.0
683442,107.2309032258066,14,1.0945983679888998,0.49853071520441566,461.0
683439,48.620903225806444,19,1.0582103559816318,0.5045612637203218,322.0
683444,200.84638709677384,29,1.2850284020998013,0.4945504459742236,1200.0
683441,221.2198709677411,24,1.3008057505649584,0.5005328465907788,1079.0
683443,154.57464516129076,29,1.2046163365090432,0.49653659234359804,782.0
683445,61.67187096774197,6,0.7529185202712398,0.49257224419032675,336.0
683447,167.0513548387099,27,1.2703297094718355,0.48863954739271115,770.0
683449,114.00174193548402,29,1.1644065848441205,0.4847382492463277,677.0
683451,27.214967741935457,3,0.6608317140225985,0.4808680990643451,158.0
683453,129.87019354838688,28,1.1870950667967042,0.47702884816141533,705.0
683455,234.5192258064505,29,1.2986018912574886,0.4732202498376946,1200.0
683457,152.44174193548352,28,1.195065457152724,0.46944205936299044,733.0
683459,102.73135483870996,30,1.2477951260470959,0.46569403396103626,646.0
683461,165.17606451612974,31,1.1136856167604767,0.4619759327938914,1200.0
683463,96.94270967741963,11,1.0970258016093788,0.4582875169464649,403.0
683465,191.5835483870968,27,1.2932059752864564,0.4546285494111644,838.0
683467,257.97729032258314,23,1.3234704239058959,0.45099879507266566,1200.0
683469,240.3818064516111,25,1.3676110446759693,0.44739802069280543,1200.0
683471,104.00741935483877,28,1.285175751488082,0.4438259948955941,474.0
683473,141.74393548387093,23,1.2285151934970513,0.44028248815234766,662.0
683475,144.77219354838746,30,1.2947395230886611,0.43676727276693933,808.0
683477,125.26909677419357,12,1.1846844065253372,0.43328012286116807,461.0
683479,106.47270967741903,29,1.192158243470157,0.42982081436024455,612.0
683481,291.44800000000197,24,1.301940692719678,0.4263891249783924,1200.0
683483,63.31129032258058,5,0.9083044642354827,0.42298483420456484,278.0
683485,95.42412903225822,16,1.1910260454224644,0.41960772328827556,430.0
683487,87.58109677419382,19,1.095497102012768,0.416257575225542,404.0
683489,43.04548387096771,4,0.9128419879323821,0.4129341747449413,206.0
683491,285.5847096774175,25,1.4109248327965573,0.40963730829377765,1200.0
683493,302.11870967741413,10,1.0722425772967332,0.4063667640243601,1200.0
683495,123.62883870967758,29,1.2965714735213918,0.4031223317803896,631.0
683497,173.70780645161287,29,1.3022383245907547,0.39990380308345497,795.0
683499,152.5701935483865,24,1.2749016332748753,0.3967109711196367,720.0
683501,76.18232258064522,27,1.23436876975852,0.3935436307262175,453.0
683503,255.47503225806358,28,1.301085900643704,0.39040157837849937,969.0
683505,67.76580645161292,27,1.179928008534687,0.3872846121767255,473.0
683507,92.86090322580641,30,1.2023187295308593,0.3841925318331065,493.0
683509,287.7252903225812,18,1.218921223859075,0.3811251386589509,1200.0
683511,180.97264516129084,21,1.2715781991137052,0.3780822355518979,685.0
683513,0.0,1,0.0,0.8,1200.0
683515,203.41941935483885,28,1.355951281787774,0.3720691189854173,849.0
683517,307.0232258064509,21,1.2485634102065006,0.36909851913943764,1200.0
683519,245.31329032258108,28,1.3391955940639138,0.3661516365626284,994.0
683521,166.74399999999946,23,1.3103299714606116,0.3632282818963124,722.0
683523,43.120709677419306,8,0.7532416066434636,0.3603282672936522,248.0
683525,29.37677419354841,4,0.951786851375476,0.3574514064075797,137.0
683527,170.58219354838653,28,1.4221143495525734,0.3545975143788216,675.0
683529,28.528903225806427,4,0.7997768729311946,0.351766407824021,152.0
683531,253.0502580645119,29,1.2598224632049215,0.34895790482395406,1200.0
683533,197.88541935483832,26,1.2442351107146798,0.3461718249118396,804.0
683535,123.8721935483865,7,1.041615380800365,0.34340798906174347,441.0
683537,132.82129032258098,16,1.312840190613416,0.3406662196770745,533.0
683539,122.07141935483838,20,1.3238902859995745,0.3379463405791727,464.0
683541,225.38987096774193,20,1.250539908568246,0.33524817699598863,827.0
683543,340.8508387096748,13,1.505957488636089,0.33257155555085266,1200.0
683545,0.0,1,0.0,0.8,1200.0
683547,174.7972903225807,30,1.2567258786228457,0.327282252478192,726.0
683549,103.7808387096773,28,1.1552532982784258,0.32466923097440614,531.0
683551,127.63535483870935,29,1.2622622747632677,0.32207707183430645,563.0
683553,115.34741935483879,23,1.3475696901937497,0.31950560849278137,474.0
683555,106.7821290322578,18,1.2677168187900005,0.316954675714575,429.0
683557,205.2576774193543,30,1.36355179092974,0.3144241095836698,764.0
683559,316.0741935483854,25,1.5271601035538058,0.3119137474927538,1200.0
683561,178.38999999999942,31,1.2870448153154574,0.3094234281327717,768.0
683563,207.02870967741922,31,1.3118729525269188,0.3069529914825596,893.0
683565,355.9993548387113,25,1.5422024424438938,0.30450227879856284,1200.0
683567,189.49187096774145,30,1.3438532784185289,0.3020711326046351,804.0
683569,105.11903225806444,26,1.3251725277772402,0.29965939668191965,475.0
683571,188.32670967742027,23,1.3653866185369867,0.2972669160588112,717.0
683573,37.7942580645161,4,0.9403462474934488,0.2948935370009977,150.0
683575,108.69148387096772,26,1.3141637046469663,0.2925391070015817,477.0
683577,205.98838709677418,24,1.31756401577313,0.2902034747712811,761.0
683579,394.6305161290325,9,1.3080294782748756,0.2878864902287072,1200.0
683581,163.68238709677345,25,1.3075923722383038,0.2855880044907212,649.0
683583,210.18729032258193,20,1.3077224787298827,0.28330786986286727,723.0
683585,185.86245161290333,25,1.3055551210413079,0.28104593982988213,755.0
683587,173.05832258064515,29,1.3257560265399082,0.27880206904628035,701.0
683589,105.35193548387082,13,1.2939972713441616,0.2765761133270148,351.0
683591,32.391612903225806,30,1.0090290646317155,0.27436792963821194,368.0
683593,369.33716129032354,23,1.453507741315582,0.2721773760879805,1200.0
683595,27.888387096774185,4,0.8197274536193723,0.27000431191729407,135.0
683597,114.3074838709679,31,1.3039791293514549,0.26784859749094636,506.0
683599,118.39445161290296,26,1.3539112095148123,0.2657100942885786,462.0
683601,250.8574838709675,27,1.4112865530109193,0.2635886648957786,909.0
683603,345.03167741936034,25,1.6003969426440252,0.26148417299525073,1200.0
683605,323.0279354838699,15,1.1451285656005377,0.2593964833580566,1200.0
683607,364.5982580645198,24,1.56147771764465,0.2573254618349259,1200.0
683609,263.91206451613124,30,1.3956533970351448,0.2552709753476358,1200.0
683611,363.1328387096723,24,1.4813093900732255,0.25323289188046033,1200.0
683613,0.0,1,0.0,0.8,1200.0
683615,395.7317419354847,4,1.2474999968379419,0.2492054112052008,1200.0
683617,0.0,1,0.0,0.8,70.0
683619,165.26922580645146,26,1.3969334871369894,0.24524198461260457,649.0
683621,373.9256774193583,20,1.489240769860186,0.24328397260745757,1200.0
683623,200.6941935483866,24,1.3251151972355208,0.24134159337015962,688.0
683625,63.34083870967735,4,1.2032407944364905,0.23941472208869224,207.0
683627,212.75283870967755,31,1.4016246461088546,0.2375032349475361,789.0
683629,262.2545806451618,29,1.3630262165512945,0.235607009119715,988.0
683631,130.25929032258028,26,1.3251521030465239,0.23372592275890322,514.0
683633,86.05161290322573,29,1.358263483520669,0.23185985499159611,353.0
683635,136.40825806451647,12,1.2795696208790703,0.2300086859093432,451.0
683637,39.36309677419356,2,0.9791705833782496,0.22817229656104301,168.0
683639,134.27051612903264,18,1.3709617434759511,0.22635056894529965,497.0
683641,97.64929032258101,30,1.3720130534272938,0.22454338600284035,504.0
683643,30.62232258064516,2,0.9917737176447968,0.2227506316089937,130.0
683645,180.84038709677475,20,1.4153132306751806,0.22097219056622747,609.0
683647,223.781032258065,27,1.4766787470928573,0.21920794859674675,837.0
683649,72.25967741935496,6,1.1334928307058287,0.2174577923351503,251.0
683651,131.19529032258035,31,1.3599782674442333,0.21572160932114645,555.0
683653,369.4425161290357,26,1.5177589561296931,0.2139992879923264,1200.0
683655,0.0,2,0.0,0.8,118.0
683657,357.7735483870974,25,1.5865769218255374,0.21059578858706254,1200.0
683659,0.0,1,0.0,0.8,56.0
683661,331.83051612903404,28,1.4552266264569478,0.20724641930676457,1200.0
683663,209.7269677419353,29,1.4063077824781443,0.20559176389501932,802.0
683665,215.44445161290272,29,1.3555270218063868,0.20395031925208149,765.0
683667,230.43374193548215,26,1.3879734388812097,0.2023219799031729,786.0
683669,391.8762580645128,16,1.3871987007317017,0.20070664121562595,1200.0
683671,172.45612903225776,27,1.3698887868447183,0.1991041993921604,642.0
683673,360.6512258064577,15,1.194809834045919,0.19751455146421337,1200.0
683675,138.38329032258108,30,1.3681558340875635,0.1959375952853231,539.0
683677,255.90296774193558,30,1.5337154632146062,0.19437322952456507,925.0
683679,160.96883870967756,29,1.3061188321495347,0.19282135366004094,663.0
683681,161.47212903225812,30,1.403429154822305,0.1912818679724192,615.0
683683,0.0,1,0.0,0.8,1200.0
683685,363.51412903225605,29,1.4756918607680507,0.18823967222499577,1200.0
683687,76.04729032258042,9,1.1902229659571586,0.1867367666819514,263.0
683689,343.0221290322574,17,1.2780716278550652,0.1852458603367627,1200.0
683691,0.0,1,0.0,0.8,71.0
683693,33.09554838709679,5,0.7898317012552487,0.18229966279844953,145.0
683695,126.1780000000005,26,1.4298312666946464,0.1808441822906667,439.0
683697,390.07625806451773,17,1.5018297465014645,0.179400322339258,1200.0
683699,228.11451612903141,29,1.3232227498765115,0.1779679901657014,799.0
683701,49.19619354838709,9,1.00114449761809,0.17654709373221844,217.0
683703,118.70800000000006,22,1.256129831574329,0.17513754173586038,488.0
683705,315.72122580645214,30,1.4118304707235585,0.17373924360264126,1200.0
683707,375.8136129032248,25,1.668757986313512,0.17235210948171778,1200.0
683709,28.5764516129032,3,0.6597300421238425,0.17097605023961576,149.0
683711,272.9063870967756,30,1.456330066737361,0.16961097745450265,862.0
683713,380.7888387096795,21,1.5809426264881687,0.16825680341050592,1200.0
683715,71.12238709677409,30,1.1968784511280648,0.16691344109207643,397.0
683717,205.13503225806616,26,1.4098558958369574,0.1655808041783973,698.0
683719,139.6895483870966,20,1.424106350034856,0.16425880703783696,462.0
683721,268.51954838709565,30,1.4413366023625933,0.16294736472244686,962.0
683723,327.55716129032,29,1.4578525261383355,0.16164639296250286,1200.0
683725,25.759096774193566,2,0.9903207075379769,0.16035580816109024,115.0
683727,358.37890322579875,24,1.6591831820625804,0.1590755273887321,1200.0
683729,376.43612903226096,15,1.2708708381704918,0.15780546837806045,1200.0
683731,267.6120645161283,26,1.5011033424004905,0.15654554951853,896.0
683733,257.4069677419351,31,1.355696727333069,0.15529568985117406,872.0
683735,396.1727741935508,17,1.359250993684313,0.1540558090634023,1200.0
683737,194.28593548387116,29,1.3679839409650991,0.1528258274838401,640.0
683739,222.07432258064574,31,1.4435744548393694,0.1516056660772091,734.0
683741,164.8623225806447,11,1.2329660955717985,0.15039524643924868,506.0
683743,0.0,1,0.0,0.8,1200.0
683745,230.6307741935487,30,1.4593134103830432,0.14800332197719696,767.0
683747,283.7339354838711,31,1.5094070439197382,0.14682166345453102,925.0
683749,30.356129032258032,3,0.6993286536446731,0.14564943929351,149.0
683751,59.139290322580685,6,1.0056613853248195,0.14448657417019065,212.0
683753,245.08277419354835,28,1.5357039110048585,0.14333299336201585,808.0
683755,213.92877419354843,30,1.4049044078353812,0.1421886227430135,762.0
683757,172.6585806451618,15,1.3711410229891312,0.14105338877903328,549.0
683759,210.81967741935557,26,1.4206065050192054,0.13992721852302148,730.0
683761,342.0970322580611,24,1.4872002423179929,0.13881003961033367,1200.0
683763,21.65038709677419,2,0.8760357512294382,0.13770178025408478,110.0
683765,342.78045161290015,30,1.522114830039638,0.13660236924053615,1138.0
683767,37.24141935483868,4,0.8768417229738054,0.1355117359245197,170.0
683769,188.97774193548426,19,1.4075392810255323,0.13442981022489836,585.0
683771,155.20161290322582,16,1.3303840909008098,0.13335652262006276,510.0
683773,236.53296774193467,23,1.3160443536965962,0.13229180414346417,773.0
683775,300.539161290322,30,1.4879582374487892,0.13123558637918276,938.0
683777,228.54199999999932,29,1.4804491772763007,0.13018780145753137,756.0
683779,152.25890322580682,22,1.3853187826323443,0.12914838205069443,510.0
683781,266.7972903225785,29,1.5190675450249167,0.1281172613684017,956.0
683783,255.32167741935544,16,1.3885772002390209,0.12709437315363636,736.0
683785,55.093419354838666,4,0.9838342631056137,0.12607965167837773,211.0
683787,199.5718709677429,29,1.4437645021239882,0.12507303173937756,677.0
683789,165.4847096774193,30,1.4910639277554616,0.12407444865397038,601.0
683791,166.8292258064511,15,1.2933192502517352,0.12308383825591707,541.0
683793,354.5803225806416,26,1.563052352914496,0.12210113689128184,1200.0
683795,149.18658064516114,26,1.4228194943809598,0.12112628141434184,541.0
683797,383.7249677419385,28,1.5343404761908606,0.12015920918352972,1200.0
683799,228.57077419354852,27,1.5241988312461145,0.11919985805740843,759.0
683801,369.0052258064477,19,1.442261651493556,0.11824816639067809,1200.0
683803,400.76077419354687,29,1.4233063962178467,0.11730407303021491,1200.0
683805,262.1768387096773,27,1.523235958457659,0.11636751731114166,791.0
683807,179.004580645162,6,1.194518819589217,0.1154384390529295,511.0
683809,0.0,1,0.0,0.8,62.0
683811,55.96916129032256,4,1.2171978573959865,0.11360247659554357,180.0
683813,37.90587096774199,4,1.0835166912523992,0.11269547442240474,130.0
683815,401.24303225807523,24,1.5763647034762667,0.11179571375461626,1200.0
683817,175.82232258064505,25,1.4476442216779506,0.11090313677599939,571.0
683819,129.01683870967761,11,1.2567544300188151,0.11001768613197982,436.0
683821,104.84993548387085,26,1.432768930216055,0.1091393049259021,398.0
683823,177.51348387096823,27,1.3481855287436404,0.1082679367153737,608.0
683825,92.55806451612882,27,1.3120356919985356,0.10740352550863815,403.0
1706277998,30.66845161290321,8,0.787514923116838,0.7968000000000001,246.0
1706442772,100.49806451612874,9,1.2047004608295186,0.7968000000000001,310.0
1707198487,112.02129032258082,16,1.4258285714285714,0.7968000000000001,375.0
1708092630,0.0,31,0.0,0.8,607.0
