683325,336.3172444444447,22,15.741397314806141,0.813439645625692,0.8,645.0
683326,-3.8536666666666632,2,28.074196774688787,0.09108604845448025,0.8,114.0
683327,306.22157777777744,23,13.578632781392466,0.9385057757832631,0.8,573.0
683328,368.00446666666727,26,13.912704304709187,0.922725573745983,0.8,637.0
683329,42.428266666666644,6,25.585815578649328,0.23135281385281517,0.8,176.0
683330,599.9921111111111,23,13.892322166906652,0.934037472273333,0.8,1009.0
683331,166.48631111111163,18,17.950218100646122,0.67764058387174,0.8,398.0
683332,214.83148888888866,15,19.785757647171963,0.5854171142141062,0.8,532.0
683333,182.3712222222218,19,18.010703505488245,0.6809600614439321,0.8,496.0
683334,319.3450666666671,19,17.19911332137809,0.7349413388543838,0.8,690.0
683335,241.59844444444406,18,18.469373214152313,0.6595499738356868,0.8,546.0
683336,290.9478666666666,22,15.511585505635317,0.8302507151270404,0.8,566.0
683337,357.2690444444428,27,12.519767383152285,0.9983769282360839,0.8,568.0
683338,192.53226666666626,16,18.262430404947153,0.6680579328505579,0.8,434.0
683339,452.12357777777953,23,15.92355148474301,0.8177976190476194,0.8,864.0
683340,719.8473777777609,21,11.758015180584302,1.069449999999995,0.8,1200.0
683341,332.1569111111115,25,16.386362758194906,0.7766135993773187,0.8,673.0
683342,90.22162222222227,9,23.79546210323405,0.3446767077438225,0.8,313.0
683343,292.03586666666706,27,11.52059297467504,1.04428354978355,0.8,440.0
683344,-1.548466666666668,1,28.532258064516128,0.05551459293396296,0.8,62.0
683345,357.9368222222211,20,16.92075293028395,0.7469270398217753,0.8,684.0
683346,196.35222222222203,16,20.268406367638804,0.5499819624819614,0.8,528.0
683347,-1.8039333333333356,1,28.585714285714285,0.056027210884354174,0.8,70.0
683348,188.129466666666,19,18.953462044908026,0.6253657248481704,0.8,541.0
683349,105.05931111111123,13,19.514150233499564,0.5855264010366054,0.8,294.0
683350,454.9757777777776,24,14.594745691508573,0.8920331465919711,0.8,816.0
683351,332.48186666666663,18,19.966032538386248,0.5798959778085988,0.8,824.0
683352,66.82537777777777,7,25.051755453586182,0.26896086369770594,0.8,247.0
683353,470.53580000000045,27,11.848864837537727,1.0437806199869941,0.8,659.0
683354,463.7654000000032,9,21.42589510636758,0.5073476190476207,0.8,1200.0
683355,547.0646666666661,26,14.653290255155419,0.8920899470899464,0.8,936.0
683356,259.4198888888889,23,15.754328995026563,0.8115493958777538,0.8,536.0
683357,251.10062222222263,26,14.502795169562267,0.8677018633540377,0.8,460.0
683358,134.500533333333,18,16.45194866026841,0.7602655122655128,0.8,330.0
683359,159.82413333333312,14,21.540978706655693,0.47814088598402354,0.8,459.0
683360,175.56535555555553,14,20.99261195178046,0.5143619791666665,0.8,512.0
683361,475.5699111111116,23,15.22517493413997,0.8556664441477532,0.8,856.0
683362,936.3541999999798,26,9.5071049117535,1.201857936507914,0.8,1200.0
683363,437.6878888888885,27,13.620389265503857,0.9432601249244636,0.8,709.0
683364,141.6260666666664,16,18.28165544132887,0.6524055829228248,0.8,348.0
683365,373.5318888888894,24,14.165688587467486,0.9099495067194903,0.8,613.0
683366,597.855355555554,29,13.311041921736113,0.9682016320628034,0.8,922.0
683367,253.7577555555549,22,14.155907426258839,0.8998917293233087,0.8,475.0
683368,497.86262222222047,23,15.045036703440344,0.8694768457841642,0.8,872.0
683369,176.77206666666646,21,15.277787727186958,0.826811594202899,0.8,368.0
683370,328.32275555555736,24,14.942733965416982,0.8671941830624461,0.8,668.0
683371,512.9023999999971,24,12.606160098480792,1.0155236996759498,0.8,867.0
683372,387.0437777777806,20,15.75180832583583,0.8286783804431193,0.8,748.0
683373,384.0251333333331,20,14.96189234360331,0.8741086691086724,0.8,780.0
683374,236.30928888888823,19,16.939180326593455,0.7278919860627168,0.8,492.0
683375,222.7591333333335,19,15.266532947247407,0.8145396825396818,0.8,450.0
683376,566.7729333333361,26,10.768165969206388,1.1140372670807444,0.8,828.0
683377,391.32242222222084,25,12.35411686251309,1.0034915489696674,0.8,617.0
683378,266.63675555555477,25,12.284315794724305,1.0034852656265942,0.8,467.0
683379,197.23908888888838,21,14.806308639829385,0.850348258706467,0.8,402.0
683380,261.5094666666663,24,11.126576582113698,1.0695503315250152,0.8,395.0
683381,124.63142222222247,14,19.59289861217109,0.5642774566473994,0.8,346.0
683382,269.46006666666733,21,15.997840907255808,0.7722122838401968,0.8,559.0
683383,233.61273333333355,21,15.948860365366459,0.7782113821138209,0.8,492.0
683384,228.52604444444455,16,17.048470587760683,0.7300697103583691,0.8,485.0
683385,350.4836222222216,27,11.618651431401933,1.0434101382488483,0.8,496.0
683386,477.77188888888753,21,16.12167178480172,0.7909084628669941,0.8,965.0
683387,532.0378222222221,26,12.449097107787122,1.0109033453198204,0.8,874.0
683388,168.30826666666658,23,13.998810346145225,0.8778536720810766,0.8,343.0
683389,183.6729999999991,16,17.972382882706842,0.6636784836784418,0.8,407.0
683390,179.88068888888887,21,14.78087805549776,0.8455640373197197,0.8,393.0
683391,197.4567777777772,19,17.054090696271828,0.7182768451061132,0.8,451.0
683392,416.0749555555541,28,12.777615574491588,0.982212166918049,0.8,663.0
683393,755.8294444444607,21,12.189915854057615,1.0398777777777723,0.8,1200.0
683394,308.8850000000005,24,13.887273032628308,0.9052836273951814,0.8,502.0
683395,411.26915555555405,27,12.038555996570892,1.0259704541882768,0.8,606.0
683396,-4.806400000000003,2,27.274736842105213,0.11919799498746866,0.8,95.0
683397,209.13686666666595,18,16.361411249237708,0.7537957365574279,0.8,449.0
683398,169.28728888888824,22,14.505474095987868,0.8565596575709626,0.8,356.0
683399,275.3475555555555,25,12.658616495644283,0.977699134199134,0.8,440.0
683400,256.327644444444,21,16.155800542623723,0.7840407673860915,0.8,556.0
683401,331.34495555555424,25,13.844062237529712,0.9156812505035852,0.8,591.0
683402,60.06495555555565,10,22.27920964437571,0.40704096485755814,0.8,229.0
683403,351.1403777777783,28,10.750859715791288,1.088635778635776,0.8,518.0
683404,418.56508888888584,24,14.591383043339993,0.8879952815546028,0.8,767.0
683405,418.4135111111118,26,10.997218272475756,1.0929671565084795,0.8,593.0
683406,212.12377777777832,21,14.369755973259485,0.8687286821705429,0.8,430.0
683407,552.230444444445,26,11.300948656124378,1.0823364763090775,0.8,803.0
683408,86.17342222222194,14,18.96688602949939,0.6042585551330798,0.8,263.0
683409,230.69811111111125,26,10.45012280018941,1.095111649179447,0.8,354.0
683410,142.68133333333307,17,18.483276423344474,0.6397512250282699,0.8,379.0
683411,318.3926222222232,23,12.838012700021721,0.9721274811294377,0.8,511.0
683412,206.33404444444434,25,11.393276168845519,1.0370437051532946,0.8,365.0
683413,286.0885111111111,26,11.483863277311874,1.038369472789116,0.8,448.0
683414,310.4680444444452,21,15.866325452935623,0.7925666666666659,0.8,600.0
683415,425.82362222222025,26,9.95191275468162,1.151949023199022,0.8,624.0
683416,158.54582222222237,17,18.45105950046661,0.6370962859471418,0.8,409.0
683417,153.73671111111096,21,15.349475261052186,0.8026783968719449,0.8,341.0
683418,276.0548888888901,19,16.31550125679156,0.7668626033887421,0.8,593.0
683419,851.2606000000145,23,8.92523226681897,1.228147619047647,0.8,1200.0
683420,148.4026222222223,19,17.096936830109282,0.7090004960317464,0.8,384.0
683421,157.85233333333355,22,15.663305445971357,0.7899765355417546,0.8,345.0
683422,432.64788888889007,25,9.760021260124661,1.154588010859196,0.8,649.0
683423,175.8270666666665,21,15.695998302715394,0.7947605633802818,0.8,355.0
683424,507.81700000000103,29,8.9932179399923,1.2072073639196936,0.8,657.0
683425,947.527266666676,24,7.962789509264485,1.3016325396825723,0.8,1200.0
683426,185.39040000000074,22,12.74856549691501,0.9455019305019298,0.8,296.0
683427,278.02526666666756,19,14.243259111039794,0.876959406713504,0.8,488.0
683428,983.4420222222374,23,9.338705185838256,1.2088920634920903,0.8,1200.0
683429,359.79224444444554,25,13.066320469689362,0.951170021273114,0.8,582.0
683430,183.87886666666623,20,15.069975985563065,0.8116228790366713,0.8,348.0
683431,279.4325111111108,26,10.150060098728032,1.1120130895960278,0.8,422.0
683432,288.8864666666665,22,13.44465789155151,0.9249841269841274,0.8,510.0
683433,284.63913333333386,26,8.653023760826104,1.1988784803538914,0.8,366.0
683434,325.25542222222185,25,10.297312944769741,1.1070751064653508,0.8,492.0
683435,183.48615555555511,23,11.85162495464793,1.0054412905227241,0.8,307.0
683436,195.59782222222248,23,12.897322565300039,0.9464756671899536,0.8,364.0
683437,143.37333333333308,18,15.418116492815084,0.7953385060094326,0.8,313.0
683438,426.42488888888994,27,11.051065816954464,1.0739630582183775,0.8,611.0
683439,639.5073777777602,17,13.370262979908702,0.9607658730158601,0.8,1200.0
683440,243.9182444444455,25,9.147007565883577,1.1571906166595927,0.8,339.0
683441,312.4118000000002,22,11.357454633423378,1.0359538721542902,0.8,479.0
683442,264.2068,17,15.794641409086953,0.7952849041317835,0.8,529.0
683443,396.8414888888901,27,8.121515570082604,1.2490660459703231,0.8,491.0
683444,215.9876888888888,23,12.15242632967064,0.9929255774165959,0.8,334.0
683445,256.79062222222257,23,11.551713901436194,1.0482909173170467,0.8,421.0
683446,190.17944444444439,20,14.554723620426511,0.8348423690805976,0.8,361.0
683447,269.2419555555546,21,12.936751735292642,0.9634920634920628,0.8,441.0
683448,360.17148888888863,26,8.996482329516382,1.1967808289622521,0.8,463.0
683449,194.62866666666747,20,13.85339540249489,0.8984162355750094,0.8,359.0
683450,122.00959999999993,21,14.090556615997667,0.8546130952380964,0.8,224.0
683451,778.371377777787,23,8.166609233746135,1.2667642857143169,0.8,1200.0
683452,343.9437111111089,21,13.544736450215723,0.9415183867141163,0.8,562.0
683453,265.29675555555485,24,11.104019781111868,1.0565883062085604,0.8,395.0
683454,529.1493111111121,28,8.317423410649738,1.2504102564102542,0.8,650.0
683455,236.81106666666707,22,13.385368116105138,0.9138587021710864,0.8,397.0
683456,1247.6698666666841,28,3.956934355050979,1.5367333333333473,0.8,1200.0
683457,273.83795555555537,25,9.306315292646595,1.1579260994015097,0.8,366.0
683458,247.21593333333328,24,11.201869504536933,1.0432649228705564,0.8,355.0
683459,452.4589555555566,28,9.344907350314866,1.180796857463524,0.8,594.0
683460,231.9849333333328,19,15.534387176372645,0.8061354912335299,0.8,459.0
683461,275.9468666666666,23,12.351270281513672,0.973870573870574,0.8,429.0
683462,406.8513777777793,24,10.97220970465989,1.0906136145733456,0.8,596.0
683463,146.0000222222221,20,13.99202388062843,0.868429437229436,0.8,275.0
683464,349.95711111111206,28,7.328002407659861,1.279968774395004,0.8,427.0
683465,465.6780444444454,24,11.77856005771064,1.044187633262261,0.8,670.0
683466,103.135622222222,15,17.817291837937702,0.640994604738364,0.8,203.0
683467,167.42331111111122,21,14.232343503846982,0.8509446254071712,0.8,307.0
683468,136.31726666666637,14,17.621335830476394,0.6697354497354502,0.8,315.0
683469,320.5046222222228,26,10.26932241379008,1.113142051746703,0.8,473.0
683470,202.32739999999978,16,17.900142448573884,0.6695330335524035,0.8,413.0
683471,175.3376000000001,15,17.50812951329573,0.678757648310721,0.8,358.0
683472,210.63906666666605,24,12.107555295275374,0.9791055145463196,0.8,329.0
683473,94.1992000000002,13,19.077161784763415,0.5641844430079186,0.8,221.0
683474,200.4486666666662,24,9.374814261608886,1.1314220032840723,0.8,290.0
683475,495.46540000000215,29,7.490878738571135,1.2750224321133419,0.8,605.0
683476,228.6672222222225,27,7.977264037875796,1.2216548014554671,0.8,301.0
683477,329.8618666666661,24,9.131058804723224,1.1694194390084804,0.8,438.0
683478,175.69220000000013,23,10.295028950700894,1.087848453249913,0.8,274.0
683479,367.1486888888893,28,7.036997036585106,1.3034277414669548,0.8,459.0
683480,179.65482222222155,25,8.195918875175987,1.2049840015057423,0.8,253.0
683481,178.5551333333329,22,11.292189619473762,1.0219578563132568,0.8,287.0
683482,705.216355555559,27,8.961922122466552,1.1977760755776816,0.8,1119.0
683483,133.87915555555566,18,13.527735355780182,0.8698804624730092,0.8,243.0
683484,290.2215999999998,22,11.17523824775984,1.056742939600082,0.8,462.0
683485,311.8151555555565,24,10.35407140652347,1.0999699248120318,0.8,475.0
683486,223.74824444444528,25,9.409447092604092,1.1412166253784748,0.8,346.0
683487,227.24375555555534,28,7.847772101194589,1.2206444444444446,0.8,300.0
683488,227.74179999999936,24,10.096211302414384,1.0901336675020878,0.8,342.0
683489,104.79295555555555,19,13.634159878457686,0.8728719576719574,0.8,225.0
683490,206.8524666666663,24,9.694961974853301,1.1143494085532293,0.8,314.0
683491,199.96546666666663,24,9.250036948595364,1.1399731723676263,0.8,284.0
683492,168.2222888888883,24,9.067597739306066,1.1545399084900863,0.8,281.0
683493,348.9499111111117,29,7.212512971036678,1.2868113039608373,0.8,428.0
683494,152.80131111111055,19,13.587509663773881,0.8644466800804783,0.8,284.0
683495,178.9972666666668,24,9.795996721902023,1.1008211341073535,0.8,283.0
683496,1122.9078444444588,26,4.977448105534143,1.4645690476190116,0.8,1200.0
683497,137.05297777777778,21,11.670834527117014,0.9838818565400828,0.8,237.0
683498,937.8850888889016,22,8.328103378367313,1.2587960317460274,0.8,1200.0
683499,338.36451111111336,27,8.440725954190293,1.224644945697632,0.8,456.0
683500,356.2721777777785,27,7.303265364882544,1.2859173814453646,0.8,483.0
683501,269.62897777777886,23,9.74728051381441,1.1439515240543525,0.8,389.0
683502,368.4401555555556,28,7.551624029800455,1.2645681655960068,0.8,467.0
683503,293.8201555555559,26,8.638236853679294,1.183994346597086,0.8,438.0
683504,1114.6956222222227,25,5.782593170606917,1.3995396825396824,0.8,1200.0
683505,263.55040000000105,24,9.352336165184509,1.1468536975513717,0.8,387.0
683506,314.09419999999864,29,5.635846029136362,1.3736998322364184,0.8,369.0
683507,245.11873333333327,25,9.296124595614147,1.1449051598355218,0.8,359.0
683508,136.8099111111111,13,16.96576322994869,0.6798022212079718,0.8,313.0
683509,209.72702222222136,22,10.665063022842999,1.0636305528922978,0.8,298.0
683510,304.13217777777874,27,7.032998987932683,1.3016047994000761,0.8,381.0
683511,147.65433333333308,18,13.198782936989952,0.9112991913745995,0.8,265.0
683512,171.4701333333334,27,7.958782532832517,1.2012217017954734,0.8,244.0
683513,246.65766666666713,27,8.703624197171752,1.1822834193918537,0.8,332.0
683514,299.0011333333352,26,7.173235988056598,1.2806132756132336,0.8,396.0
683515,227.02488888888928,26,8.642780258740892,1.167202200028948,0.8,329.0
683516,247.5846666666666,24,10.018573107908376,1.0908308004052683,0.8,376.0
683517,298.76475555555515,22,10.187675511954158,1.1038803986710575,0.8,430.0
683518,380.45980000000134,26,8.146950181534175,1.2284632034631975,0.8,484.0
683519,112.27055555555529,17,14.074710384514669,0.8514446453686246,0.8,237.0
683520,164.10904444444478,22,10.97078504122835,1.0326960523986544,0.8,269.0
683521,196.01659999999958,28,7.506193250873698,1.2363383838383843,0.8,264.0
683522,412.254422222221,26,9.262338023400314,1.175571835571832,0.8,585.0
683523,298.9336666666674,26,8.380762559854313,1.2052699931647302,0.8,418.0
683524,82.73788888888873,11,20.229825156959546,0.5375103112110977,0.8,254.0
683525,185.65731111111134,13,20.239765457402385,0.5566562529584066,0.8,503.0
683526,85.3756888888887,10,21.893194843720604,0.45438867438867225,0.8,296.0
683527,-37.93739999999989,1,28.975833333333334,0.05976825396825498,0.8,1200.0
683528,259.30304444444414,25,15.202536883124905,0.8320202874049032,0.8,507.0
683529,47.20591111111117,5,26.4588129733821,0.19014223871366698,0.8,231.0
683530,320.3437777777775,18,18.232206824272456,0.6833472499546208,0.8,787.0
683531,285.9097555555549,21,14.834816107838552,0.8681941747572808,0.8,515.0
683532,343.455600000002,24,14.534877801505568,0.891036734693877,0.8,700.0
683533,372.13559999999944,26,14.230129273288464,0.8974266093125043,0.8,631.0
683534,123.48099999999987,11,22.45458942441578,0.4245554265066458,0.8,369.0
683535,48.962888888888884,6,25.81071938765385,0.22090403674165363,0.8,197.0
683536,140.7211111111118,12,21.00443319578423,0.5102466422466417,0.8,390.0
683537,359.0566666666692,21,14.897446977345501,0.8700106157112525,0.8,628.0
683538,270.69311111111176,20,16.98455475676374,0.7487148962148956,0.8,624.0
683539,947.9866444444338,24,8.531215624726435,1.267188095238127,0.8,1200.0
683540,129.91604444444442,19,16.91661584669835,0.7140984126984127,0.8,300.0
683541,-1.603533333333336,1,28.546875,0.055654761904768126,0.8,64.0
683542,701.053577777777,24,14.367651354752178,0.9167214285714353,0.8,1200.0
683543,57.558533333333166,8,23.75361966752676,0.34192132505176,0.8,230.0
683544,220.61397777777813,22,16.567358062811152,0.7483156581409857,0.8,458.0
683545,327.5112666666651,20,15.38245128930659,0.8436562835660318,0.8,665.0
683546,174.04826666666662,16,18.88046120240569,0.6322433623562291,0.8,443.0
683547,215.33666666666653,20,16.951119460529377,0.7384165232357999,0.8,498.0
683548,165.27540000000062,19,16.796233711934466,0.7403772589368155,0.8,361.0
683549,327.33306666666755,23,12.98230646419583,0.9804079224610202,0.8,565.0
683550,306.45868888888657,20,16.436103646252242,0.7821896258503406,0.8,672.0
683551,327.08815555555447,19,17.409172313525815,0.7217139966760979,0.8,659.0
683552,185.48168888888924,19,17.341473198443037,0.7129312668463603,0.8,424.0
683553,324.3574444444438,23,13.085876911370356,0.9667579436837714,0.8,553.0
683554,351.7764222222231,22,16.975378387147533,0.7529543624992254,0.8,769.0
683555,214.51433333333324,20,16.395910793152705,0.7699392097264081,0.8,470.0
683556,105.42104444444428,14,20.842668289959924,0.5017957351290685,0.8,297.0
683557,195.1382444444441,12,21.570287982980048,0.4780319869883122,0.8,527.0
683558,494.0012666666786,13,18.623683225418134,0.6722984126983967,0.8,1200.0
683559,280.57302222222256,19,16.65538096252862,0.767478393492628,0.8,562.0
683560,420.5560666666675,23,14.274747716540231,0.9064617066338725,0.8,697.0
683561,497.3176666666684,24,16.345015431529387,0.7953932426748931,0.8,1019.0
683562,221.35620000000068,21,18.820801562428024,0.6334528076463567,0.8,558.0
683563,-4.645533333333329,2,28.334162054589452,0.081482182276954,0.8,151.0
683564,827.8624000000204,23,11.038952840982507,1.115930952380972,0.8,1200.0
683565,187.60999999999947,19,15.767806741039202,0.8059329805996469,0.8,405.0
683566,289.50611111111016,20,16.604613238631078,0.771771121351766,0.8,620.0
683567,66.37075555555556,7,25.683347260591823,0.23710052910052987,0.8,315.0
683568,98.19635555555567,14,19.496097292726763,0.5871895424836603,0.8,306.0
683569,163.30099999999987,16,19.484120580954055,0.592901493930906,0.8,408.0
683570,400.7519555555559,21,14.754256521186091,0.8856056338028176,0.8,710.0
683571,312.89620000000065,21,16.556345629220377,0.7732727272727271,0.8,660.0
683572,265.080711111111,15,20.007715104365293,0.577220872893206,0.8,647.0
683573,281.47439999999943,23,15.945360235136537,0.8048921190097398,0.8,629.0
683574,637.657377777779,24,15.67223774401623,0.8288823094004444,0.8,1158.0
683575,272.3117777777778,22,13.399522006181435,0.9318321546440028,0.8,505.0
683576,28.96364444444441,4,26.012754596933394,0.19496910214467467,0.8,131.0
683577,397.5248444444463,27,9.919389821396711,1.1546838940354291,0.8,586.0
683578,219.54524444444465,20,15.948131408243906,0.7860141093474425,0.8,432.0
683579,173.21608888888903,14,19.464703835902725,0.594535519125683,0.8,427.0
683580,594.2964666666676,25,13.326066827867752,0.9664551389099738,0.8,941.0
683581,279.5398000000004,24,14.765833084903381,0.8640401526464259,0.8,574.0
683582,228.9249999999992,18,17.01607817990161,0.7268348414221406,0.8,521.0
683583,282.20311111111255,17,17.78592158201721,0.6967423616845577,0.8,692.0
683584,104.21582222222254,14,18.770141337842265,0.6310416666666668,0.8,320.0
683585,217.5113999999996,21,16.737645862931043,0.7361804087385581,0.8,473.0
683586,130.27886666666666,20,15.049148164562963,0.8087970798075321,0.8,287.0
683587,321.48568888889076,24,13.02788033907932,0.962802445302449,0.8,592.0
683588,207.77553333333304,21,15.010280053258281,0.8272164948453602,0.8,388.0
683589,370.1375555555538,25,12.509289324188511,0.9978008938203116,0.8,618.0
683590,369.42846666666657,24,13.204932042349814,0.961156146179403,0.8,645.0
683591,308.40468888888876,24,11.2814585026792,1.065591202582728,0.8,472.0
683592,264.3246,23,14.65108254502877,0.8662208713272546,0.8,470.0
683593,129.59153333333353,15,17.80372835278413,0.6766932860100567,0.8,322.0
683594,171.4580222222216,20,15.71308752831306,0.7800131544330434,0.8,362.0
683595,196.80315555555578,15,19.463472407913617,0.5861661310741065,0.8,489.0
683596,119.2426444444449,12,20.84597688876208,0.5156220790703546,0.8,377.0
683597,950.9177999999912,24,8.325764428856289,1.2709880952381232,0.8,1200.0
683598,186.63615555555566,21,14.590681552964458,0.8648865619546247,0.8,382.0
683599,435.44915555555525,25,14.499483045690258,0.881304616074934,0.8,849.0
683600,287.03653333333324,23,14.141545938384928,0.9079463203463207,0.8,550.0
683601,354.818955555556,25,11.326578806897656,1.059793929267613,0.8,513.0
683602,315.0012888888895,22,12.748122878185164,0.9908898508898539,0.8,594.0
683603,469.22635555555206,4,25.67412604028801,0.23271746031746418,0.8,1200.0
683604,642.1078888888878,29,8.270442559743383,1.2554232804232806,0.8,792.0
683605,283.67228888888866,26,11.299456050676605,1.0530700909577317,0.8,445.0
683606,218.47326666666652,18,15.63494487363763,0.8132843537414943,0.8,525.0
683607,120.4674888888887,15,20.534544444523366,0.5103877340409851,0.8,323.0
683608,231.85599999999928,23,13.86815198434465,0.9021013824884789,0.8,465.0
683609,340.6840666666667,27,9.918475295468944,1.1329480189022187,0.8,524.0
683610,853.1695111111203,21,11.314657726633616,1.0927499999999943,0.8,1200.0
683611,304.52251111111224,23,12.696634410047116,0.9740253385757663,0.8,545.0
683612,617.4993333333393,26,14.672447513311868,0.8837393104689878,0.8,1058.0
683613,217.91586666666666,20,17.877250664913365,0.671747267000186,0.8,514.0
683614,1025.045777777793,26,7.781789015546891,1.306841269841263,0.8,1200.0
683615,159.08995555555444,13,20.00364462031268,0.5633804563492063,0.8,384.0
683616,352.6357111111107,25,13.16063737450258,0.9537786673338517,0.8,571.0
683617,238.6016222222226,22,12.537049304613493,0.9878229637353736,0.8,411.0
683618,339.62764444444537,24,14.116661748338418,0.906449482720669,0.8,649.0
683619,348.05608888888906,25,10.909574112329139,1.085122629582806,0.8,565.0
683620,96.44239999999988,17,17.641091263471417,0.6678043357420793,0.8,257.0
683621,354.31995555555415,25,14.039214843949026,0.9095100732600729,0.8,624.0
683622,218.2629111111114,20,14.011865382027832,0.8851419522678438,0.8,421.0
683623,421.7942666666668,26,12.815376752042528,0.9715753129045939,0.8,662.0
683624,413.8204666666643,25,9.337782672301108,1.1898552241409384,0.8,546.0
683625,352.662444444445,26,9.263148831695554,1.1637274220032838,0.8,464.0
683626,345.43164444444454,21,11.790603763225901,1.026132785763174,0.8,487.0
683627,375.797444444445,24,10.93394248638331,1.0756800144299818,0.8,528.0
683628,369.8764222222217,27,8.219922157523282,1.2157215796603111,0.8,457.0
683629,244.38613333333294,24,11.068294489141977,1.0468880885687604,0.8,357.0
683630,183.59622222222217,18,15.693453955806005,0.7848066641800321,0.8,383.0
683631,138.38659999999982,20,13.777560601942184,0.8745353302611425,0.8,248.0
683632,170.24457777777835,22,12.640303507948627,0.9636001350895338,0.8,282.0
683633,390.06662222222184,29,8.061511508445024,1.2414656518345037,0.8,488.0
683634,151.06900000000016,23,10.99484435447749,1.0307306728359342,0.8,247.0
683635,121.26162222222248,13,19.582818668758364,0.5691572574046805,0.8,291.0
683636,303.6509333333319,21,15.709371762880206,0.7952046783625729,0.8,627.0
683637,276.70657777777774,22,12.90348555474587,0.9371066907775759,0.8,474.0
683638,212.77046666666604,19,13.707566226215436,0.8944692460317456,0.8,384.0
683639,1130.002644444426,28,5.624355635516877,1.4305611111111245,0.8,1200.0
683640,157.35359999999932,17,17.146874823110355,0.710094681147313,0.8,342.0
683641,232.97708888888934,25,12.225987046669472,0.991901012373454,0.8,381.0
683642,240.4553555555558,23,11.909026932507121,1.0126267281105996,0.8,372.0
683643,301.56159999999915,22,15.232943122950154,0.825700432900433,0.8,550.0
683644,358.00477777777735,26,10.558558914689774,1.1133391642371235,0.8,490.0
683645,379.96491111111106,24,11.209402736655873,1.0561789021164028,0.8,576.0
683646,128.0197111111116,15,17.142502783111226,0.693946053946054,0.8,286.0
683647,1105.5158222222021,27,5.157760355420302,1.464837301587262,0.8,1200.0
683648,215.56126666666742,23,10.308069792705298,1.1117478202548625,0.8,355.0
683649,203.19502222222306,16,16.422738440595577,0.742752335383914,0.8,418.0
683650,324.00726666666725,23,11.147016163745512,1.0588801674515964,0.8,455.0
683651,249.2818666666663,29,10.192061934213356,1.0967811605516529,0.8,366.0
683652,343.10817777777817,25,11.263081261987175,1.0582474705281726,0.8,513.0
683653,991.9641777777906,23,7.989599708089192,1.295964285714315,0.8,1200.0
683654,192.46399999999997,22,13.420407977348104,0.9248880643166353,0.8,385.0
683655,176.67448888888958,18,14.852129483893108,0.8235169248422259,0.8,332.0
683656,180.06466666666685,25,11.711022016693102,0.9928859515336399,0.8,281.0
683657,342.2058888888905,21,13.919789353662738,0.8926391382405741,0.8,557.0
683658,475.3151999999998,25,10.31033059886838,1.1183460014292215,0.8,733.0
683659,112.63237777777744,15,17.351689098633877,0.6861576354679815,0.8,232.0
683660,211.1876888888891,21,13.593348556660453,0.9124754244861484,0.8,373.0
683661,964.7136888888803,21,9.996627110195162,1.17471666666666,0.8,1200.0
683662,227.4910222222217,24,11.63301684817727,1.0149683457197909,0.8,346.0
683663,159.65444444444483,21,14.22065286766023,0.8558394160583944,0.8,274.0
683664,265.4220000000009,19,15.170924239266148,0.8332133906194052,0.8,532.0
683665,347.2935111111123,27,9.821179671436616,1.138702857142857,0.8,500.0
683666,325.95240000000115,26,9.990469356630975,1.1264290543803723,0.8,493.0
683667,292.1285333333335,25,10.753643884976851,1.083145124716553,0.8,420.0
683668,219.25273333333294,23,11.040701296043204,1.0581393538341772,0.8,367.0
683669,326.1673333333327,22,12.691042014396313,0.9881627576403692,0.8,536.0
683670,199.4360444444448,21,13.651756105028122,0.9139647168059244,0.8,359.0
683671,519.5840222222225,27,7.684650347886264,1.282772188687695,0.8,639.0
683672,464.40786666667003,26,9.547027471491841,1.1785228672899906,0.8,657.0
683673,95.42806666666675,8,21.940752798976195,0.4099798224374507,0.8,236.0
683674,465.6070888888913,29,6.285543121683016,1.3545651247976827,0.8,559.0
683675,240.7622666666664,23,10.861312901776936,1.0593650793650795,0.8,393.0
683676,246.67548888888962,27,7.522667964721342,1.258604517335636,0.8,331.0
683677,165.28128888888844,23,10.47685597755826,1.0649256474519633,0.8,285.0
683678,319.8672888888902,25,8.55566493665922,1.2086965108624095,0.8,434.0
683679,203.39522222222215,24,9.59614447926101,1.1339632308619647,0.8,316.0
683680,341.30455555555665,23,11.119144298544702,1.05011261860425,0.8,537.0
683681,199.2272666666667,24,8.477358377306723,1.1749739073711671,0.8,292.0
683682,285.3415999999999,26,7.478475012203088,1.264004391381914,0.8,347.0
683683,246.99597777777865,25,9.079548170097706,1.1760506529481605,0.8,361.0
683684,1001.1199999999894,22,8.086862736666745,1.2658571428571377,0.8,1200.0
683685,177.34917777777758,24,8.816652760165615,1.1550867478774447,0.8,258.0
683686,254.91464444444472,27,7.637093310606596,1.2458869553487175,0.8,353.0
683687,420.5193777777799,27,7.853948913548615,1.253885197489848,0.8,516.0
683688,400.23184444444314,29,6.052853420748837,1.3603868390623364,0.8,453.0
683689,176.4313555555559,21,11.515132559771414,1.002549019607842,0.8,272.0
683690,485.3298888888888,28,6.823645598888466,1.314414106939704,0.8,586.0
683691,346.4127777777794,24,10.319205054167822,1.1092741728648372,0.8,557.0
683692,165.5017777777778,23,9.605786812662265,1.1054185867895532,0.8,248.0
683693,325.18717777777863,28,6.401982063686969,1.3374242424242422,0.8,396.0
683694,233.48993333333425,23,9.721099314363414,1.1283863179074458,0.8,355.0
683695,265.418355555555,23,9.764907963484921,1.1412044817927167,0.8,374.0
683696,472.0652222222204,29,6.845248192578477,1.3207388578207095,0.8,562.0
683697,311.58633333333324,29,5.166089202859642,1.393652552433718,0.8,361.0
683698,998.5092666666781,24,6.650145413402381,1.357854761904797,0.8,1200.0
683699,175.48191111111134,23,9.871649716889543,1.100799253034453,0.8,255.0
683700,211.20324444444347,25,8.722414621929012,1.1690980763166192,0.8,302.0
683701,187.70548888888902,22,12.39652398074741,0.9557142857142853,0.8,306.0
683702,286.29057777777894,27,7.969138221814092,1.2385274327122164,0.8,368.0
683703,572.8737111111121,26,9.089499033938917,1.1834619302266332,0.8,748.0
683704,1089.942022222206,28,3.294481589065879,1.5685722222222367,0.8,1200.0
683705,1287.609800000025,29,2.686242631674442,1.6048460317460378,0.8,1200.0
683706,280.86151111111104,25,8.96138167214573,1.175460888725671,0.8,389.0
683707,249.46831111111067,28,7.210132593693355,1.2635736677116007,0.8,319.0
683708,237.7484222222228,23,10.155134707272369,1.0935418427726122,0.8,338.0
683709,242.45802222222233,23,9.908471959324329,1.1176689599352,0.8,353.0
683710,223.0232444444444,25,7.996020914698122,1.220738916256158,0.8,290.0
683711,385.09553333333156,29,6.124200124876148,1.3540476190476196,0.8,432.0
683712,907.5736222222124,23,7.535776112919824,1.3138476190476531,0.8,1200.0
683713,210.4897333333331,22,10.759045144288981,1.0515190052282042,0.8,337.0
683714,325.0084222222225,26,8.594354359205706,1.2090568207959518,0.8,414.0
683715,331.5944666666665,26,7.493623818058317,1.2800399764844226,0.8,405.0
683716,269.5814444444442,26,8.104625780011101,1.2279672866376474,0.8,361.0
683717,312.22424444444243,23,9.829326835790209,1.1283529536536228,0.8,449.0
683718,316.8489111111099,25,8.878638346852846,1.1988579499596446,0.8,472.0
683719,181.43457777777843,22,11.349163586552445,1.0135238095238086,0.8,290.0
683720,198.94759999999974,21,11.614221212119288,1.007361853832442,0.8,374.0
683721,213.6938444444452,27,6.812921329354575,1.27970431493891,0.8,277.0
683722,248.03735555555534,24,9.931235131970888,1.0903979891076692,0.8,341.0
683723,181.21140000000034,27,7.7084203882012305,1.208068137824167,0.8,246.0
683724,139.7319555555551,12,21.060751667907798,0.5080606277598757,0.8,399.0
683725,388.1947111111116,28,12.120821976811042,1.0239819514946389,0.8,591.0
683726,384.57575555555445,25,15.300768395480471,0.8481932961609941,0.8,743.0
683727,731.464133333342,22,13.38593759242,0.9775349206349269,0.8,1200.0
683728,188.09368888888903,16,18.533791554113915,0.6495114676540164,0.8,463.0
683729,162.76271111111117,13,21.47161255957361,0.47926786988885495,0.8,467.0
683730,354.94775555555526,23,14.322180903114033,0.8999542266519261,0.8,645.0
683731,40.506200000000085,4,26.38978250805198,0.19095804988662107,0.8,168.0
683732,313.868555555555,23,16.773373543181446,0.7595908289241626,0.8,675.0
683733,120.05095555555535,13,21.414503352164445,0.4672427663163356,0.8,367.0
683734,766.8306222222128,29,11.543640015442577,1.077830235608014,0.8,1053.0
683735,-1.4886000000000008,1,28.516666666666666,0.0553650793651165,0.8,60.0
683736,410.0906666666641,24,18.01021721864021,0.6902221525273116,0.8,911.0
683737,283.5194444444448,19,18.837499018114887,0.6344787997390509,0.8,730.0
683738,197.4925555555551,20,16.334368989883398,0.7719397759103641,0.8,408.0
683739,297.9059333333316,25,14.284155927794611,0.8968329415861409,0.8,547.0
683740,201.4388000000004,20,16.14182849822617,0.783047619047618,0.8,450.0
683741,84.7443555555555,10,22.9693892611764,0.38707237407598366,0.8,277.0
683742,325.5819777777768,23,15.80686904683182,0.8145932228691017,0.8,638.0
683743,922.1849333333195,25,8.441020805876603,1.2720452380952376,0.8,1200.0
683744,556.5538666666674,29,12.915776438662471,0.9916301779807848,0.8,907.0
683745,708.4743333333279,29,9.615477449661485,1.19045546401368,0.8,919.0
683746,580.0273777777775,22,15.436138293777338,0.847774152362022,0.8,1007.0
683747,207.31664444444434,18,17.08342545496264,0.7358919980363282,0.8,485.0
683748,460.9658444444462,23,15.81174977708512,0.8172415272415274,0.8,888.0
683749,-1.2978,1,28.462962962962962,0.05485008818396856,0.8,54.0
683750,268.69259999999935,23,15.633948697710158,0.815118580765607,0.8,510.0
683751,322.4081111111098,24,15.302644633556723,0.8419157811885083,0.8,605.0
683752,84.01808888888877,13,20.477063936389666,0.5241752670650012,0.8,263.0
683753,245.23846666666645,18,16.92068983231712,0.7476153916460679,0.8,521.0
683754,267.87111111111165,23,17.565321820808318,0.7046747029152783,0.8,557.0
683755,285.4023333333342,22,16.887112563507817,0.7503262926792345,0.8,629.0
683756,83.87002222222227,10,22.444788621623882,0.4171826905667209,0.8,263.0
683757,90.57595555555545,13,21.094843876782406,0.4919388915975948,0.8,293.0
683758,259.97317777777823,22,19.09307397179294,0.621744136460554,0.8,670.0
683759,344.6340222222233,23,15.618702706746014,0.8299863945578232,0.8,700.0
683760,378.3324888888883,20,18.15870422140963,0.6880855199222546,0.8,882.0
683761,193.385777777778,21,17.92736622520646,0.6731824417009599,0.8,486.0
683762,324.2646666666647,21,18.318015102216773,0.6629955947136561,0.8,681.0
683763,151.04195555555606,15,19.221733981421746,0.5997491170381202,0.8,391.0
683764,170.697244444445,18,20.041988409413868,0.5604352600579012,0.8,477.0
683765,381.8185777777786,24,13.124255709031361,0.9765070229530668,0.8,695.0
683766,415.1075999999989,22,14.339417463949381,0.9109567382508583,0.8,765.0
683767,378.22251111111206,27,11.674736843196477,1.051925322806152,0.8,579.0
683768,293.45300000000066,26,12.89290603989356,0.974306255835656,0.8,510.0
683769,335.7564888888876,25,15.553728586186503,0.8180343481654954,0.8,610.0
683770,123.17933333333328,10,22.433903543867125,0.42713346747149594,0.8,355.0
683771,147.66075555555568,15,19.316620092572492,0.6051806652309168,0.8,398.0
683772,241.52084444444446,21,15.219056120600214,0.839525993883792,0.8,436.0
683773,392.26853333333287,24,13.185734971692197,0.9686278095238097,0.8,625.0
683774,275.958755555556,20,14.802326296109904,0.8516308144879562,0.8,518.0
683775,477.51444444444564,23,12.946643336477957,0.9772944862155403,0.8,760.0
683776,373.61279999999954,27,11.013693638351075,1.0833359545653132,0.8,545.0
683777,173.45440000000013,20,16.39435317789878,0.743405557595789,0.8,389.0
683778,185.69999999999965,19,16.120511205977497,0.7825738095238095,0.8,400.0
683779,212.39982222222247,17,16.731917053734758,0.7400600801068077,0.8,428.0
683780,362.62037777777886,24,12.906959875467273,0.98343476577623,0.8,615.0
683781,227.5074444444447,16,18.206356144025044,0.6689953001684839,0.8,537.0
683782,211.72824444444458,16,16.944936998311714,0.7335660901131746,0.8,446.0
683783,110.19991111111057,15,19.006983088381325,0.5940885547201441,0.8,285.0
683784,271.416288888889,26,10.5236724531931,1.0966088765603335,0.8,412.0
683785,196.15448888888983,17,17.37995161488881,0.7136014586014577,0.8,444.0
683786,304.72257777777895,28,9.056701370490767,1.191283219438116,0.8,439.0
683787,77.95922222222224,10,20.9568420534116,0.48049397352294926,0.8,241.0
683788,200.6729111111105,24,13.086173828131653,0.9319455782312497,0.8,385.0
683789,492.5471333333345,27,10.007848120621277,1.1491922398589072,0.8,675.0
683790,330.83668888888866,23,12.969094266269998,0.9689118102114493,0.8,554.0
683791,295.7429777777767,23,14.323100081325823,0.8776563610518825,0.8,536.0
683792,918.0061777777939,26,8.898369862462241,1.2394412698412522,0.8,1200.0
683793,148.8757555555556,15,17.71339846325816,0.6746434870244393,0.8,378.0
683794,248.60202222222216,23,13.78979856822552,0.9105880003993437,0.8,477.0
683795,815.7301333333511,25,11.334434423871475,1.0791674603174604,0.8,1200.0
683796,360.26431111111293,28,9.437573315841664,1.162173038229376,0.8,497.0
683797,483.96311111111186,22,16.76241421261393,0.75326185220225,0.8,906.0
683798,254.136844444444,16,18.051039658415554,0.6674976285334843,0.8,502.0
683799,267.3065777777776,23,12.098821768252943,0.9991983398863752,0.8,436.0
683800,342.63688888888936,24,11.363544269172255,1.059750084430906,0.8,564.0
683801,364.8132222222222,27,10.681473137437969,1.1106725576828673,0.8,582.0
683802,277.7765333333337,23,13.486860456639347,0.9259109942545529,0.8,489.0
683803,356.9937777777787,25,13.289913058857193,0.9415845506313444,0.8,577.0
683804,329.2581555555553,23,11.66911375486461,1.0470950610727559,0.8,538.0
683805,900.158244444433,24,10.980819281823617,1.1158436507936718,0.8,1200.0
683806,133.83833333333305,20,15.49208189516227,0.794867201005815,0.8,303.0
683807,269.3401555555557,25,12.226160846937686,1.0058487905412739,0.8,439.0
683808,416.8314888888862,27,10.423474499770617,1.1096390038127695,0.8,587.0
683809,126.91635555555574,17,17.29964374612214,0.6970035633300948,0.8,294.0
683810,350.79960000000125,23,13.509499115630579,0.9356854928017718,0.8,645.0
683811,258.08955555555576,21,14.772108791157905,0.8491701244813273,0.8,482.0
683812,351.49842222222173,21,13.898787618851767,0.9360821062025868,0.8,747.0
683813,370.13335555555454,26,12.840001458741904,0.9702935420743632,0.8,657.0
683814,365.9944222222211,18,17.52617486949756,0.7030586321256523,0.8,761.0
683815,377.6395111111124,27,9.64859389382732,1.1641879886282869,0.8,536.0
683816,158.0807111111116,20,15.259218889647732,0.8115389082462338,0.8,328.0
683817,298.98800000000114,23,11.206666413237839,1.077005939796638,0.8,473.0
683818,149.98573333333377,14,19.297079126866084,0.5889554950045419,0.8,367.0
683819,396.8635999999988,22,15.875982643013485,0.809886845827442,0.8,808.0
683820,551.1071999999918,14,17.36494154093321,0.7296222222222277,0.8,1200.0
683821,110.43815555555578,15,16.763215116826636,0.7164037506893992,0.8,259.0
683822,240.1034,21,14.706001431538466,0.8463870493009558,0.8,453.0
683823,280.8230666666667,25,11.413075111371157,1.052083576287658,0.8,490.0
683824,284.14673333333377,22,12.511801125397108,0.9765056850162837,0.8,423.0
683825,352.7692666666662,26,10.343013078368598,1.112348441384586,0.8,498.0
683826,744.5125999999866,17,13.576915067297431,0.955938095238082,0.8,1200.0
683827,289.95840000000055,29,8.813790110682413,1.18655009920635,0.8,384.0
683828,273.74446666666665,25,10.441997865255166,1.102833627278072,0.8,405.0
683829,418.9965777777776,29,7.835945703297391,1.2632592180841213,0.8,514.0
683830,185.53393333333338,21,13.34127991291247,0.9255314757481939,0.8,323.0
683831,272.4878666666659,27,8.427378653008333,1.2010163850486433,0.8,372.0
683832,391.2507555555553,27,11.062277139313737,1.0764934304125864,0.8,569.0
683833,250.74144444444383,19,15.242375459291015,0.8255382152861135,0.8,476.0
683834,235.0819777777775,23,12.864601300372033,0.964342857142858,0.8,400.0
683835,297.5987777777781,23,12.16293507944416,0.9999493189737098,0.8,451.0
683836,353.6968444444458,21,13.683469618949863,0.9243973941368081,0.8,614.0
683837,311.40642222222056,24,11.23722600002657,1.06032326751839,0.8,492.0
683838,165.70377777777713,25,10.654958265485726,1.0455421245421248,0.8,260.0
683839,198.56802222222265,23,12.460278276855446,0.9619275734245797,0.8,334.0
683840,650.2925555555562,27,9.613286471094117,1.1740484031153575,0.8,911.0
683841,115.90724444444429,14,17.809536046258703,0.6490647482013742,0.8,278.0
683842,1099.6895333333446,26,5.135420316016365,1.4548246031745677,0.8,1200.0
683843,271.568177777778,18,16.57135722656883,0.7454113378684807,0.8,525.0
683844,253.17793333333296,22,12.09022210549839,0.9978404452690166,0.8,385.0
683845,132.91151111111103,18,15.599587218995465,0.7793862433862433,0.8,270.0
683846,301.9284666666663,23,13.688662188130285,0.9140920693600941,0.8,541.0
683847,584.7020444444427,30,9.10596008403541,1.207187168445359,0.8,763.0
683848,462.0271555555572,26,9.20308315425346,1.1850363473004926,0.8,583.0
683849,295.82891111111167,22,12.400052009910755,0.9933518862090296,0.8,462.0
683850,324.67008888888887,27,8.8278622805512,1.1981110734079858,0.8,421.0
683851,367.7333333333333,28,9.27851900759342,1.1797740112994328,0.8,472.0
683852,376.72253333333333,25,10.137433012678022,1.128369458128079,0.8,580.0
683853,205.09653333333304,22,12.846451856239645,0.9495125387433065,0.8,338.0
683854,341.6242444444441,26,10.235071745993585,1.1158049390434515,0.8,457.0
683855,282.3862444444444,22,12.143182428125144,0.9932003520093872,0.8,487.0
683856,457.76128888890025,9,20.456207383486966,0.5187309523809531,0.8,1200.0
683857,389.6096222222239,27,8.093404408789878,1.248192481203007,0.8,475.0
683858,1070.157177777803,27,5.735271730966918,1.4325206349205972,0.8,1200.0
683859,717.3561777777721,17,13.235506814315738,0.952232539682527,0.8,1200.0
683860,80.35871111111125,12,19.672622825817218,0.5496731016731015,0.8,185.0
683861,282.63779999999906,21,13.268945756137173,0.9560466543891953,0.8,543.0
683862,166.01902222222262,18,16.126979371931174,0.7604915514593663,0.8,341.0
683863,354.6788888888898,28,9.48848471023042,1.1570308123249295,0.8,476.0
683864,253.98324444444478,20,13.429457765484413,0.9416320346320346,0.8,440.0
683865,1045.7929333333334,23,7.612020460797204,1.3028087301587636,0.8,1200.0
683866,293.2553333333332,20,13.824821894325028,0.903381696428571,0.8,512.0
683867,187.31526666666693,23,11.703508294101827,0.9972239108409316,0.8,282.0
683868,1077.2780888888765,28,6.5175634402708535,1.375077777777797,0.8,1200.0
683869,190.43817777777798,23,12.990036596276054,0.9256138749429471,0.8,313.0
683870,382.30991111111314,25,11.473178155762849,1.0594835101570859,0.8,579.0
683871,409.1040444444454,29,7.931843414184351,1.247673738802452,0.8,505.0
683872,387.12415555555424,26,11.978697400692047,1.0310158220591592,0.8,623.0
683873,629.387333333337,25,11.495771832739374,1.0611309523809527,0.8,944.0
683874,283.9595555555549,26,9.472202293273849,1.1450375292235766,0.8,387.0
683875,322.1989333333327,26,9.588167478480269,1.1432311548101006,0.8,494.0
683876,240.66537777777768,25,8.543385988104893,1.197811951976258,0.8,353.0
683877,1050.3289333333623,24,6.551560452426127,1.3724380952381308,0.8,1200.0
683878,298.1672888888905,27,7.5483891335300335,1.2595942236543747,0.8,399.0
683879,349.7341999999993,27,7.071230860721168,1.2900195065978204,0.8,415.0
683880,441.82244444444353,27,6.454039849324814,1.3376478811708195,0.8,545.0
683881,325.43835555555586,26,7.149414565023809,1.2985073931772781,0.8,409.0
683882,131.6350888888883,14,16.007440740834046,0.7408624708624116,0.8,286.0
683883,208.84344444444406,24,10.674384388948857,1.0615386904761905,0.8,320.0
683884,127.334888888889,23,10.432674195547156,1.0546781305114634,0.8,216.0
683885,178.40286666666663,27,8.366716729402274,1.1893154761904767,0.8,256.0
683886,930.9504000000111,22,8.803269460088346,1.2280793650793624,0.8,1200.0
683887,370.374955555555,28,5.485259027150806,1.4037773359840935,0.8,503.0
683888,859.7443555555795,21,9.41399314826702,1.1897611111111046,0.8,1200.0
683889,1026.2224888889004,26,5.288640780322404,1.4494968253967897,0.8,1200.0
683890,136.26806666666687,21,11.69797572320371,0.9733333333333329,0.8,249.0
683891,1228.9814000000167,28,3.6748503078066967,1.5451500000000138,0.8,1200.0
683892,259.02139999999935,25,8.84128983371343,1.2003201280512212,0.8,357.0
683893,317.0613333333342,28,6.774794394081251,1.3082798353909466,0.8,405.0
683894,415.34502222222187,26,9.893105275889543,1.1277327647477415,0.8,603.0
683895,746.3289999999822,19,11.154192744415813,1.0767634920635047,0.8,1200.0
683896,752.1423111111159,21,9.281645948404446,1.1946722222222155,0.8,1200.0
683897,199.3227999999998,22,11.131622083138003,1.0181169536218402,0.8,307.0
683898,269.5417999999991,27,7.512923925910647,1.2530195430773474,0.8,346.0
683899,317.90293333333403,26,8.639051997275168,1.1940470453241545,0.8,415.0
683900,180.99362222222226,26,8.347072277312776,1.193979591836735,0.8,252.0
683901,384.6226000000001,27,7.91375551657859,1.2471219803161353,0.8,479.0
683902,227.8703111111106,26,10.492049475126368,1.067089320935475,0.8,338.0
683903,305.67546666666686,29,6.075898946806996,1.3457943177270923,0.8,357.0
683904,303.04659999999933,26,7.038051036688725,1.2950925571300926,0.8,373.0
683905,315.9969777777799,27,9.057224064486695,1.1664173726750415,0.8,489.0
683906,162.33631111111112,21,12.302260826185064,0.9618220793140396,0.8,311.0
683907,266.2645333333338,24,9.65347025003134,1.1315111758989314,0.8,392.0
683908,498.9771777777746,30,5.093061157388375,1.4242763438112271,0.8,559.0
683909,222.5899555555557,27,8.273883449062373,1.189917252146761,0.8,305.0
683910,1033.5279555555744,25,5.922416664882663,1.389556349206349,0.8,1200.0
683911,282.07522222222235,20,11.091206465371629,1.0576344797177886,0.8,432.0
683912,869.5087111110994,20,10.007905003827503,1.1459539682539936,0.8,1200.0
683913,217.10848888889007,22,10.897388263486514,1.0453705269090625,0.8,338.0
683914,359.9864666666656,27,7.3377250685782105,1.2970250786881918,0.8,469.0
683915,187.6590888888885,21,11.622194825459383,1.0016945373466553,0.8,299.0
683916,505.3757555555579,28,6.999296114798173,1.3161888701517717,0.8,593.0
683917,247.26573333333317,24,9.722934160052697,1.1245542046605879,0.8,376.0
683918,167.38211111111116,24,9.206087093351673,1.1290579262007103,0.8,231.0
683919,1253.1253333333411,28,3.856094741248437,1.5338666666666805,0.8,1200.0
683920,268.8173333333336,24,8.98809749954058,1.161512873091821,0.8,418.0
683921,476.012511111109,27,7.719692889523126,1.2729341505579133,0.8,606.0
683922,328.88122222222177,27,7.8741738384120525,1.2555405100428785,0.8,422.0
683923,205.93686666666707,26,8.374800714710139,1.1911978909210732,0.8,289.0
683924,113.50188888888908,11,22.00904958159422,0.4492904626237958,0.8,351.0
683925,274.42079999999964,22,16.633134668163812,0.7610908476865621,0.8,564.0
683926,61.53375555555566,7,24.466109281859755,0.29880837359098233,0.8,207.0
683927,74.63828888888895,5,26.05421926489368,0.2171648351648349,0.8,260.0
683928,269.38808888888883,22,14.676217915708383,0.8654485500921344,0.8,491.0
683929,193.3064666666669,20,16.328247684527813,0.7738174040301702,0.8,423.0
683930,315.82291111110925,22,18.269184314161194,0.6715217668836968,0.8,746.0
683931,372.09426666666764,26,12.666579236958796,0.9928341754708315,0.8,622.0
683932,72.74393333333336,10,23.655831970940785,0.35008241758241676,0.8,312.0
683933,98.29415555555532,12,21.690763482868995,0.4601667468334135,0.8,297.0
683934,227.7794444444439,19,16.464218391665504,0.7651024778219633,0.8,467.0
683935,552.994400000001,28,10.938364380391265,1.1053642653642648,0.8,819.0
683936,-1.3155333333333334,1,28.49122807017544,0.05593984962416049,0.8,57.0
683937,-1.5439999999999996,1,28.53968253968254,0.05558578987151387,0.8,63.0
683938,187.84573333333367,20,17.581599413320596,0.6960415928157865,0.8,403.0
683939,86.52088888888888,10,22.355012186144975,0.41769463340891844,0.8,252.0
683940,296.69077777777886,21,17.59672292558753,0.7122136620441702,0.8,649.0
683941,414.1496444444461,24,11.792876117289918,1.0521994794963514,0.8,677.0
683942,156.43953333333437,14,20.771389415778692,0.5214228617106322,0.8,417.0
683943,244.54073333333332,21,14.722272541003747,0.8652050708426546,0.8,447.0
683944,256.9373555555555,19,18.6551251280943,0.6460164203612474,0.8,580.0
683945,222.37082222222242,19,20.271663381312862,0.5522270322270322,0.8,594.0
683946,670.5866666666714,28,10.709869530662647,1.1254611474219314,0.8,918.0
683947,269.59088888888914,21,17.24784096474953,0.7298956617243283,0.8,607.0
683948,281.90571111111166,24,14.684053843523516,0.8702221003564601,0.8,521.0
683949,183.04242222222246,14,18.876167208115728,0.6337046413502111,0.8,395.0
683950,15.595244444444441,4,27.171496458717403,0.14968471406838943,0.8,219.0
683951,81.20082222222203,8,23.771156120666543,0.344002181025082,0.8,262.0
683952,69.31948888888894,10,22.487315206399238,0.412191250483933,0.8,246.0
683953,76.56933333333332,9,22.600206896181387,0.40169618260520407,0.8,242.0
683954,-2.529199999999999,1,28.688172043010752,0.05700972862263179,0.8,93.0
683955,309.519888888888,25,13.415107390460905,0.9498764801090465,0.8,559.0
683956,195.46993333333333,20,17.6228278719583,0.6974158198844038,0.8,478.0
683957,291.9898666666652,19,16.917820007055802,0.7531110596588712,0.8,617.0
683958,270.5866666666667,21,14.36117688561185,0.8844211994420842,0.8,478.0
683959,-8.31911111111113,3,27.714533196487643,0.11614463967396256,0.8,187.0
683960,779.6074888888924,21,12.182643579957611,1.0516888888888836,0.8,1200.0
683961,216.05160000000012,23,13.785310395017317,0.9169166127989657,0.8,442.0
683962,367.9358444444436,24,15.196415560786845,0.8516826343055887,0.8,671.0
683963,185.82293333333365,18,16.901507392427625,0.7283527696792577,0.8,392.0
683964,380.9884222222217,26,12.351926030439657,1.0158962446767303,0.8,615.0
683965,396.9080888888883,25,13.938365191286184,0.9265426228378477,0.8,691.0
683966,130.855088888889,21,15.915882487822604,0.7835502958579881,0.8,338.0
683967,207.70288888888845,12,21.68711595035333,0.4751357446439118,0.8,549.0
683968,257.91506666666703,22,17.131573722384207,0.7291623746272696,0.8,527.0
683969,59.33251111111111,6,25.676826555624704,0.23471324296135665,0.8,274.0
683970,520.7583777777774,27,11.249022883986145,1.0891556210112905,0.8,776.0
683971,132.63319999999982,15,19.93797621602833,0.5626075159408496,0.8,351.0
683972,197.9910888888893,15,19.553038928496633,0.5942473633748803,0.8,447.0
683973,79.80540000000012,11,21.70981487777405,0.45598800149981245,0.8,254.0
683974,-61.961200000001696,2,27.57424999999939,0.12001428571428775,0.8,1200.0
683975,88.10422222222232,11,21.14057597822341,0.4730034013605439,0.8,280.0
683976,255.8926000000003,25,11.859398764135797,1.0187001839362364,0.8,466.0
683977,401.86957777777803,23,16.44030186871569,0.7699133119582003,0.8,802.0
683978,386.37064444444303,23,11.7341577926989,1.043174603174604,0.8,606.0
683979,425.18611111111227,26,12.338514147860057,1.0044223724992942,0.8,676.0
683980,280.184533333333,22,15.609754954113027,0.8098729028978591,0.8,562.0
683981,120.7156666666668,15,19.348084844620626,0.5838498362307886,0.8,378.0
683982,162.23626666666684,20,15.90372207803352,0.7789057170146119,0.8,349.0
683983,131.09971111111136,15,19.373414130334083,0.5777117460317464,0.8,375.0
683984,395.44555555555684,28,9.706909551779829,1.150212234706625,0.8,534.0
683985,206.07504444444368,18,19.017178873150694,0.6104966717869935,0.8,465.0
683986,149.9960222222222,13,20.54622045617453,0.5137366375121046,0.8,392.0
683987,574.2297111111094,28,10.003677741236807,1.1602670111972648,0.8,774.0
683988,245.19508888888873,18,17.750583693682724,0.6877571428571694,0.8,600.0
683989,200.7388666666668,19,16.422734473355398,0.7604392532694414,0.8,477.0
683990,217.98706666666646,19,15.990169751130711,0.788837353123031,0.8,462.0
683991,392.33777777777874,26,11.793371420305608,1.0375811603892728,0.8,641.0
683992,299.14162222222154,25,14.862316261986408,0.8519628762251715,0.8,549.0
683993,381.53186666666915,22,15.104918487234906,0.8449160473437953,0.8,692.0
683994,223.28008888888897,17,16.245341692912376,0.7672238419177181,0.8,441.0
683995,128.88191111111098,16,18.469418645487714,0.6372284334022978,0.8,345.0
683996,140.93179999999953,13,21.46704723675505,0.46034798534798516,0.8,416.0
683997,265.7784444444441,25,13.40062458798813,0.927162897223018,0.8,499.0
683998,224.06331111111098,23,14.821166326845862,0.8542782738095297,0.8,512.0
683999,391.6462444444455,28,14.368237987968369,0.8875116063138346,0.8,718.0
684000,107.01664444444425,21,15.718804810515628,0.7708430609597925,0.8,257.0
684001,151.25984444444478,13,19.906766222841963,0.5504591074097804,0.8,446.0
684002,980.3164666666779,26,7.227169514467211,1.3391579365079047,0.8,1200.0
684003,109.71142222222248,15,18.845364191249633,0.6098507936507945,0.8,300.0
684004,413.9438444444425,25,10.739911981549394,1.1026444752658344,0.8,618.0
684005,841.1792444444643,23,10.49120348423362,1.150275396825419,0.8,1200.0
684006,72.47364444444452,8,23.29299884378516,0.35619047619047606,0.8,241.0
684007,63.08173333333324,11,21.750564646585,0.4335527759490897,0.8,217.0
684008,125.83415555555571,15,19.334892930650565,0.5814186211798156,0.8,335.0
684009,876.2940000000114,22,9.933595435588376,1.184501587301586,0.8,1200.0
684010,385.410222222222,21,15.425265038018004,0.8229781420765026,0.8,732.0
684011,382.2922222222218,27,10.65601714476656,1.0967552398491631,0.8,543.0
684012,220.64611111111014,22,13.217209102607052,0.9339023199023373,0.8,390.0
684013,540.8048222222227,27,12.276116161649673,1.0075644307902374,0.8,837.0
684014,1063.3788888889085,28,7.131574427874445,1.3428111111111278,0.8,1200.0
684015,318.3381555555552,26,11.013047076682957,1.0797229103587467,0.8,519.0
684016,300.75193333333306,25,11.445263829033133,1.0533215025140494,0.8,483.0
684017,198.61551111111115,18,16.869676671400352,0.7345177045177037,0.8,468.0
684018,245.15826666666726,23,13.937824458621856,0.9098367067566251,0.8,487.0
684019,413.4869111111108,27,11.44166146183586,1.0588282057397251,0.8,599.0
684020,176.1372222222217,19,16.569998503029883,0.7503243971110276,0.8,389.0
684021,396.6775555555538,25,11.63358775901688,1.057875336180984,0.8,602.0
684022,234.26208888888848,23,13.922464154123562,0.8972056277056281,0.8,440.0
684023,747.4639777777805,20,11.380553121553119,1.0920150793651027,0.8,1200.0
684024,315.5141777777764,27,9.064734832353901,1.1768118878757174,0.8,423.0
684025,885.3301777777888,22,10.114586072472187,1.148901587301586,0.8,1200.0
684026,313.51906666666673,26,9.7696416648925,1.1347203420021383,0.8,401.0
684027,237.97106666666625,23,10.987430929153403,1.063812097812097,0.8,370.0
684028,827.8833999999911,18,12.596554944751654,1.006956349206352,0.8,1200.0
684029,302.77957777777743,24,10.972342063343977,1.0680134453781513,0.8,425.0
684030,329.78324444444587,23,11.564442165552954,1.0446287563569117,0.8,515.0
684031,274.0924000000005,24,10.23299377211805,1.1148552285235707,0.8,398.0
684032,362.2300000000007,28,8.654276878367813,1.2122746781115872,0.8,466.0
684033,212.84288888888878,21,12.85041316703227,0.9532266666666663,0.8,375.0
684034,512.851888888888,29,7.217393129906637,1.3063481116584281,0.8,580.0
684035,523.3830444444458,29,7.81552894888217,1.2820251260061684,0.8,633.0
684036,403.0280444444435,28,10.11144176428509,1.1304326630103587,0.8,547.0
684037,344.46353333333354,25,8.196553155222793,1.2389525921233244,0.8,451.0
684038,450.3548000000024,27,8.388410642601404,1.2358513831426952,0.8,587.0
684039,253.11160000000027,23,11.37685213824855,1.0506662087912093,0.8,416.0
684040,176.05542222222218,19,13.465270338949153,0.8985820781986901,0.8,313.0
684041,155.744133333334,14,19.172570176938684,0.5825730994152131,0.8,342.0
684042,392.93444444444464,24,12.80495273313344,0.9765651094561044,0.8,633.0
684043,407.33397777777975,25,10.803769889433987,1.1000695286603601,0.8,589.0
684044,144.50246666666658,17,15.820145837750848,0.7849761904761914,0.8,320.0
684045,162.61173333333375,21,13.487740791395254,0.9110563380281679,0.8,284.0
684046,449.59171111111,24,10.173858208805239,1.117970411465557,0.8,618.0
684047,96.9684222222221,16,17.096369286719074,0.6900648334451156,0.8,213.0
684048,224.71677777777836,25,10.097357177487098,1.120521476602169,0.8,347.0
684049,225.14015555555505,23,13.905918380220424,0.8918786225707629,0.8,419.0
684050,209.03799999999936,23,13.009969754604839,0.9396023302938203,0.8,376.0
684051,343.6595999999998,26,9.254209972423444,1.175997425997425,0.8,444.0
684052,258.09433333333305,25,11.998701319111882,1.0072957851547935,0.8,383.0
684053,140.9927333333338,19,15.281233225396914,0.8160364984317077,0.8,334.0
684054,548.5402444444466,24,11.95530134817205,1.0387604507451842,0.8,786.0
684055,665.2378444444454,17,14.523095477210891,0.8880492063491954,0.8,1200.0
684056,373.7951555555546,25,11.633714408192398,1.046087968011633,0.8,655.0
684057,465.92228888888894,28,7.076476548949015,1.3100621890547255,0.8,536.0
684058,253.88084444444448,20,14.967735728090338,0.8499894179894171,0.8,495.0
684059,765.6062666666687,29,9.602329518663126,1.1780871926384076,0.8,947.0
684060,427.4811111111086,24,11.714719058733232,1.0399253619943278,0.8,638.0
684061,282.91671111111026,23,11.33543132688485,1.0448219848687146,0.8,428.0
684062,201.2887111111108,17,16.493032456178085,0.7559030121234849,0.8,381.0
684063,335.7795333333321,24,10.83017887395486,1.0865147531405195,0.8,489.0
684064,152.705955555556,13,18.356781369634422,0.630277894148862,0.8,341.0
684065,127.3173777777776,18,15.257504953149155,0.8067193814795292,0.8,271.0
684066,296.66633333333374,25,11.305677076574188,1.0458178920103636,0.8,478.0
684067,255.4813777777782,20,14.210575200097969,0.8980612244897956,0.8,448.0
684068,162.67588888888818,12,19.798998280284753,0.5620531561461791,0.8,430.0
684069,140.364422222222,21,12.99148662956435,0.9145945945945948,0.8,259.0
684070,273.8612888888888,25,9.575569591627147,1.1575070028011205,0.8,374.0
684071,258.24355555555474,21,12.406532303537032,0.9846330275229366,0.8,436.0
684072,332.2420444444428,26,8.397143222320146,1.217967507002801,0.8,425.0
684073,520.903622222222,27,11.01114753626021,1.09238577456299,0.8,790.0
684074,143.72766666666644,19,13.187734796716326,0.9070743525480358,0.8,285.0
684075,205.163888888889,25,9.570720079451169,1.1281283068783077,0.8,288.0
684076,392.52382222222275,28,7.021988802193568,1.3175100401606417,0.8,498.0
684077,189.9748222222227,26,7.363982276670876,1.2351987110633735,0.8,266.0
684078,672.3725999999926,19,11.026270428629413,1.0813634920635053,0.8,1200.0
684079,213.90668888888942,24,9.612476545306004,1.1373535851122056,0.8,348.0
684080,1329.4088222222435,30,2.2902714379980007,1.6294753968253695,0.8,1200.0
684081,1075.517044444459,25,5.6110033562349315,1.4288952380952382,0.8,1200.0
684082,106.69344444444468,15,15.818592620435364,0.7477628765792032,0.8,245.0
684083,343.5933999999996,26,7.312708332071364,1.2808956916099756,0.8,420.0
684084,167.44608888888885,20,12.174662999798835,0.9524012879173019,0.8,281.0
684085,301.93222222222215,27,7.631670490638932,1.2481254724111879,0.8,378.0
684086,1062.480022222247,25,5.59970261842802,1.4200619047619047,0.8,1200.0
684087,242.98064444444455,24,10.010418031949062,1.0906717687074825,0.8,336.0
684088,160.188822222223,20,12.432683983310161,0.949661266568487,0.8,291.0
684089,242.24244444444363,25,8.757633936910544,1.1927956527956531,0.8,333.0
684090,295.98975555555523,27,7.540745526217393,1.26583055040198,0.8,385.0
684091,360.8651333333335,26,7.767282619955403,1.2635190673779886,0.8,482.0
684092,284.90951111111053,26,8.978786638167753,1.1805714285714295,0.8,390.0
684093,296.10088888888885,28,7.192279477405262,1.2724607329842923,0.8,382.0
684094,214.15733333333387,23,9.168347074721227,1.1608806073153901,0.8,345.0
684095,206.77939999999964,23,10.08117066425726,1.1022342018568438,0.8,318.0
684096,241.5655777777781,28,7.702293614400853,1.2370524233432254,0.8,337.0
684097,294.61997777777776,27,7.669608268665967,1.2539648856890249,0.8,377.0
684098,360.6196444444436,27,7.45103584207099,1.2742993754878997,0.8,488.0
684099,375.40388888888856,27,7.389477264274872,1.2846491739552965,0.8,490.0
684100,865.6770444444685,21,9.477841447509324,1.1826333333333277,0.8,1200.0
684101,203.3262666666662,24,10.04089263896291,1.1013169888417416,0.8,303.0
684102,377.6007555555569,29,7.055664625827361,1.3027678571428574,0.8,480.0
684103,198.32008888888848,26,7.6682088367047205,1.241813051146385,0.8,270.0
684104,179.25428888888928,25,9.598512598234823,1.0990547529873371,0.8,267.0
684105,264.9820888888885,24,9.669333700053338,1.1365157944365865,0.8,404.0
684106,556.1929333333248,17,12.741272753054256,0.9598769841269721,0.8,1200.0
684107,1021.9455555555292,27,5.954271483716936,1.3974706349205988,0.8,1200.0
684108,259.87097777777734,21,11.855981590139358,1.000545171339563,0.8,428.0
684109,200.99726666666663,24,9.233337001244724,1.1620127638684337,0.8,291.0
684110,438.83733333333345,29,5.661835035417134,1.3893453593249938,0.8,491.0
684111,223.59766666666673,23,10.244997407348828,1.0897893217893218,0.8,330.0
684112,320.4684444444456,29,7.972147554277734,1.2359949390384175,0.8,414.0
684113,668.0349333333344,28,7.2339913327547,1.2987768327257987,0.8,823.0
684114,1058.7331555555638,26,4.863473380094069,1.4687746031745672,0.8,1200.0
684115,196.88673333333313,22,10.589897201733807,1.0898274209012433,0.8,298.0
684116,453.9497777777794,23,10.484939964716311,1.093757748122219,0.8,653.0
684117,224.62564444444413,25,8.946683347761441,1.17488198757764,0.8,345.0
684118,398.0023333333349,25,9.404078563730604,1.1617322050771528,0.8,574.0
684119,999.5651555555442,25,6.306777331818207,1.3805563492063493,0.8,1200.0
684120,195.93546666666685,20,12.823332869857643,0.9409050576752434,0.8,322.0
684121,368.51711111111325,23,10.161689881628615,1.1244071299405844,0.8,553.0
684122,214.69537777777697,22,12.076166983374199,0.9860592808551989,0.8,392.0
684123,110.58742222222236,18,13.755298709443526,0.870283196979235,0.8,227.0
684124,132.5721999999999,13,20.873917903843108,0.5063991439272342,0.8,356.0
684125,139.80773333333323,14,22.601032060890336,0.42033977738722966,0.8,569.0
684126,335.12528888888784,25,13.011428933118083,0.972844887955182,0.8,544.0
684127,467.04395555555965,22,14.705328711404434,0.8893356562137066,0.8,820.0
684128,425.6940888888901,24,14.58490940671458,0.8930913835023433,0.8,803.0
684129,-1.5508666666666677,1,28.532258064516128,0.05551459293396296,0.8,62.0
684130,135.50595555555506,12,22.252951285814692,0.4384823490597161,0.8,433.0
684131,406.9052444444446,23,14.530641573696133,0.891929757097994,0.8,743.0
684132,-5.43884444444444,2,28.19745726507769,0.08809523809514018,0.8,152.0
684133,266.984622222222,19,20.051050140641934,0.5702560967325582,0.8,701.0
684134,319.9563777777768,22,16.02197274590869,0.8041144659756655,0.8,634.0
684135,459.82602222222283,26,14.125087337006352,0.9199889608108792,0.8,949.0
684136,419.05502222222435,24,15.690922351574962,0.8182866595769818,0.8,806.0
684137,355.0763333333347,20,16.34843103196793,0.7903183596384745,0.8,706.0
684138,84.75235555555584,9,23.33764094080549,0.36983905757424923,0.8,287.0
684139,367.42195555555463,26,12.72652370928317,0.9912083036209488,0.8,601.0
684140,175.97864444444502,17,18.571795368462134,0.6410639210639199,0.8,444.0
684141,268.2489333333332,19,17.813934044054843,0.6972972504120046,0.8,549.0
684142,457.81971111111034,26,12.918112024451279,0.9867619047619046,0.8,730.0
684143,630.8338222222185,30,10.47026585610941,1.1339424141749708,0.8,860.0
684144,150.646,17,17.446198380326017,0.7060509031198692,0.8,348.0
684145,345.7355777777804,20,14.256118233156329,0.9128893772893637,0.8,650.0
684146,296.74924444444343,26,12.85886502182457,0.9690621666181405,0.8,491.0
684147,111.79148888888913,11,22.90894825001781,0.3936839199447894,0.8,345.0
684148,386.27317777777677,21,18.854035900351796,0.646189443239334,0.8,922.0
684149,143.23619999999988,18,18.555514002628502,0.6354259974259521,0.8,370.0
684150,354.283933333334,27,15.080513051794801,0.8507825295723385,0.8,628.0
684151,396.2450444444438,24,14.321965923874409,0.9026931850584541,0.8,668.0
684152,-2.5898666666666648,1,28.694736842105264,0.05707268170426059,0.8,95.0
684153,205.60711111111183,17,18.765805219310376,0.6443148338472076,0.8,556.0
684154,406.50855555555495,27,12.551841438833996,1.000039810136273,0.8,622.0
684155,561.423266666666,23,15.710722036350809,0.8331985624438286,0.8,1060.0
684156,-10.153422222222211,3,27.527308234944748,0.13171650055370987,0.8,215.0
684157,95.16931111111086,8,23.931366902122512,0.3353510895883777,0.8,295.0
684158,288.4816444444423,20,16.674937726737078,0.7650205576736187,0.8,637.0
684159,284.9990222222231,24,12.162386895556025,1.0162693086183014,0.8,447.0
684160,-5.690666666666664,2,28.257506026353937,0.08722863058266787,0.8,161.0
684161,783.3986888889085,28,7.838268146857884,1.3056277777777883,0.8,1200.0
684162,214.23728888888917,19,18.009588730696162,0.6800343018563355,0.8,472.0
684163,280.9669555555558,17,18.10823601482023,0.6804041304509325,0.8,641.0
684164,50.89586666666664,5,26.291046586058975,0.19953238953238928,0.8,222.0
684165,365.2707333333329,26,14.48018253233477,0.8838881471592002,0.8,642.0
684166,104.97895555555593,10,23.738390486231353,0.349429747207525,0.8,405.0
684167,380.34242222222105,21,16.605368094831352,0.7741721275666221,0.8,763.0
684168,100.22073333333361,11,21.184427758486255,0.4935851493139626,0.8,295.0
684169,184.23151111111085,18,17.01900407671858,0.7354086709310618,0.8,402.0
684170,144.04813333333286,13,21.191285469576226,0.4961781396496423,0.8,386.0
684171,128.48013333333367,14,20.401502239908304,0.5359856630823921,0.8,372.0
684172,304.9356000000016,21,18.9677239282603,0.6242449355432778,0.8,724.0
684173,767.5070222222395,20,12.356779496507754,1.027242857142878,0.8,1200.0
684174,375.6001333333317,26,9.59557944551376,1.160649350649352,0.8,528.0
684175,298.64233333333556,19,16.83586268383514,0.7426796058075678,0.8,633.0
684176,529.0095111111106,28,10.633885564202963,1.1071788305591148,0.8,781.0
684177,468.6284666666651,24,11.596160893265338,1.048771602635833,0.8,766.0
684178,235.0162222222217,22,14.246326763961994,0.8823062139653937,0.8,446.0
684179,307.09446666666656,27,13.140898431623528,0.9501015990812108,0.8,539.0
684180,209.30837777777762,19,17.079752941622917,0.7261656314700025,0.8,460.0
684181,893.5521111111268,25,9.728007065613856,1.1757285714285715,0.8,1200.0
684182,304.94771111111123,24,9.785004379961945,1.1543714285714313,0.8,500.0
684183,441.4932666666654,26,11.171917129553213,1.0757573192239838,0.8,675.0
684184,109.0946666666664,14,19.302919551824484,0.5709890109889663,0.8,273.0
684185,190.55588888888832,16,18.288362047363997,0.6497527862208352,0.8,470.0
684186,260.72228888888765,22,13.230989394907878,0.940079009182148,0.8,446.0
684187,152.63928888888836,17,16.6348170695567,0.7524467245461717,0.8,362.0
684188,196.87460000000038,15,19.153523925935847,0.6103430185633636,0.8,472.0
684189,320.3121555555567,25,12.460331299986413,0.9935910794260131,0.8,521.0
684190,268.6350222222227,22,17.110005678685113,0.7193465415363226,0.8,548.0
684191,162.05146666666695,17,17.92079741776321,0.6647907647907647,0.8,363.0
684192,208.0588222222225,19,14.774096285569344,0.8634395183360695,0.8,435.0
684193,313.8459555555572,23,15.013459874257796,0.840979836979836,0.8,555.0
684194,159.16173333333316,13,20.27045348747008,0.5396668710402616,0.8,466.0
684195,79.56784444444456,9,23.5092043796049,0.3440778416629815,0.8,323.0
684196,401.6083999999993,24,11.382836224025972,1.0624341957255352,0.8,635.0
684197,86.1299111111111,12,19.81932057627457,0.552433137638617,0.8,219.0
684198,-5.065044444444443,3,26.554552007274904,0.1554324586978722,0.8,98.0
684199,479.5861333333358,25,12.998137744317447,0.9707539170506919,0.8,775.0
684200,529.0880000000018,29,10.092973055759105,1.141671633883039,0.8,719.0
684201,81.66344444444455,12,20.40395342619087,0.511563067975282,0.8,262.0
684202,275.86599999999993,24,14.82103379035338,0.849263900491971,0.8,513.0
684203,283.28962222222316,27,11.398274058465152,1.0478628240884207,0.8,461.0
684204,900.0516666666612,29,10.52961501100855,1.1303015879432863,0.8,1200.0
684205,488.1273777777788,27,11.187932119052077,1.080535399344958,0.8,756.0
684206,290.0365555555563,28,8.563952410093949,1.2038415159345395,0.8,387.0
684207,223.25486666666657,16,18.353756291209653,0.6528079457903689,0.8,513.0
684208,336.15775555555655,27,11.439345264242107,1.055485926712693,0.8,538.0
684209,609.141044444428,17,13.88301096466436,0.9290936507936387,0.8,1200.0
684210,450.3481111111101,26,11.25450574799499,1.0694943977591005,0.8,680.0
684211,512.2657333333331,27,12.602641537839316,0.9980183377698898,0.8,805.0
684212,375.9899999999994,24,12.258398971693088,1.0215095165171737,0.8,653.0
684213,167.61362222222186,16,17.09411296487044,0.7158233859581565,0.8,371.0
684214,991.7998444444502,25,8.096338469129348,1.2881507936507937,0.8,1200.0
684215,435.71940000000154,28,8.653606373653437,1.2109392898052715,0.8,582.0
684216,357.52893333333344,29,10.55933368084492,1.1062100213219617,0.8,536.0
684217,228.78626666666605,20,17.399132982184135,0.7061017272640511,0.8,499.0
684218,285.53537777777694,23,13.181744525190316,0.9453496712492528,0.8,478.0
684219,384.0334666666654,25,15.198751592318526,0.8455810257350698,0.8,779.0
684220,269.0023111111114,24,13.827113129652917,0.9191467864159409,0.8,509.0
684221,296.90497777777716,21,15.027489079149536,0.8342246642246646,0.8,546.0
684222,157.34855555555538,16,16.97300229748365,0.7184299319727893,0.8,350.0
684223,272.70386666666604,20,14.65330463537744,0.8675455182072829,0.8,544.0
684224,207.59275555555521,22,12.784402461806927,0.9514816366429273,0.8,341.0
684225,361.9073111111115,27,10.694690639094839,1.091267550319063,0.8,485.0
684226,406.11246666666705,25,10.204608728251864,1.1343115474037722,0.8,553.0
684227,1188.3689999999817,28,4.384943170587349,1.4998833333333499,0.8,1200.0
684228,651.8003777777794,27,10.308216143737871,1.131807169829825,0.8,971.0
684229,621.3039999999986,29,6.412968362729235,1.3672041098597119,0.8,723.0
684230,280.36873333333324,26,9.850807689788974,1.1255727762803245,0.8,424.0
684231,222.1739111111116,24,9.483420856765175,1.1403305322128847,0.8,340.0
684232,179.02393333333322,24,10.185171311553747,1.089752779160386,0.8,287.0
684233,336.8611555555569,23,11.84825813998757,1.015484943977591,0.8,544.0
684234,266.2179777777775,24,10.653232253978546,1.0960466383349685,0.8,437.0
684235,214.60659999999967,22,12.851417998277237,0.9457012035583465,0.8,364.0
684236,311.33886666666467,25,9.167317135840701,1.1828203358638143,0.8,414.0
684237,353.2881777777764,28,7.8615420015301956,1.2517936874518842,0.8,433.0
684238,402.0216000000026,21,13.44306450010016,0.9449847094801223,0.8,654.0
684239,295.8918888888876,24,11.76072033230271,1.0285422740524788,0.8,490.0
684240,190.17422222222194,21,13.433748817905075,0.9127291037260827,0.8,331.0
684241,457.1565999999992,26,9.506115274422648,1.1835566226490535,0.8,595.0
684242,273.63295555555595,24,12.691257297004128,0.9720456972026474,0.8,446.0
684243,402.56677777777537,24,10.838737859665446,1.1094029732093178,0.8,599.0
684244,95.99020000000004,8,21.97669092415729,0.41196878751488886,0.8,238.0
684245,242.3220222222226,23,11.588428305405218,1.0303099017384723,0.8,378.0
684246,364.68320000000153,24,12.320436821587107,0.9952785846316367,0.8,541.0
684247,270.94160000000005,23,11.606399039350434,1.0261207311207314,0.8,396.0
684248,526.4964888888893,14,16.35702409308023,0.7921666666666745,0.8,1200.0
684249,772.1924666666487,20,10.64239679893373,1.1224484126984366,0.8,1200.0
684250,305.40697777777876,28,8.68857066873473,1.2005371248025283,0.8,422.0
684251,181.84368888888844,19,14.595185868236493,0.8535384183171787,0.8,339.0
684252,222.09855555555504,20,14.273922910256113,0.8703226645849137,0.8,366.0
684253,400.0369777777797,27,7.782614104360891,1.2663132674453428,0.8,477.0
684254,299.1280666666665,27,9.661630964228745,1.1474463118580833,0.8,408.0
684255,335.8197333333332,23,10.971214002660137,1.0735142857142863,0.8,500.0
684256,334.40593333333095,22,12.703558607179446,0.9858654073199525,0.8,605.0
684257,187.80602222222177,22,13.038838217896439,0.9316993762361179,0.8,313.0
684258,188.36186666666643,19,14.409483653189676,0.8588711484593965,0.8,340.0
684259,144.26442222222207,18,14.806197763810104,0.8310834577733545,0.8,287.0
684260,305.1896666666657,26,11.354548929176074,1.0441691782198124,0.8,474.0
684261,1016.2772888889086,25,7.129785371708365,1.3399785714285712,0.8,1200.0
684262,360.5041999999991,26,10.19057046118469,1.1275689223057623,0.8,513.0
684263,205.37053333333247,24,11.231700979161175,1.0427271352985636,0.8,315.0
684264,212.24251111111067,18,16.006744168153027,0.7678375061364319,0.8,388.0
684265,221.27335555555422,19,13.82731184634613,0.91035502241609,0.8,393.0
684266,606.3669555555488,16,14.580192472674469,0.8948087301587435,0.8,1200.0
684267,389.66426666666445,28,7.463820923851176,1.2777581120943935,0.8,452.0
684268,397.77375555555466,26,9.610744562419875,1.1717395888244608,0.8,542.0
684269,113.77644444444464,18,15.6538906711193,0.7671246200607916,0.8,235.0
684270,397.4610222222213,22,12.737879340409792,0.974149211579198,0.8,607.0
684271,238.49275555555468,23,13.138353509766851,0.940437118437119,0.8,390.0
684272,316.2830666666679,25,10.347760850932058,1.1031348250143427,0.8,415.0
684273,329.960555555555,24,11.546075370798548,1.0347280770231608,0.8,549.0
684274,250.1983111111112,27,7.884339896903689,1.239112087912089,0.8,325.0
684275,180.14122222222255,24,9.55632435193841,1.1339989759344595,0.8,279.0
684276,601.6346888888891,25,6.6236131509819325,1.3300437798881943,0.8,707.0
684277,243.64064444444426,23,9.911069886113326,1.1074316519060465,0.8,371.0
684278,241.78508888888976,25,10.057224343822263,1.086125225600464,0.8,343.0
684279,189.98242222222294,21,11.410377487645054,0.9909191583610184,0.8,301.0
684280,262.4557111111117,26,10.054700246504838,1.110312605042017,0.8,425.0
684281,168.83353333333292,21,11.289133423816914,1.012434988179668,0.8,282.0
684282,245.3432222222223,25,9.174151164459715,1.1686477320898694,0.8,337.0
684283,628.3607777777872,15,14.228839926108364,0.8664571428571283,0.8,1200.0
684284,342.7133777777766,30,6.224915092741371,1.3448959778085998,0.8,412.0
684285,263.7564888888894,28,7.173334626240945,1.2659628543499013,0.8,341.0
684286,255.24468888888907,26,8.570926640617358,1.1952504960317454,0.8,384.0
684287,258.42015555555497,23,10.527590071121617,1.088910840932118,0.8,376.0
684288,179.6755555555558,20,11.97356687585112,0.9957788018433172,0.8,310.0
684289,215.99922222222142,25,9.108198150708189,1.159389266817838,0.8,315.0
684290,334.33268888889,27,8.392148771661908,1.2109357309357316,0.8,429.0
684291,223.05679999999998,25,8.672882380340042,1.1818986764034687,0.8,313.0
684292,353.1151333333324,26,8.92967277612019,1.194575252663207,0.8,523.0
684293,265.51264444444564,27,8.117314750922468,1.21977982590886,0.8,372.0
684294,1161.939533333312,26,4.9009746631664965,1.4686801587301226,0.8,1200.0
684295,307.16068888888805,27,7.403114298527613,1.2792581453634737,0.8,380.0
684296,196.74602222222282,22,11.11287147491107,1.0284887368120899,0.8,334.0
684297,804.8110888888684,21,9.248308433256607,1.190144444444438,0.8,1200.0
684298,238.41908888888963,23,9.861283299966704,1.1294070831675305,0.8,359.0
684299,221.74262222222129,25,8.795598676551855,1.1616697191697187,0.8,312.0
684300,1282.2295555555897,29,2.5974768598519407,1.6111849206349265,0.8,1200.0
684301,300.8220888888904,23,10.735315949284303,1.0783105421394625,0.8,491.0
684302,209.10179999999937,21,11.176736103023721,1.0568836291913213,0.8,338.0
684303,186.01193333333288,25,9.920661204731642,1.0936396936396942,0.8,286.0
684304,142.37115555555567,19,13.786532832294778,0.8674264312466624,0.8,267.0
684305,1107.239111111108,25,5.4224543704316455,1.4235674603174604,0.8,1200.0
684306,381.9657999999997,29,7.229877469519561,1.2926311705945115,0.8,491.0
684307,910.6972444444569,22,8.166992188108384,1.2470238095238069,0.8,1200.0
684308,338.3732222222214,26,7.986474764331126,1.2410415307675566,0.8,438.0
684309,218.01682222222232,24,9.261804741985157,1.1400774526678141,0.8,332.0
684310,267.1370222222217,25,8.270477367526286,1.2017101336447384,0.8,367.0
684311,285.82993333333303,22,10.83060918458484,1.066010533245557,0.8,434.0
684312,141.09204444444447,24,10.348173161549465,1.0607685236256659,0.8,259.0
684313,292.7539777777781,28,7.267531700145434,1.2827689594356266,0.8,378.0
684314,922.2180000000016,22,8.191038441724592,1.2594126984126939,0.8,1200.0
684315,1101.533266666678,26,4.720684849045973,1.4721579365079,0.8,1200.0
684316,459.29551111110925,26,7.414575692440504,1.285402474156919,0.8,562.0
684317,236.07559999999899,20,13.11985362744497,0.9158327946562856,0.8,442.0
684318,464.3108444444449,27,8.17780687837443,1.2383469616802953,0.8,594.0
684319,282.0921777777777,27,7.170914705724132,1.2815891313297658,0.8,347.0
684320,224.25239999999982,26,8.386637176070757,1.188248694826768,0.8,301.0
684321,164.87395555555517,22,10.926710018060215,1.0357514353259079,0.8,282.0
684322,218.28264444444466,20,12.085879632747783,0.9714755720470004,0.8,385.0
684323,313.16700000000105,26,8.43381016771869,1.1956162804104695,0.8,413.0
684324,341.78744444444453,25,17.79109788904962,0.6987696819022117,0.8,747.0
684325,256.14279999999985,20,17.003701009681176,0.7367015995587421,0.8,518.0
