683325,113.26096774193543,5,26,0.9462789724150811,0.7968000000000001,391.0
683326,382.6148387096784,25,6,1.1152533224980914,0.7936128,693.0
683327,289.3129032258062,26,5,1.00849992456368,0.7904383488,670.0
683328,605.3048387096761,27,4,1.0833572544224939,0.7872765954048,1200.0
683329,460.3109677419356,18,13,1.1291766676489845,0.7841274890231809,864.0
683330,364.580967741935,28,3,1.0618663962673902,0.7809909790670881,794.0
683331,206.4983870967742,23,8,1.0798828230890523,0.7778670151508198,485.0
683332,165.29419354838706,13,18,1.0543747193016775,0.7747555470902165,404.0
683333,590.2138709677469,31,0,1.0852811887470906,0.7716565249018555,1157.0
683334,74.23709677419345,4,27,0.8499447692972039,0.7685698988022481,248.0
683335,483.4032258064537,30,1,1.1023175658145958,0.7654956192070391,840.0
683336,324.44548387096745,27,4,1.1194564304892998,0.762433636730211,619.0
683337,444.5016129032266,29,2,1.1402463701882632,0.7593839021832902,861.0
683338,329.9306451612903,21,10,1.1009531970281736,0.756346366574557,638.0
683339,414.1929032258064,24,7,1.1393591584348857,0.7533209811082587,742.0
683340,62.26193548387101,5,26,0.8857535743126669,0.7503076971838257,196.0
683341,343.4587096774195,28,3,1.132095923197503,0.7473064663950905,674.0
683342,596.6387096774173,25,5,1.1598906409732692,0.7443172405295101,1200.0
683343,304.85967741935565,30,1,1.1105322236810404,0.7413399715673921,554.0
683344,364.5609677419355,22,9,1.0451641508273153,0.7383746116811225,761.0
683345,17.08903225806451,1,30,0.8128147623734917,0.735421113234398,64.0
683346,315.5612903225804,18,13,1.1158740729873047,0.7324794287814603,752.0
683347,26.10258064516133,1,30,0.7633335763333963,0.7295495110663346,96.0
683348,457.94322580645235,22,9,1.1812804666456453,0.7266313130220692,891.0
683349,201.7870967741935,14,17,1.2269757405114732,0.723724787769981,399.0
683350,634.9093548387102,29,2,1.1487213342257103,0.720829888618901,1172.0
683351,575.8774193548409,16,15,1.21406355858703,0.7179465690644253,1200.0
683352,142.07225806451598,11,20,1.1560730019397139,0.7150747827881676,379.0
683353,652.2890322580647,28,3,1.1991272547283998,0.712214483657015,995.0
683354,135.12354838709692,12,19,1.0667925119332875,0.7093656257223869,417.0
683355,18.123225806451618,1,30,0.7427711600795835,0.7065281632194974,57.0
683356,389.14419354838634,22,9,1.107334444681335,0.7037020505666194,767.0
683357,779.2299999999999,30,1,1.205457719586923,0.7008872423643528,1200.0
683358,440.36419354838597,27,4,1.2178268228352052,0.6980836933948955,721.0
683359,22.881935483870986,1,30,0.7270297199318929,0.6952913586213159,80.0
683360,188.49193548387092,14,17,1.099491262769124,0.6925101931868306,440.0
683361,465.53967741935475,28,3,1.1459081187173394,0.6897401524140833,809.0
683362,23.222580645161315,1,30,0.7991265056982992,0.686981191804427,79.0
683363,309.241935483871,18,13,1.1402520423455584,0.6842332670372092,664.0
683364,418.8441935483865,27,4,1.1921708002880957,0.6814963339690605,759.0
683365,26.188709677419354,1,30,0.7968606574830531,0.6787703486331842,80.0
683366,13.799677419354827,1,30,0.721004434582311,0.6760552672386515,57.0
683367,304.4061290322579,28,3,1.1909005288622647,0.6733510461696968,583.0
683368,286.86645161290363,23,8,1.0718525986871945,0.6706576419850181,579.0
683369,690.1480645161303,31,0,1.2714842586988893,0.667975011417078,977.0
683370,318.7529032258058,26,5,1.2427223001726782,0.6653031113714096,638.0
683371,24.54935483870971,1,30,0.8679367988084459,0.6626418989259241,78.0
683372,329.4519354838717,31,0,1.147498958012575,0.6599913313302204,562.0
683373,37.82645161290324,1,30,0.8131318033466957,0.6573513660048995,121.0
683374,29.776774193548448,1,30,0.8579016515920412,0.6547219605408798,97.0
683375,337.92354838709724,20,11,1.2385626822889835,0.6521030726987163,629.0
683376,254.07806451612936,17,14,1.1749561673360638,0.6494946604079215,529.0
683377,776.2538709677391,20,11,1.3164305968715169,0.6468966817662898,1200.0
683378,357.2538709677422,26,5,1.1846989656141613,0.6443090950392246,566.0
683379,347.0896774193557,13,18,1.2950173567767784,0.6417318586590677,640.0
683380,457.0738709677424,25,6,1.2557999441579732,0.6391649312244314,819.0
683381,792.2974193548496,30,1,1.2296905138440768,0.6366082714995337,1200.0
683382,573.3603225806446,27,4,1.3033500879035602,0.6340618384135356,929.0
683383,284.1574193548383,22,9,1.232420267847966,0.6315255910598814,475.0
683384,865.328387096776,22,8,1.2908170757949844,0.6289994886956419,1200.0
683385,215.37225806451576,18,13,1.1893059424389065,0.6264834907408594,398.0
683386,382.2477419354884,1,30,0.7619851875735846,0.6239775567778959,1200.0
683387,823.9116129032262,27,4,1.2699919566869091,0.6214816465507843,1200.0
683388,435.07870967741883,28,3,1.194373265325366,0.6189957199645812,699.0
683389,371.48806451612955,21,10,1.2619479641404332,0.6165197370847229,649.0
683390,196.0674193548386,15,16,1.2244719397051604,0.6140536581363839,440.0
683391,266.86258064516187,23,8,1.1595423270213547,0.6115974435038384,505.0
683392,672.0409677419381,30,1,1.2477729156646171,0.609151053729823,1048.0
683393,616.746451612904,31,0,1.2484245579681903,0.6067144495149037,988.0
683394,465.04516129032294,30,1,1.134468952322424,0.6042875917168442,878.0
683395,287.67161290322616,22,9,1.195767753256028,0.6018704413499768,627.0
683396,715.0032258064552,19,12,1.328339937113117,0.5994629595845768,1200.0
683397,22.31290322580647,1,30,0.7497524769893242,0.5970651077462386,70.0
683398,117.44419354838718,7,24,0.9155028454539225,0.5946768473152536,359.0
683399,28.290967741935525,1,30,0.7913567088035717,0.5922981399259926,87.0
683400,124.15903225806467,10,21,1.2071934038999048,0.5899289473662885,303.0
683401,497.29967741935536,24,7,1.279314934899957,0.5875692315768234,780.0
683402,77.26580645161279,3,28,0.7575371293792428,0.5852189546505161,242.0
683403,22.437419354838728,1,30,0.6782849436902172,0.5828780788319141,73.0
683404,19.95548387096775,1,30,0.8696332052393657,0.5805465665165864,64.0
683405,427.68322580645156,21,10,1.242687698465771,0.57822438025052,765.0
683406,40.45225806451613,1,30,0.7973076740856665,0.575911482729518,126.0
683407,88.8306451612903,5,26,0.8116829081216246,0.5736078367986,257.0
683408,31.359354838709727,1,30,0.68201959901633,0.5713134054514055,101.0
683409,429.0303225806451,29,2,1.2451569383149677,0.5690281518295999,680.0
683410,20.832903225806465,1,30,0.6995055242389672,0.5667520392222815,66.0
683411,244.58870967741925,18,13,1.2658830190228914,0.5644850310653923,486.0
683412,30.633225806451662,1,30,0.7673406333955776,0.5622270909411308,90.0
683413,28.6187096774194,1,30,0.7935303032335749,0.5599781825773662,88.0
683414,28.096129032258066,1,30,0.7966924884826505,0.5577382698470568,84.0
683415,818.9738709677374,23,8,1.3453786968978696,0.5555073167676685,1200.0
683416,88.50806451612902,6,25,1.0680251289148803,0.5532852875005979,212.0
683417,351.2248387096769,24,7,1.2326106393484024,0.5510721463505955,647.0
683418,429.9506451612913,25,6,1.302363795508488,0.5488678577651931,720.0
683419,151.3409677419354,17,14,1.119906719126668,0.5466723863341323,344.0
683420,354.41096774193517,20,11,1.3120800667705617,0.5444856967887958,665.0
683421,773.7329032258078,25,4,1.3668061766726074,0.5423077540016407,1200.0
683422,17.36838709677419,1,30,0.6834258746384471,0.540138522985634,55.0
683423,51.040645161290236,1,30,0.6728932843222143,0.5379779688936915,156.0
683424,34.20129032258067,1,30,0.636899387779743,0.5358260570181167,101.0
683425,493.54225806451785,24,7,1.2817628843422262,0.5336827527900443,933.0
1862494979,24.521935483871,1,30,0.8942842807498611,0.7968000000000001,84.0
1862541202,737.5254838709685,24,7,1.1808976489381002,0.7968000000000001,1200.0
